{
 "type": "FeatureCollection",
 "name": "semantic_landscape_layout",
 "description": "Density-summarised outlines of the 106 micro-clusters in the SPECTER/UMAP embedding space, as published in Figure 1 of the manuscript. Coordinates are figure units with y pointing up and the origin at the lower-left corner of the map; only relative position, size and shape carry meaning.",
 "features": [
  {
   "type": "Feature",
   "properties": {
    "code": "000",
    "h1": 0,
    "h2": 0,
    "h3": 0,
    "macro": "Computer Science",
    "meso": "Computer Vision & Image Processing",
    "micro": "Image Generation & Segmentation",
    "label_x": 408.45,
    "label_y": 341.72
   },
   "geometry": {
    "type": "Polygon",
    "coordinates": [
     [
      [
       403.1,
       316.95
      ],
      [
       405.03,
       316.39
      ],
      [
       406.98,
       316.07
      ],
      [
       408.91,
       315.97
      ],
      [
       410.85,
       316.07
      ],
      [
       412.79,
       316.36
      ],
      [
       414.72,
       316.86
      ],
      [
       415.18,
       317.03
      ],
      [
       416.66,
       317.54
      ],
      [
       418.6,
       318.46
      ],
      [
       419.58,
       319.06
      ],
      [
       420.53,
       319.66
      ],
      [
       422.38,
       321.1
      ],
      [
       422.47,
       321.18
      ],
      [
       424.41,
       323.08
      ],
      [
       424.46,
       323.14
      ],
      [
       426.11,
       325.18
      ],
      [
       426.35,
       325.54
      ],
      [
       427.44,
       327.21
      ],
      [
       428.29,
       328.84
      ],
      [
       428.5,
       329.24
      ],
      [
       429.38,
       331.29
      ],
      [
       430.01,
       333.32
      ],
      [
       430.22,
       334.31
      ],
      [
       430.48,
       335.35
      ],
      [
       430.77,
       337.39
      ],
      [
       430.88,
       339.43
      ],
      [
       430.8,
       341.46
      ],
      [
       430.53,
       343.5
      ],
      [
       430.22,
       344.84
      ],
      [
       430.07,
       345.54
      ],
      [
       429.45,
       347.57
      ],
      [
       428.57,
       349.61
      ],
      [
       428.29,
       350.13
      ],
      [
       427.47,
       351.64
      ],
      [
       426.35,
       353.32
      ],
      [
       426.09,
       353.68
      ],
      [
       424.42,
       355.72
      ],
      [
       424.41,
       355.73
      ],
      [
       422.47,
       357.68
      ],
      [
       422.39,
       357.75
      ],
      [
       420.53,
       359.31
      ],
      [
       419.88,
       359.79
      ],
      [
       418.6,
       360.69
      ],
      [
       416.67,
       361.83
      ],
      [
       416.66,
       361.83
      ],
      [
       414.72,
       362.84
      ],
      [
       412.79,
       363.62
      ],
      [
       412.03,
       363.86
      ],
      [
       410.85,
       364.27
      ],
      [
       408.91,
       364.76
      ],
      [
       406.98,
       365.09
      ],
      [
       405.03,
       365.25
      ],
      [
       403.1,
       365.25
      ],
      [
       401.16,
       365.08
      ],
      [
       399.22,
       364.72
      ],
      [
       397.29,
       364.14
      ],
      [
       396.61,
       363.86
      ],
      [
       395.35,
       363.36
      ],
      [
       393.41,
       362.28
      ],
      [
       392.78,
       361.83
      ],
      [
       391.48,
       360.85
      ],
      [
       390.35,
       359.79
      ],
      [
       389.53,
       358.93
      ],
      [
       388.6,
       357.75
      ],
      [
       387.6,
       356.21
      ],
      [
       387.31,
       355.72
      ],
      [
       386.34,
       353.68
      ],
      [
       385.66,
       351.64
      ],
      [
       385.16,
       349.61
      ],
      [
       384.88,
       347.57
      ],
      [
       384.77,
       345.54
      ],
      [
       384.82,
       343.5
      ],
      [
       385.03,
       341.46
      ],
      [
       385.39,
       339.43
      ],
      [
       385.66,
       338.36
      ],
      [
       385.88,
       337.39
      ],
      [
       386.5,
       335.35
      ],
      [
       387.29,
       333.32
      ],
      [
       387.6,
       332.65
      ],
      [
       388.22,
       331.29
      ],
      [
       389.32,
       329.24
      ],
      [
       389.53,
       328.89
      ],
      [
       390.58,
       327.21
      ],
      [
       391.48,
       325.97
      ],
      [
       392.08,
       325.18
      ],
      [
       393.41,
       323.59
      ],
      [
       393.84,
       323.14
      ],
      [
       395.35,
       321.63
      ],
      [
       395.98,
       321.1
      ],
      [
       397.29,
       320.02
      ],
      [
       398.72,
       319.06
      ],
      [
       399.22,
       318.73
      ],
      [
       401.16,
       317.69
      ],
      [
       402.91,
       317.03
      ],
      [
       403.1,
       316.95
      ]
     ]
    ]
   }
  },
  {
   "type": "Feature",
   "properties": {
    "code": "001",
    "h1": 0,
    "h2": 0,
    "h3": 1,
    "macro": "Computer Science",
    "meso": "Computer Vision & Image Processing",
    "micro": "Face & Fingerprint Recognition",
    "label_x": 476.5,
    "label_y": 336.31
   },
   "geometry": {
    "type": "Polygon",
    "coordinates": [
     [
      [
       474.97,
       306.96
      ],
      [
       477.07,
       306.61
      ],
      [
       479.16,
       306.43
      ],
      [
       481.26,
       306.44
      ],
      [
       483.36,
       306.62
      ],
      [
       485.45,
       307.0
      ],
      [
       486.61,
       307.32
      ],
      [
       487.55,
       307.56
      ],
      [
       489.64,
       308.29
      ],
      [
       491.25,
       309.02
      ],
      [
       491.73,
       309.24
      ],
      [
       493.83,
       310.37
      ],
      [
       494.41,
       310.73
      ],
      [
       495.93,
       311.7
      ],
      [
       496.99,
       312.43
      ],
      [
       498.02,
       313.21
      ],
      [
       499.23,
       314.12
      ],
      [
       500.12,
       314.91
      ],
      [
       501.23,
       315.83
      ],
      [
       502.21,
       316.82
      ],
      [
       502.99,
       317.53
      ],
      [
       504.3,
       319.11
      ],
      [
       504.43,
       319.24
      ],
      [
       505.67,
       320.94
      ],
      [
       506.4,
       322.53
      ],
      [
       506.46,
       322.65
      ],
      [
       507.03,
       324.35
      ],
      [
       507.3,
       326.05
      ],
      [
       507.33,
       327.75
      ],
      [
       507.16,
       329.46
      ],
      [
       506.86,
       331.16
      ],
      [
       506.4,
       332.86
      ],
      [
       505.93,
       334.57
      ],
      [
       505.36,
       336.27
      ],
      [
       504.67,
       337.98
      ],
      [
       504.3,
       338.73
      ],
      [
       503.93,
       339.68
      ],
      [
       503.14,
       341.38
      ],
      [
       502.21,
       343.03
      ],
      [
       502.18,
       343.08
      ],
      [
       501.25,
       344.79
      ],
      [
       500.12,
       346.46
      ],
      [
       500.09,
       346.49
      ],
      [
       498.92,
       348.19
      ],
      [
       498.02,
       349.29
      ],
      [
       497.55,
       349.9
      ],
      [
       495.99,
       351.6
      ],
      [
       495.93,
       351.67
      ],
      [
       494.3,
       353.3
      ],
      [
       493.83,
       353.73
      ],
      [
       492.38,
       355.0
      ],
      [
       491.73,
       355.52
      ],
      [
       490.18,
       356.71
      ],
      [
       489.64,
       357.11
      ],
      [
       487.68,
       358.41
      ],
      [
       487.55,
       358.5
      ],
      [
       485.45,
       359.76
      ],
      [
       484.76,
       360.12
      ],
      [
       483.36,
       360.87
      ],
      [
       481.26,
       361.8
      ],
      [
       481.2,
       361.82
      ],
      [
       479.16,
       362.65
      ],
      [
       477.07,
       363.31
      ],
      [
       476.16,
       363.53
      ],
      [
       474.97,
       363.84
      ],
      [
       472.88,
       364.22
      ],
      [
       470.78,
       364.43
      ],
      [
       468.68,
       364.46
      ],
      [
       466.6,
       364.32
      ],
      [
       464.5,
       363.98
      ],
      [
       462.69,
       363.53
      ],
      [
       462.41,
       363.45
      ],
      [
       460.31,
       362.77
      ],
      [
       458.21,
       361.86
      ],
      [
       458.14,
       361.82
      ],
      [
       456.12,
       360.79
      ],
      [
       454.95,
       360.12
      ],
      [
       454.02,
       359.53
      ],
      [
       452.41,
       358.41
      ],
      [
       451.93,
       358.03
      ],
      [
       450.33,
       356.71
      ],
      [
       449.83,
       356.22
      ],
      [
       448.64,
       355.0
      ],
      [
       447.74,
       353.85
      ],
      [
       447.32,
       353.3
      ],
      [
       446.29,
       351.6
      ],
      [
       445.64,
       350.07
      ],
      [
       445.57,
       349.9
      ],
      [
       445.03,
       348.19
      ],
      [
       444.72,
       346.49
      ],
      [
       444.59,
       344.79
      ],
      [
       444.62,
       343.08
      ],
      [
       444.79,
       341.38
      ],
      [
       445.1,
       339.68
      ],
      [
       445.54,
       337.98
      ],
      [
       445.64,
       337.66
      ],
      [
       446.05,
       336.27
      ],
      [
       446.65,
       334.57
      ],
      [
       447.38,
       332.86
      ],
      [
       447.74,
       332.14
      ],
      [
       448.16,
       331.16
      ],
      [
       449.0,
       329.46
      ],
      [
       449.83,
       328.0
      ],
      [
       449.96,
       327.75
      ],
      [
       450.89,
       326.05
      ],
      [
       451.93,
       324.47
      ],
      [
       452.0,
       324.35
      ],
      [
       453.08,
       322.65
      ],
      [
       454.02,
       321.38
      ],
      [
       454.33,
       320.94
      ],
      [
       455.65,
       319.24
      ],
      [
       456.12,
       318.72
      ],
      [
       457.11,
       317.53
      ],
      [
       458.21,
       316.42
      ],
      [
       458.78,
       315.83
      ],
      [
       460.31,
       314.46
      ],
      [
       460.68,
       314.12
      ],
      [
       462.41,
       312.77
      ],
      [
       462.86,
       312.43
      ],
      [
       464.5,
       311.31
      ],
      [
       465.46,
       310.73
      ],
      [
       466.6,
       310.07
      ],
      [
       468.68,
       309.05
      ],
      [
       468.75,
       309.02
      ],
      [
       470.78,
       308.16
      ],
      [
       472.88,
       307.49
      ],
      [
       473.6,
       307.32
      ],
      [
       474.97,
       306.96
      ]
     ]
    ]
   }
  },
  {
   "type": "Feature",
   "properties": {
    "code": "002",
    "h1": 0,
    "h2": 0,
    "h3": 2,
    "macro": "Computer Science",
    "meso": "Computer Vision & Image Processing",
    "micro": "Multimodal Vision & Transformer",
    "label_x": 440.58,
    "label_y": 366.41
   },
   "geometry": {
    "type": "Polygon",
    "coordinates": [
     [
      [
       423.38,
       347.95
      ],
      [
       425.92,
       347.89
      ],
      [
       428.47,
       347.96
      ],
      [
       429.84,
       348.07
      ],
      [
       431.01,
       348.14
      ],
      [
       433.56,
       348.41
      ],
      [
       436.1,
       348.76
      ],
      [
       438.65,
       349.19
      ],
      [
       441.19,
       349.67
      ],
      [
       443.74,
       350.25
      ],
      [
       444.07,
       350.32
      ],
      [
       446.28,
       350.87
      ],
      [
       448.35,
       351.46
      ],
      [
       448.83,
       351.6
      ],
      [
       451.38,
       352.4
      ],
      [
       451.89,
       352.59
      ],
      [
       453.92,
       353.34
      ],
      [
       454.86,
       353.72
      ],
      [
       456.47,
       354.41
      ],
      [
       457.39,
       354.85
      ],
      [
       459.01,
       355.69
      ],
      [
       459.55,
       355.98
      ],
      [
       461.41,
       357.11
      ],
      [
       461.56,
       357.21
      ],
      [
       463.06,
       358.25
      ],
      [
       464.11,
       359.09
      ],
      [
       464.46,
       359.38
      ],
      [
       465.7,
       360.51
      ],
      [
       466.65,
       361.54
      ],
      [
       466.75,
       361.64
      ],
      [
       467.69,
       362.77
      ],
      [
       468.47,
       363.91
      ],
      [
       469.1,
       365.04
      ],
      [
       469.19,
       365.25
      ],
      [
       469.65,
       366.17
      ],
      [
       470.07,
       367.3
      ],
      [
       470.37,
       368.43
      ],
      [
       470.55,
       369.56
      ],
      [
       470.6,
       370.7
      ],
      [
       470.53,
       371.83
      ],
      [
       470.33,
       372.96
      ],
      [
       469.99,
       374.09
      ],
      [
       469.5,
       375.22
      ],
      [
       469.19,
       375.77
      ],
      [
       468.86,
       376.36
      ],
      [
       468.05,
       377.49
      ],
      [
       467.04,
       378.61
      ],
      [
       466.65,
       379.0
      ],
      [
       465.8,
       379.75
      ],
      [
       464.24,
       380.88
      ],
      [
       464.11,
       380.97
      ],
      [
       462.19,
       382.01
      ],
      [
       461.56,
       382.31
      ],
      [
       459.22,
       383.15
      ],
      [
       459.01,
       383.21
      ],
      [
       456.47,
       383.8
      ],
      [
       453.92,
       384.11
      ],
      [
       451.38,
       384.21
      ],
      [
       448.83,
       384.14
      ],
      [
       446.28,
       383.91
      ],
      [
       443.74,
       383.54
      ],
      [
       441.78,
       383.15
      ],
      [
       441.19,
       383.04
      ],
      [
       438.65,
       382.43
      ],
      [
       437.2,
       382.01
      ],
      [
       436.1,
       381.71
      ],
      [
       433.58,
       380.88
      ],
      [
       433.56,
       380.87
      ],
      [
       431.01,
       379.95
      ],
      [
       430.52,
       379.75
      ],
      [
       428.47,
       378.9
      ],
      [
       427.83,
       378.61
      ],
      [
       425.92,
       377.73
      ],
      [
       425.42,
       377.49
      ],
      [
       423.38,
       376.41
      ],
      [
       423.26,
       376.36
      ],
      [
       421.31,
       375.22
      ],
      [
       420.83,
       374.93
      ],
      [
       419.52,
       374.09
      ],
      [
       418.28,
       373.21
      ],
      [
       417.93,
       372.96
      ],
      [
       416.47,
       371.83
      ],
      [
       415.74,
       371.2
      ],
      [
       415.14,
       370.7
      ],
      [
       413.95,
       369.56
      ],
      [
       413.19,
       368.76
      ],
      [
       412.88,
       368.43
      ],
      [
       411.89,
       367.3
      ],
      [
       411.06,
       366.17
      ],
      [
       410.64,
       365.53
      ],
      [
       410.31,
       365.04
      ],
      [
       409.66,
       363.91
      ],
      [
       409.13,
       362.77
      ],
      [
       408.72,
       361.64
      ],
      [
       408.43,
       360.51
      ],
      [
       408.25,
       359.38
      ],
      [
       408.2,
       358.25
      ],
      [
       408.28,
       357.11
      ],
      [
       408.53,
       355.98
      ],
      [
       408.95,
       354.85
      ],
      [
       409.58,
       353.72
      ],
      [
       410.48,
       352.59
      ],
      [
       410.64,
       352.42
      ],
      [
       411.73,
       351.46
      ],
      [
       413.19,
       350.49
      ],
      [
       413.49,
       350.32
      ],
      [
       415.74,
       349.34
      ],
      [
       416.18,
       349.19
      ],
      [
       418.28,
       348.61
      ],
      [
       420.83,
       348.18
      ],
      [
       422.1,
       348.07
      ],
      [
       423.38,
       347.95
      ]
     ]
    ]
   }
  },
  {
   "type": "Feature",
   "properties": {
    "code": "003",
    "h1": 0,
    "h2": 0,
    "h3": 3,
    "macro": "Computer Science",
    "meso": "Computer Vision & Image Processing",
    "micro": "Object Detection & Classification",
    "label_x": 410.75,
    "label_y": 390.12
   },
   "geometry": {
    "type": "Polygon",
    "coordinates": [
     [
      [
       408.16,
       362.52
      ],
      [
       409.95,
       362.12
      ],
      [
       411.75,
       361.88
      ],
      [
       413.55,
       361.8
      ],
      [
       415.35,
       361.86
      ],
      [
       417.15,
       362.07
      ],
      [
       418.95,
       362.47
      ],
      [
       420.75,
       363.06
      ],
      [
       420.88,
       363.11
      ],
      [
       422.54,
       363.84
      ],
      [
       423.87,
       364.6
      ],
      [
       424.34,
       364.88
      ],
      [
       425.93,
       366.08
      ],
      [
       426.14,
       366.26
      ],
      [
       427.5,
       367.56
      ],
      [
       427.94,
       368.07
      ],
      [
       428.75,
       369.04
      ],
      [
       429.74,
       370.51
      ],
      [
       429.75,
       370.53
      ],
      [
       430.62,
       372.02
      ],
      [
       431.31,
       373.5
      ],
      [
       431.54,
       374.06
      ],
      [
       431.92,
       374.98
      ],
      [
       432.43,
       376.46
      ],
      [
       432.83,
       377.95
      ],
      [
       433.14,
       379.43
      ],
      [
       433.34,
       380.65
      ],
      [
       433.39,
       380.91
      ],
      [
       433.57,
       382.39
      ],
      [
       433.66,
       383.88
      ],
      [
       433.68,
       385.37
      ],
      [
       433.61,
       386.85
      ],
      [
       433.45,
       388.33
      ],
      [
       433.34,
       388.96
      ],
      [
       433.21,
       389.81
      ],
      [
       432.89,
       391.3
      ],
      [
       432.46,
       392.78
      ],
      [
       431.92,
       394.26
      ],
      [
       431.54,
       395.11
      ],
      [
       431.28,
       395.75
      ],
      [
       430.57,
       397.23
      ],
      [
       429.74,
       398.67
      ],
      [
       429.72,
       398.71
      ],
      [
       428.84,
       400.2
      ],
      [
       427.94,
       401.49
      ],
      [
       427.81,
       401.68
      ],
      [
       426.76,
       403.16
      ],
      [
       426.14,
       403.94
      ],
      [
       425.6,
       404.64
      ],
      [
       424.36,
       406.13
      ],
      [
       424.34,
       406.14
      ],
      [
       423.08,
       407.62
      ],
      [
       422.54,
       408.18
      ],
      [
       421.68,
       409.1
      ],
      [
       420.75,
       410.04
      ],
      [
       420.18,
       410.58
      ],
      [
       418.95,
       411.71
      ],
      [
       418.54,
       412.07
      ],
      [
       417.15,
       413.21
      ],
      [
       416.7,
       413.55
      ],
      [
       415.35,
       414.54
      ],
      [
       414.55,
       415.03
      ],
      [
       413.55,
       415.66
      ],
      [
       411.86,
       416.51
      ],
      [
       411.75,
       416.57
      ],
      [
       409.95,
       417.32
      ],
      [
       408.16,
       417.84
      ],
      [
       407.28,
       418.0
      ],
      [
       406.36,
       418.18
      ],
      [
       404.56,
       418.32
      ],
      [
       402.76,
       418.24
      ],
      [
       401.33,
       418.0
      ],
      [
       400.96,
       417.94
      ],
      [
       399.17,
       417.4
      ],
      [
       397.37,
       416.54
      ],
      [
       397.33,
       416.51
      ],
      [
       395.57,
       415.31
      ],
      [
       395.25,
       415.03
      ],
      [
       393.77,
       413.55
      ],
      [
       393.77,
       413.54
      ],
      [
       392.65,
       412.07
      ],
      [
       391.97,
       410.96
      ],
      [
       391.75,
       410.58
      ],
      [
       391.01,
       409.1
      ],
      [
       390.4,
       407.62
      ],
      [
       390.17,
       406.95
      ],
      [
       389.88,
       406.13
      ],
      [
       389.42,
       404.64
      ],
      [
       389.03,
       403.16
      ],
      [
       388.7,
       401.68
      ],
      [
       388.42,
       400.2
      ],
      [
       388.37,
       399.95
      ],
      [
       388.14,
       398.71
      ],
      [
       387.91,
       397.23
      ],
      [
       387.73,
       395.75
      ],
      [
       387.58,
       394.26
      ],
      [
       387.48,
       392.78
      ],
      [
       387.42,
       391.3
      ],
      [
       387.42,
       389.81
      ],
      [
       387.48,
       388.33
      ],
      [
       387.59,
       386.85
      ],
      [
       387.78,
       385.37
      ],
      [
       388.06,
       383.88
      ],
      [
       388.37,
       382.65
      ],
      [
       388.43,
       382.39
      ],
      [
       388.85,
       380.91
      ],
      [
       389.39,
       379.43
      ],
      [
       390.08,
       377.95
      ],
      [
       390.17,
       377.78
      ],
      [
       390.83,
       376.46
      ],
      [
       391.75,
       374.98
      ],
      [
       391.97,
       374.67
      ],
      [
       392.78,
       373.5
      ],
      [
       393.77,
       372.27
      ],
      [
       393.98,
       372.02
      ],
      [
       395.32,
       370.53
      ],
      [
       395.57,
       370.28
      ],
      [
       396.84,
       369.04
      ],
      [
       397.37,
       368.58
      ],
      [
       398.59,
       367.56
      ],
      [
       399.17,
       367.11
      ],
      [
       400.61,
       366.08
      ],
      [
       400.96,
       365.84
      ],
      [
       402.76,
       364.75
      ],
      [
       403.07,
       364.6
      ],
      [
       404.56,
       363.83
      ],
      [
       406.36,
       363.11
      ],
      [
       408.16,
       362.52
      ]
     ]
    ]
   }
  },
  {
   "type": "Feature",
   "properties": {
    "code": "004",
    "h1": 0,
    "h2": 0,
    "h3": 4,
    "macro": "Computer Science",
    "meso": "Computer Vision & Image Processing",
    "micro": "Mapping & Geospatial Analysis",
    "label_x": 378.34,
    "label_y": 380.59
   },
   "geometry": {
    "type": "Polygon",
    "coordinates": [
     [
      [
       376.97,
       344.15
      ],
      [
       378.62,
       343.52
      ],
      [
       380.27,
       343.18
      ],
      [
       381.92,
       343.15
      ],
      [
       383.57,
       343.43
      ],
      [
       385.22,
       344.05
      ],
      [
       385.75,
       344.36
      ],
      [
       386.86,
       345.02
      ],
      [
       387.99,
       345.91
      ],
      [
       388.52,
       346.35
      ],
      [
       389.61,
       347.46
      ],
      [
       390.16,
       348.07
      ],
      [
       390.94,
       349.01
      ],
      [
       391.82,
       350.18
      ],
      [
       392.09,
       350.57
      ],
      [
       393.1,
       352.12
      ],
      [
       393.46,
       352.73
      ],
      [
       394.02,
       353.67
      ],
      [
       394.84,
       355.22
      ],
      [
       395.12,
       355.78
      ],
      [
       395.61,
       356.77
      ],
      [
       396.3,
       358.32
      ],
      [
       396.76,
       359.49
      ],
      [
       396.92,
       359.87
      ],
      [
       397.51,
       361.42
      ],
      [
       398.03,
       362.98
      ],
      [
       398.41,
       364.38
      ],
      [
       398.46,
       364.53
      ],
      [
       398.87,
       366.07
      ],
      [
       399.22,
       367.62
      ],
      [
       399.48,
       369.18
      ],
      [
       399.69,
       370.73
      ],
      [
       399.83,
       372.28
      ],
      [
       399.9,
       373.83
      ],
      [
       399.93,
       375.38
      ],
      [
       399.89,
       376.93
      ],
      [
       399.8,
       378.48
      ],
      [
       399.66,
       380.04
      ],
      [
       399.46,
       381.59
      ],
      [
       399.22,
       383.14
      ],
      [
       398.9,
       384.69
      ],
      [
       398.53,
       386.23
      ],
      [
       398.41,
       386.66
      ],
      [
       398.13,
       387.79
      ],
      [
       397.69,
       389.34
      ],
      [
       397.2,
       390.89
      ],
      [
       396.76,
       392.08
      ],
      [
       396.64,
       392.45
      ],
      [
       396.07,
       394.0
      ],
      [
       395.43,
       395.54
      ],
      [
       395.12,
       396.22
      ],
      [
       394.73,
       397.09
      ],
      [
       394.0,
       398.64
      ],
      [
       393.46,
       399.67
      ],
      [
       393.19,
       400.2
      ],
      [
       392.33,
       401.75
      ],
      [
       391.82,
       402.6
      ],
      [
       391.38,
       403.3
      ],
      [
       390.35,
       404.86
      ],
      [
       390.16,
       405.11
      ],
      [
       389.22,
       406.4
      ],
      [
       388.52,
       407.29
      ],
      [
       387.94,
       407.95
      ],
      [
       386.86,
       409.13
      ],
      [
       386.48,
       409.5
      ],
      [
       385.22,
       410.7
      ],
      [
       384.77,
       411.05
      ],
      [
       383.57,
       412.0
      ],
      [
       382.63,
       412.61
      ],
      [
       381.92,
       413.06
      ],
      [
       380.27,
       413.87
      ],
      [
       379.46,
       414.16
      ],
      [
       378.62,
       414.46
      ],
      [
       376.97,
       414.84
      ],
      [
       375.32,
       414.98
      ],
      [
       373.67,
       414.92
      ],
      [
       372.02,
       414.64
      ],
      [
       370.4,
       414.16
      ],
      [
       370.37,
       414.15
      ],
      [
       368.73,
       413.45
      ],
      [
       367.2,
       412.61
      ],
      [
       367.07,
       412.54
      ],
      [
       365.43,
       411.4
      ],
      [
       365.0,
       411.05
      ],
      [
       363.77,
       410.01
      ],
      [
       363.26,
       409.5
      ],
      [
       362.13,
       408.32
      ],
      [
       361.82,
       407.95
      ],
      [
       360.6,
       406.4
      ],
      [
       360.48,
       406.23
      ],
      [
       359.55,
       404.86
      ],
      [
       358.83,
       403.6
      ],
      [
       358.66,
       403.3
      ],
      [
       357.89,
       401.75
      ],
      [
       357.23,
       400.2
      ],
      [
       357.18,
       400.06
      ],
      [
       356.66,
       398.64
      ],
      [
       356.18,
       397.09
      ],
      [
       355.77,
       395.54
      ],
      [
       355.53,
       394.38
      ],
      [
       355.45,
       394.0
      ],
      [
       355.18,
       392.45
      ],
      [
       354.97,
       390.89
      ],
      [
       354.83,
       389.34
      ],
      [
       354.76,
       387.79
      ],
      [
       354.73,
       386.23
      ],
      [
       354.76,
       384.69
      ],
      [
       354.84,
       383.14
      ],
      [
       354.98,
       381.59
      ],
      [
       355.18,
       380.04
      ],
      [
       355.42,
       378.48
      ],
      [
       355.53,
       377.95
      ],
      [
       355.72,
       376.93
      ],
      [
       356.06,
       375.38
      ],
      [
       356.46,
       373.83
      ],
      [
       356.91,
       372.28
      ],
      [
       357.18,
       371.47
      ],
      [
       357.42,
       370.73
      ],
      [
       357.96,
       369.18
      ],
      [
       358.58,
       367.62
      ],
      [
       358.83,
       367.05
      ],
      [
       359.23,
       366.07
      ],
      [
       359.95,
       364.53
      ],
      [
       360.48,
       363.48
      ],
      [
       360.73,
       362.98
      ],
      [
       361.54,
       361.42
      ],
      [
       362.13,
       360.41
      ],
      [
       362.43,
       359.87
      ],
      [
       363.36,
       358.32
      ],
      [
       363.77,
       357.68
      ],
      [
       364.36,
       356.77
      ],
      [
       365.43,
       355.23
      ],
      [
       365.44,
       355.22
      ],
      [
       366.56,
       353.67
      ],
      [
       367.07,
       353.0
      ],
      [
       367.78,
       352.12
      ],
      [
       368.73,
       350.99
      ],
      [
       369.1,
       350.57
      ],
      [
       370.37,
       349.18
      ],
      [
       370.54,
       349.01
      ],
      [
       372.02,
       347.58
      ],
      [
       372.16,
       347.46
      ],
      [
       373.67,
       346.2
      ],
      [
       374.07,
       345.91
      ],
      [
       375.32,
       345.04
      ],
      [
       376.59,
       344.36
      ],
      [
       376.97,
       344.15
      ]
     ]
    ]
   }
  },
  {
   "type": "Feature",
   "properties": {
    "code": "010",
    "h1": 0,
    "h2": 1,
    "h3": 0,
    "macro": "Computer Science",
    "meso": "Natural Language Processing",
    "micro": "Text to Text Transformer",
    "label_x": 677.67,
    "label_y": 382.67
   },
   "geometry": {
    "type": "Polygon",
    "coordinates": [
     [
      [
       662.16,
       360.28
      ],
      [
       664.67,
       359.77
      ],
      [
       667.18,
       359.59
      ],
      [
       669.68,
       359.64
      ],
      [
       672.19,
       359.86
      ],
      [
       674.69,
       360.22
      ],
      [
       675.62,
       360.4
      ],
      [
       677.2,
       360.67
      ],
      [
       679.71,
       361.22
      ],
      [
       682.21,
       361.93
      ],
      [
       684.72,
       362.84
      ],
      [
       684.75,
       362.85
      ],
      [
       687.24,
       363.93
      ],
      [
       689.63,
       365.3
      ],
      [
       689.74,
       365.37
      ],
      [
       692.25,
       367.27
      ],
      [
       692.78,
       367.76
      ],
      [
       694.76,
       369.93
      ],
      [
       694.98,
       370.21
      ],
      [
       696.57,
       372.67
      ],
      [
       697.26,
       374.13
      ],
      [
       697.72,
       375.12
      ],
      [
       698.57,
       377.57
      ],
      [
       699.16,
       380.03
      ],
      [
       699.55,
       382.48
      ],
      [
       699.77,
       384.82
      ],
      [
       699.78,
       384.93
      ],
      [
       699.88,
       387.39
      ],
      [
       699.78,
       389.84
      ],
      [
       699.77,
       389.98
      ],
      [
       699.51,
       392.3
      ],
      [
       698.94,
       394.75
      ],
      [
       697.96,
       397.2
      ],
      [
       697.26,
       398.37
      ],
      [
       696.33,
       399.66
      ],
      [
       694.76,
       401.2
      ],
      [
       693.43,
       402.12
      ],
      [
       692.25,
       402.79
      ],
      [
       689.74,
       403.75
      ],
      [
       687.24,
       404.3
      ],
      [
       684.72,
       404.54
      ],
      [
       682.21,
       404.57
      ],
      [
       679.71,
       404.39
      ],
      [
       677.2,
       404.03
      ],
      [
       674.69,
       403.47
      ],
      [
       672.19,
       402.68
      ],
      [
       670.8,
       402.12
      ],
      [
       669.68,
       401.66
      ],
      [
       667.18,
       400.4
      ],
      [
       666.0,
       399.66
      ],
      [
       664.67,
       398.78
      ],
      [
       662.72,
       397.2
      ],
      [
       662.16,
       396.7
      ],
      [
       660.28,
       394.75
      ],
      [
       659.65,
       393.96
      ],
      [
       658.41,
       392.3
      ],
      [
       657.14,
       390.09
      ],
      [
       657.01,
       389.84
      ],
      [
       655.87,
       387.39
      ],
      [
       655.05,
       384.93
      ],
      [
       654.63,
       383.19
      ],
      [
       654.44,
       382.48
      ],
      [
       654.01,
       380.03
      ],
      [
       653.78,
       377.57
      ],
      [
       653.72,
       375.12
      ],
      [
       653.86,
       372.67
      ],
      [
       654.19,
       370.21
      ],
      [
       654.63,
       368.36
      ],
      [
       654.79,
       367.76
      ],
      [
       655.82,
       365.3
      ],
      [
       657.14,
       363.38
      ],
      [
       657.64,
       362.85
      ],
      [
       659.65,
       361.33
      ],
      [
       661.84,
       360.4
      ],
      [
       662.16,
       360.28
      ]
     ]
    ]
   }
  },
  {
   "type": "Feature",
   "properties": {
    "code": "011",
    "h1": 0,
    "h2": 1,
    "h3": 1,
    "macro": "Computer Science",
    "meso": "Natural Language Processing",
    "micro": "Knowledge Graphs & Reasoning",
    "label_x": 618.31,
    "label_y": 407.41
   },
   "geometry": {
    "type": "Polygon",
    "coordinates": [
     [
      [
       640.3,
       367.75
      ],
      [
       642.42,
       367.3
      ],
      [
       644.55,
       367.02
      ],
      [
       646.68,
       366.88
      ],
      [
       648.8,
       366.89
      ],
      [
       650.92,
       367.06
      ],
      [
       653.04,
       367.39
      ],
      [
       655.17,
       367.92
      ],
      [
       656.44,
       368.35
      ],
      [
       657.28,
       368.65
      ],
      [
       659.41,
       369.61
      ],
      [
       660.55,
       370.26
      ],
      [
       661.54,
       370.87
      ],
      [
       663.27,
       372.17
      ],
      [
       663.66,
       372.5
      ],
      [
       665.3,
       374.07
      ],
      [
       665.78,
       374.63
      ],
      [
       666.88,
       375.98
      ],
      [
       667.9,
       377.57
      ],
      [
       668.11,
       377.88
      ],
      [
       669.11,
       379.79
      ],
      [
       669.88,
       381.7
      ],
      [
       670.03,
       382.2
      ],
      [
       670.49,
       383.61
      ],
      [
       670.94,
       385.52
      ],
      [
       671.24,
       387.41
      ],
      [
       671.41,
       389.32
      ],
      [
       671.46,
       391.23
      ],
      [
       671.38,
       393.14
      ],
      [
       671.19,
       395.04
      ],
      [
       670.85,
       396.95
      ],
      [
       670.37,
       398.86
      ],
      [
       670.03,
       399.88
      ],
      [
       669.76,
       400.76
      ],
      [
       669.0,
       402.67
      ],
      [
       668.04,
       404.57
      ],
      [
       667.9,
       404.81
      ],
      [
       666.93,
       406.48
      ],
      [
       665.78,
       408.09
      ],
      [
       665.57,
       408.39
      ],
      [
       663.98,
       410.29
      ],
      [
       663.66,
       410.62
      ],
      [
       662.08,
       412.2
      ],
      [
       661.54,
       412.7
      ],
      [
       659.81,
       414.11
      ],
      [
       659.41,
       414.42
      ],
      [
       657.28,
       415.87
      ],
      [
       657.06,
       416.01
      ],
      [
       655.17,
       417.14
      ],
      [
       653.6,
       417.92
      ],
      [
       653.04,
       418.2
      ],
      [
       650.92,
       419.12
      ],
      [
       648.89,
       419.82
      ],
      [
       648.8,
       419.86
      ],
      [
       646.68,
       420.52
      ],
      [
       644.55,
       421.03
      ],
      [
       642.42,
       421.42
      ],
      [
       640.3,
       421.69
      ],
      [
       639.89,
       421.73
      ],
      [
       638.18,
       421.9
      ],
      [
       636.06,
       422.02
      ],
      [
       633.93,
       422.04
      ],
      [
       631.81,
       421.98
      ],
      [
       629.69,
       421.86
      ],
      [
       628.25,
       421.73
      ],
      [
       627.56,
       421.67
      ],
      [
       625.44,
       421.44
      ],
      [
       623.31,
       421.15
      ],
      [
       621.19,
       420.81
      ],
      [
       619.07,
       420.44
      ],
      [
       616.94,
       420.07
      ],
      [
       614.86,
       419.82
      ],
      [
       614.71,
       419.82
      ],
      [
       612.69,
       419.99
      ],
      [
       610.58,
       421.46
      ],
      [
       610.41,
       421.73
      ],
      [
       609.52,
       423.64
      ],
      [
       608.89,
       425.54
      ],
      [
       608.45,
       427.17
      ],
      [
       608.39,
       427.45
      ],
      [
       607.92,
       429.35
      ],
      [
       607.41,
       431.26
      ],
      [
       606.8,
       433.16
      ],
      [
       606.33,
       434.43
      ],
      [
       606.06,
       435.07
      ],
      [
       605.1,
       436.98
      ],
      [
       604.21,
       438.44
      ],
      [
       603.86,
       438.88
      ],
      [
       602.08,
       440.77
      ],
      [
       602.05,
       440.79
      ],
      [
       599.96,
       442.12
      ],
      [
       598.12,
       442.69
      ],
      [
       597.83,
       442.78
      ],
      [
       595.71,
       443.06
      ],
      [
       593.59,
       443.12
      ],
      [
       591.47,
       443.07
      ],
      [
       589.34,
       442.96
      ],
      [
       587.21,
       442.84
      ],
      [
       585.1,
       442.69
      ],
      [
       582.97,
       442.55
      ],
      [
       580.85,
       442.38
      ],
      [
       578.73,
       442.17
      ],
      [
       576.6,
       441.89
      ],
      [
       574.48,
       441.53
      ],
      [
       572.35,
       441.05
      ],
      [
       571.45,
       440.79
      ],
      [
       570.23,
       440.46
      ],
      [
       568.11,
       439.72
      ],
      [
       566.25,
       438.88
      ],
      [
       565.99,
       438.77
      ],
      [
       563.86,
       437.59
      ],
      [
       562.98,
       436.98
      ],
      [
       561.73,
       436.05
      ],
      [
       560.63,
       435.07
      ],
      [
       559.62,
       434.02
      ],
      [
       558.89,
       433.16
      ],
      [
       557.59,
       431.26
      ],
      [
       557.49,
       431.07
      ],
      [
       556.64,
       429.35
      ],
      [
       555.96,
       427.45
      ],
      [
       555.54,
       425.54
      ],
      [
       555.37,
       423.94
      ],
      [
       555.33,
       423.64
      ],
      [
       555.33,
       421.73
      ],
      [
       555.37,
       421.42
      ],
      [
       555.53,
       419.82
      ],
      [
       555.94,
       417.92
      ],
      [
       556.57,
       416.01
      ],
      [
       557.49,
       414.11
      ],
      [
       557.49,
       414.1
      ],
      [
       558.67,
       412.2
      ],
      [
       559.62,
       411.03
      ],
      [
       560.25,
       410.29
      ],
      [
       561.73,
       408.88
      ],
      [
       562.31,
       408.39
      ],
      [
       563.86,
       407.24
      ],
      [
       565.02,
       406.48
      ],
      [
       565.99,
       405.92
      ],
      [
       568.11,
       404.85
      ],
      [
       568.74,
       404.57
      ],
      [
       570.23,
       403.96
      ],
      [
       572.35,
       403.25
      ],
      [
       574.48,
       402.68
      ],
      [
       574.57,
       402.67
      ],
      [
       576.6,
       402.25
      ],
      [
       578.73,
       401.95
      ],
      [
       580.85,
       401.79
      ],
      [
       582.97,
       401.77
      ],
      [
       585.1,
       401.87
      ],
      [
       587.21,
       402.11
      ],
      [
       589.34,
       402.47
      ],
      [
       590.23,
       402.67
      ],
      [
       591.47,
       402.96
      ],
      [
       593.59,
       403.56
      ],
      [
       595.71,
       404.25
      ],
      [
       596.74,
       404.57
      ],
      [
       597.83,
       405.0
      ],
      [
       599.96,
       405.71
      ],
      [
       602.08,
       406.27
      ],
      [
       604.21,
       406.35
      ],
      [
       606.33,
       405.31
      ],
      [
       606.84,
       404.57
      ],
      [
       608.06,
       402.67
      ],
      [
       608.45,
       402.05
      ],
      [
       608.98,
       400.76
      ],
      [
       609.8,
       398.86
      ],
      [
       610.58,
       397.19
      ],
      [
       610.66,
       396.95
      ],
      [
       611.45,
       395.04
      ],
      [
       612.34,
       393.14
      ],
      [
       612.69,
       392.45
      ],
      [
       613.25,
       391.23
      ],
      [
       614.25,
       389.32
      ],
      [
       614.82,
       388.37
      ],
      [
       615.34,
       387.41
      ],
      [
       616.52,
       385.52
      ],
      [
       616.94,
       384.91
      ],
      [
       617.81,
       383.61
      ],
      [
       619.07,
       381.97
      ],
      [
       619.27,
       381.7
      ],
      [
       620.87,
       379.79
      ],
      [
       621.19,
       379.45
      ],
      [
       622.67,
       377.88
      ],
      [
       623.31,
       377.25
      ],
      [
       624.72,
       375.98
      ],
      [
       625.44,
       375.36
      ],
      [
       627.09,
       374.07
      ],
      [
       627.56,
       373.71
      ],
      [
       629.69,
       372.29
      ],
      [
       629.89,
       372.17
      ],
      [
       631.81,
       371.03
      ],
      [
       633.38,
       370.26
      ],
      [
       633.93,
       369.98
      ],
      [
       636.06,
       369.07
      ],
      [
       638.18,
       368.36
      ],
      [
       638.2,
       368.35
      ],
      [
       640.3,
       367.75
      ]
     ]
    ]
   }
  },
  {
   "type": "Feature",
   "properties": {
    "code": "020",
    "h1": 0,
    "h2": 2,
    "h3": 0,
    "macro": "Computer Science",
    "meso": "Speech Recognition & Audio Processing",
    "micro": "Music & Acoustic Modeling",
    "label_x": 593.08,
    "label_y": 355.52
   },
   "geometry": {
    "type": "Polygon",
    "coordinates": [
     [
      [
       586.26,
       337.82
      ],
      [
       588.78,
       337.46
      ],
      [
       591.3,
       337.21
      ],
      [
       593.82,
       337.06
      ],
      [
       596.34,
       337.03
      ],
      [
       598.87,
       337.12
      ],
      [
       601.38,
       337.34
      ],
      [
       603.9,
       337.71
      ],
      [
       605.88,
       338.14
      ],
      [
       606.43,
       338.27
      ],
      [
       608.95,
       339.03
      ],
      [
       609.97,
       339.43
      ],
      [
       611.46,
       340.07
      ],
      [
       612.69,
       340.71
      ],
      [
       613.98,
       341.49
      ],
      [
       614.71,
       342.0
      ],
      [
       616.26,
       343.29
      ],
      [
       616.51,
       343.52
      ],
      [
       617.51,
       344.57
      ],
      [
       618.5,
       345.85
      ],
      [
       619.03,
       346.73
      ],
      [
       619.27,
       347.13
      ],
      [
       619.91,
       348.42
      ],
      [
       620.38,
       349.7
      ],
      [
       620.73,
       350.99
      ],
      [
       620.94,
       352.28
      ],
      [
       621.05,
       353.56
      ],
      [
       621.05,
       354.85
      ],
      [
       620.94,
       356.13
      ],
      [
       620.71,
       357.42
      ],
      [
       620.34,
       358.7
      ],
      [
       619.81,
       359.99
      ],
      [
       619.12,
       361.27
      ],
      [
       619.03,
       361.42
      ],
      [
       618.3,
       362.55
      ],
      [
       617.26,
       363.84
      ],
      [
       616.51,
       364.61
      ],
      [
       615.98,
       365.12
      ],
      [
       614.43,
       366.41
      ],
      [
       613.98,
       366.73
      ],
      [
       612.53,
       367.7
      ],
      [
       611.46,
       368.31
      ],
      [
       610.14,
       368.98
      ],
      [
       608.95,
       369.54
      ],
      [
       607.03,
       370.26
      ],
      [
       606.43,
       370.49
      ],
      [
       603.9,
       371.23
      ],
      [
       602.48,
       371.55
      ],
      [
       601.38,
       371.79
      ],
      [
       598.87,
       372.21
      ],
      [
       596.34,
       372.48
      ],
      [
       593.82,
       372.61
      ],
      [
       591.3,
       372.62
      ],
      [
       588.78,
       372.52
      ],
      [
       586.26,
       372.3
      ],
      [
       583.74,
       371.95
      ],
      [
       581.64,
       371.55
      ],
      [
       581.22,
       371.46
      ],
      [
       578.69,
       370.84
      ],
      [
       576.89,
       370.26
      ],
      [
       576.18,
       370.02
      ],
      [
       573.66,
       368.98
      ],
      [
       571.23,
       367.7
      ],
      [
       571.14,
       367.63
      ],
      [
       569.31,
       366.41
      ],
      [
       568.61,
       365.84
      ],
      [
       567.76,
       365.12
      ],
      [
       566.51,
       363.84
      ],
      [
       566.1,
       363.33
      ],
      [
       565.46,
       362.55
      ],
      [
       564.59,
       361.27
      ],
      [
       563.89,
       359.99
      ],
      [
       563.57,
       359.23
      ],
      [
       563.34,
       358.7
      ],
      [
       562.89,
       357.42
      ],
      [
       562.59,
       356.13
      ],
      [
       562.43,
       354.85
      ],
      [
       562.43,
       353.56
      ],
      [
       562.6,
       352.28
      ],
      [
       562.94,
       350.99
      ],
      [
       563.51,
       349.7
      ],
      [
       563.57,
       349.6
      ],
      [
       564.25,
       348.42
      ],
      [
       565.25,
       347.13
      ],
      [
       566.1,
       346.3
      ],
      [
       566.54,
       345.85
      ],
      [
       568.12,
       344.57
      ],
      [
       568.61,
       344.23
      ],
      [
       570.07,
       343.29
      ],
      [
       571.14,
       342.69
      ],
      [
       572.46,
       342.0
      ],
      [
       573.66,
       341.45
      ],
      [
       575.43,
       340.71
      ],
      [
       576.18,
       340.43
      ],
      [
       578.69,
       339.58
      ],
      [
       579.23,
       339.43
      ],
      [
       581.22,
       338.87
      ],
      [
       583.74,
       338.29
      ],
      [
       584.54,
       338.14
      ],
      [
       586.26,
       337.82
      ]
     ]
    ]
   }
  },
  {
   "type": "Feature",
   "properties": {
    "code": "021",
    "h1": 0,
    "h2": 2,
    "h3": 1,
    "macro": "Computer Science",
    "meso": "Speech Recognition & Audio Processing",
    "micro": "Emotion & Cognition in Audio",
    "label_x": 592.46,
    "label_y": 314.18
   },
   "geometry": {
    "type": "Polygon",
    "coordinates": [
     [
      [
       605.2,
       292.73
      ],
      [
       607.26,
       292.58
      ],
      [
       609.31,
       292.58
      ],
      [
       611.38,
       292.73
      ],
      [
       611.91,
       292.83
      ],
      [
       613.43,
       293.11
      ],
      [
       615.49,
       293.77
      ],
      [
       617.48,
       294.82
      ],
      [
       617.55,
       294.87
      ],
      [
       619.53,
       296.81
      ],
      [
       619.61,
       296.95
      ],
      [
       620.56,
       298.8
      ],
      [
       621.01,
       300.79
      ],
      [
       621.08,
       302.78
      ],
      [
       620.86,
       304.77
      ],
      [
       620.39,
       306.76
      ],
      [
       619.68,
       308.75
      ],
      [
       619.61,
       308.92
      ],
      [
       618.85,
       310.74
      ],
      [
       617.79,
       312.73
      ],
      [
       617.55,
       313.12
      ],
      [
       616.57,
       314.72
      ],
      [
       615.49,
       316.18
      ],
      [
       615.09,
       316.71
      ],
      [
       613.43,
       318.61
      ],
      [
       613.35,
       318.7
      ],
      [
       611.38,
       320.62
      ],
      [
       611.29,
       320.69
      ],
      [
       609.31,
       322.33
      ],
      [
       608.83,
       322.68
      ],
      [
       607.26,
       323.8
      ],
      [
       605.81,
       324.67
      ],
      [
       605.2,
       325.05
      ],
      [
       603.14,
       326.16
      ],
      [
       602.08,
       326.66
      ],
      [
       601.08,
       327.15
      ],
      [
       599.02,
       328.05
      ],
      [
       597.38,
       328.65
      ],
      [
       596.96,
       328.82
      ],
      [
       594.9,
       329.59
      ],
      [
       592.84,
       330.24
      ],
      [
       591.39,
       330.64
      ],
      [
       590.78,
       330.83
      ],
      [
       588.72,
       331.42
      ],
      [
       586.66,
       331.91
      ],
      [
       584.61,
       332.33
      ],
      [
       582.91,
       332.63
      ],
      [
       582.54,
       332.71
      ],
      [
       580.49,
       333.04
      ],
      [
       578.43,
       333.29
      ],
      [
       576.37,
       333.43
      ],
      [
       574.31,
       333.46
      ],
      [
       572.25,
       333.37
      ],
      [
       570.19,
       333.11
      ],
      [
       568.13,
       332.63
      ],
      [
       566.07,
       331.87
      ],
      [
       564.01,
       330.67
      ],
      [
       563.97,
       330.64
      ],
      [
       562.05,
       328.65
      ],
      [
       561.95,
       328.48
      ],
      [
       561.08,
       326.66
      ],
      [
       560.74,
       324.67
      ],
      [
       560.88,
       322.68
      ],
      [
       561.39,
       320.69
      ],
      [
       561.95,
       319.41
      ],
      [
       562.23,
       318.7
      ],
      [
       563.34,
       316.71
      ],
      [
       564.01,
       315.76
      ],
      [
       564.71,
       314.72
      ],
      [
       566.07,
       313.07
      ],
      [
       566.34,
       312.73
      ],
      [
       568.13,
       310.82
      ],
      [
       568.2,
       310.74
      ],
      [
       570.19,
       308.86
      ],
      [
       570.3,
       308.75
      ],
      [
       572.25,
       307.08
      ],
      [
       572.64,
       306.76
      ],
      [
       574.31,
       305.46
      ],
      [
       575.26,
       304.77
      ],
      [
       576.37,
       303.99
      ],
      [
       578.23,
       302.78
      ],
      [
       578.43,
       302.64
      ],
      [
       580.49,
       301.37
      ],
      [
       581.53,
       300.79
      ],
      [
       582.54,
       300.21
      ],
      [
       584.61,
       299.14
      ],
      [
       585.34,
       298.8
      ],
      [
       586.66,
       298.14
      ],
      [
       588.72,
       297.23
      ],
      [
       589.8,
       296.81
      ],
      [
       590.78,
       296.39
      ],
      [
       592.84,
       295.61
      ],
      [
       594.9,
       294.95
      ],
      [
       595.36,
       294.82
      ],
      [
       596.96,
       294.31
      ],
      [
       599.02,
       293.77
      ],
      [
       601.08,
       293.33
      ],
      [
       603.14,
       292.99
      ],
      [
       604.49,
       292.83
      ],
      [
       605.2,
       292.73
      ]
     ]
    ]
   }
  },
  {
   "type": "Feature",
   "properties": {
    "code": "022",
    "h1": 0,
    "h2": 2,
    "h3": 2,
    "macro": "Computer Science",
    "meso": "Speech Recognition & Audio Processing",
    "micro": "Speech Recognition",
    "label_x": 630.17,
    "label_y": 333.17
   },
   "geometry": {
    "type": "Polygon",
    "coordinates": [
     [
      [
       617.8,
       313.0
      ],
      [
       620.77,
       312.42
      ],
      [
       623.74,
       312.16
      ],
      [
       626.71,
       312.18
      ],
      [
       629.68,
       312.46
      ],
      [
       632.65,
       313.04
      ],
      [
       634.51,
       313.59
      ],
      [
       635.62,
       313.88
      ],
      [
       638.6,
       314.99
      ],
      [
       640.68,
       316.04
      ],
      [
       641.56,
       316.47
      ],
      [
       644.53,
       318.33
      ],
      [
       644.73,
       318.47
      ],
      [
       647.51,
       320.67
      ],
      [
       647.78,
       320.91
      ],
      [
       650.18,
       323.35
      ],
      [
       650.48,
       323.72
      ],
      [
       652.13,
       325.79
      ],
      [
       653.44,
       328.0
      ],
      [
       653.59,
       328.23
      ],
      [
       654.79,
       330.67
      ],
      [
       655.6,
       333.11
      ],
      [
       656.07,
       335.55
      ],
      [
       656.21,
       337.99
      ],
      [
       655.98,
       340.44
      ],
      [
       655.28,
       342.87
      ],
      [
       653.91,
       345.32
      ],
      [
       653.44,
       345.87
      ],
      [
       651.5,
       347.75
      ],
      [
       650.48,
       348.48
      ],
      [
       647.51,
       349.95
      ],
      [
       646.72,
       350.19
      ],
      [
       644.53,
       350.85
      ],
      [
       641.56,
       351.39
      ],
      [
       638.6,
       351.67
      ],
      [
       635.62,
       351.74
      ],
      [
       632.65,
       351.65
      ],
      [
       629.68,
       351.4
      ],
      [
       626.71,
       351.0
      ],
      [
       623.74,
       350.39
      ],
      [
       623.01,
       350.19
      ],
      [
       620.77,
       349.64
      ],
      [
       617.8,
       348.65
      ],
      [
       615.78,
       347.75
      ],
      [
       614.82,
       347.31
      ],
      [
       611.86,
       345.58
      ],
      [
       611.46,
       345.32
      ],
      [
       608.89,
       343.25
      ],
      [
       608.48,
       342.87
      ],
      [
       606.32,
       340.44
      ],
      [
       605.91,
       339.82
      ],
      [
       604.7,
       337.99
      ],
      [
       603.61,
       335.55
      ],
      [
       602.94,
       333.11
      ],
      [
       602.56,
       330.67
      ],
      [
       602.58,
       328.23
      ],
      [
       602.94,
       326.24
      ],
      [
       603.02,
       325.79
      ],
      [
       603.82,
       323.35
      ],
      [
       605.23,
       320.91
      ],
      [
       605.91,
       320.08
      ],
      [
       607.33,
       318.47
      ],
      [
       608.89,
       317.18
      ],
      [
       610.52,
       316.04
      ],
      [
       611.86,
       315.25
      ],
      [
       614.82,
       313.92
      ],
      [
       615.89,
       313.59
      ],
      [
       617.8,
       313.0
      ]
     ]
    ]
   }
  },
  {
   "type": "Feature",
   "properties": {
    "code": "030",
    "h1": 0,
    "h2": 3,
    "h3": 0,
    "macro": "Computer Science",
    "meso": "Biomarkers for Health & Performance",
    "micro": "Signal Processing & Sensing",
    "label_x": 511.43,
    "label_y": 305.79
   },
   "geometry": {
    "type": "Polygon",
    "coordinates": [
     [
      [
       508.18,
       273.39
      ],
      [
       509.79,
       273.5
      ],
      [
       510.14,
       273.58
      ],
      [
       511.4,
       273.82
      ],
      [
       513.01,
       274.32
      ],
      [
       514.62,
       274.98
      ],
      [
       515.51,
       275.43
      ],
      [
       516.23,
       275.75
      ],
      [
       517.84,
       276.64
      ],
      [
       518.79,
       277.29
      ],
      [
       519.45,
       277.7
      ],
      [
       521.07,
       278.89
      ],
      [
       521.35,
       279.14
      ],
      [
       522.67,
       280.25
      ],
      [
       523.43,
       280.99
      ],
      [
       524.29,
       281.84
      ],
      [
       525.19,
       282.85
      ],
      [
       525.89,
       283.71
      ],
      [
       526.64,
       284.7
      ],
      [
       527.51,
       286.03
      ],
      [
       527.82,
       286.56
      ],
      [
       528.76,
       288.41
      ],
      [
       529.11,
       289.3
      ],
      [
       529.49,
       290.27
      ],
      [
       530.03,
       292.12
      ],
      [
       530.4,
       293.98
      ],
      [
       530.64,
       295.83
      ],
      [
       530.73,
       297.35
      ],
      [
       530.75,
       297.68
      ],
      [
       530.75,
       299.54
      ],
      [
       530.73,
       299.91
      ],
      [
       530.65,
       301.39
      ],
      [
       530.46,
       303.24
      ],
      [
       530.19,
       305.1
      ],
      [
       529.81,
       306.95
      ],
      [
       529.34,
       308.81
      ],
      [
       529.11,
       309.53
      ],
      [
       528.8,
       310.66
      ],
      [
       528.18,
       312.52
      ],
      [
       527.51,
       314.19
      ],
      [
       527.44,
       314.37
      ],
      [
       526.66,
       316.22
      ],
      [
       525.89,
       317.76
      ],
      [
       525.74,
       318.07
      ],
      [
       524.75,
       319.93
      ],
      [
       524.29,
       320.72
      ],
      [
       523.65,
       321.79
      ],
      [
       522.67,
       323.28
      ],
      [
       522.43,
       323.64
      ],
      [
       521.07,
       325.5
      ],
      [
       519.56,
       327.35
      ],
      [
       519.45,
       327.46
      ],
      [
       517.84,
       329.21
      ],
      [
       516.23,
       330.75
      ],
      [
       515.87,
       331.06
      ],
      [
       514.62,
       332.1
      ],
      [
       513.49,
       332.91
      ],
      [
       513.01,
       333.26
      ],
      [
       511.4,
       334.25
      ],
      [
       510.37,
       334.76
      ],
      [
       509.79,
       335.07
      ],
      [
       508.18,
       335.73
      ],
      [
       506.57,
       336.19
      ],
      [
       504.96,
       336.45
      ],
      [
       503.35,
       336.51
      ],
      [
       501.74,
       336.32
      ],
      [
       500.12,
       335.79
      ],
      [
       498.52,
       334.85
      ],
      [
       498.42,
       334.76
      ],
      [
       496.91,
       333.3
      ],
      [
       496.6,
       332.91
      ],
      [
       495.44,
       331.06
      ],
      [
       495.3,
       330.78
      ],
      [
       494.6,
       329.21
      ],
      [
       493.97,
       327.35
      ],
      [
       493.68,
       326.26
      ],
      [
       493.49,
       325.5
      ],
      [
       493.11,
       323.64
      ],
      [
       492.82,
       321.79
      ],
      [
       492.6,
       319.93
      ],
      [
       492.44,
       318.07
      ],
      [
       492.34,
       316.22
      ],
      [
       492.3,
       314.37
      ],
      [
       492.32,
       312.52
      ],
      [
       492.38,
       310.66
      ],
      [
       492.5,
       308.81
      ],
      [
       492.68,
       306.95
      ],
      [
       492.92,
       305.1
      ],
      [
       493.22,
       303.24
      ],
      [
       493.57,
       301.39
      ],
      [
       493.68,
       300.9
      ],
      [
       493.97,
       299.54
      ],
      [
       494.41,
       297.68
      ],
      [
       494.91,
       295.83
      ],
      [
       495.3,
       294.5
      ],
      [
       495.45,
       293.98
      ],
      [
       496.01,
       292.12
      ],
      [
       496.63,
       290.27
      ],
      [
       496.91,
       289.46
      ],
      [
       497.28,
       288.41
      ],
      [
       497.96,
       286.56
      ],
      [
       498.52,
       285.12
      ],
      [
       498.69,
       284.7
      ],
      [
       499.47,
       282.85
      ],
      [
       500.12,
       281.36
      ],
      [
       500.32,
       280.99
      ],
      [
       501.28,
       279.14
      ],
      [
       501.74,
       278.28
      ],
      [
       502.42,
       277.29
      ],
      [
       503.35,
       276.0
      ],
      [
       503.94,
       275.43
      ],
      [
       504.96,
       274.49
      ],
      [
       506.57,
       273.69
      ],
      [
       507.2,
       273.58
      ],
      [
       508.18,
       273.39
      ]
     ]
    ]
   }
  },
  {
   "type": "Feature",
   "properties": {
    "code": "031",
    "h1": 0,
    "h2": 3,
    "h3": 1,
    "macro": "Computer Science",
    "meso": "Biomarkers for Health & Performance",
    "micro": "Human - Computer Interaction",
    "label_x": 529.86,
    "label_y": 347.34
   },
   "geometry": {
    "type": "Polygon",
    "coordinates": [
     [
      [
       535.25,
       304.37
      ],
      [
       537.33,
       304.07
      ],
      [
       539.4,
       304.11
      ],
      [
       541.48,
       304.49
      ],
      [
       542.09,
       304.72
      ],
      [
       543.55,
       305.24
      ],
      [
       545.63,
       306.39
      ],
      [
       545.79,
       306.52
      ],
      [
       547.7,
       308.04
      ],
      [
       547.98,
       308.32
      ],
      [
       549.61,
       310.12
      ],
      [
       549.78,
       310.34
      ],
      [
       550.88,
       311.92
      ],
      [
       551.86,
       313.63
      ],
      [
       551.91,
       313.72
      ],
      [
       552.76,
       315.52
      ],
      [
       553.44,
       317.32
      ],
      [
       553.94,
       318.95
      ],
      [
       553.99,
       319.12
      ],
      [
       554.46,
       320.93
      ],
      [
       554.83,
       322.73
      ],
      [
       555.12,
       324.53
      ],
      [
       555.32,
       326.33
      ],
      [
       555.47,
       328.13
      ],
      [
       555.56,
       329.93
      ],
      [
       555.6,
       331.73
      ],
      [
       555.58,
       333.54
      ],
      [
       555.53,
       335.34
      ],
      [
       555.43,
       337.14
      ],
      [
       555.28,
       338.94
      ],
      [
       555.1,
       340.75
      ],
      [
       554.88,
       342.55
      ],
      [
       554.6,
       344.35
      ],
      [
       554.28,
       346.15
      ],
      [
       553.94,
       347.91
      ],
      [
       553.93,
       347.95
      ],
      [
       553.57,
       349.75
      ],
      [
       553.17,
       351.55
      ],
      [
       552.71,
       353.35
      ],
      [
       552.19,
       355.15
      ],
      [
       551.86,
       356.22
      ],
      [
       551.64,
       356.95
      ],
      [
       551.07,
       358.75
      ],
      [
       550.42,
       360.56
      ],
      [
       549.78,
       362.11
      ],
      [
       549.69,
       362.36
      ],
      [
       548.94,
       364.16
      ],
      [
       548.07,
       365.96
      ],
      [
       547.7,
       366.65
      ],
      [
       547.14,
       367.76
      ],
      [
       546.09,
       369.56
      ],
      [
       545.63,
       370.28
      ],
      [
       544.93,
       371.36
      ],
      [
       543.61,
       373.16
      ],
      [
       543.55,
       373.23
      ],
      [
       542.14,
       374.96
      ],
      [
       541.48,
       375.7
      ],
      [
       540.45,
       376.77
      ],
      [
       539.4,
       377.79
      ],
      [
       538.5,
       378.57
      ],
      [
       537.33,
       379.54
      ],
      [
       536.17,
       380.37
      ],
      [
       535.25,
       381.01
      ],
      [
       533.26,
       382.18
      ],
      [
       533.18,
       382.23
      ],
      [
       531.09,
       383.25
      ],
      [
       529.15,
       383.98
      ],
      [
       529.02,
       384.02
      ],
      [
       526.94,
       384.64
      ],
      [
       524.87,
       385.03
      ],
      [
       522.79,
       385.23
      ],
      [
       520.72,
       385.25
      ],
      [
       518.64,
       385.07
      ],
      [
       516.57,
       384.69
      ],
      [
       514.48,
       384.09
      ],
      [
       514.18,
       383.98
      ],
      [
       512.41,
       383.29
      ],
      [
       510.33,
       382.21
      ],
      [
       510.27,
       382.18
      ],
      [
       508.26,
       380.86
      ],
      [
       507.61,
       380.37
      ],
      [
       506.18,
       379.16
      ],
      [
       505.55,
       378.57
      ],
      [
       504.11,
       376.99
      ],
      [
       503.91,
       376.77
      ],
      [
       502.56,
       374.96
      ],
      [
       502.03,
       374.08
      ],
      [
       501.48,
       373.16
      ],
      [
       500.62,
       371.36
      ],
      [
       499.98,
       369.56
      ],
      [
       499.96,
       369.46
      ],
      [
       499.48,
       367.76
      ],
      [
       499.16,
       365.96
      ],
      [
       499.01,
       364.16
      ],
      [
       498.99,
       362.36
      ],
      [
       499.12,
       360.56
      ],
      [
       499.37,
       358.75
      ],
      [
       499.74,
       356.95
      ],
      [
       499.96,
       356.15
      ],
      [
       500.18,
       355.15
      ],
      [
       500.7,
       353.35
      ],
      [
       501.31,
       351.55
      ],
      [
       502.03,
       349.77
      ],
      [
       502.03,
       349.75
      ],
      [
       502.74,
       347.95
      ],
      [
       503.54,
       346.15
      ],
      [
       504.11,
       345.0
      ],
      [
       504.39,
       344.35
      ],
      [
       505.24,
       342.55
      ],
      [
       506.18,
       340.75
      ],
      [
       507.07,
       338.94
      ],
      [
       508.03,
       337.14
      ],
      [
       508.26,
       336.75
      ],
      [
       508.98,
       335.34
      ],
      [
       509.98,
       333.54
      ],
      [
       510.33,
       332.91
      ],
      [
       510.96,
       331.73
      ],
      [
       511.97,
       329.93
      ],
      [
       512.41,
       329.19
      ],
      [
       513.0,
       328.13
      ],
      [
       514.03,
       326.33
      ],
      [
       514.48,
       325.59
      ],
      [
       515.1,
       324.53
      ],
      [
       516.2,
       322.73
      ],
      [
       516.57,
       322.15
      ],
      [
       517.32,
       320.93
      ],
      [
       518.5,
       319.12
      ],
      [
       518.64,
       318.93
      ],
      [
       519.72,
       317.32
      ],
      [
       520.72,
       315.95
      ],
      [
       521.03,
       315.52
      ],
      [
       522.43,
       313.72
      ],
      [
       522.79,
       313.27
      ],
      [
       523.96,
       311.92
      ],
      [
       524.87,
       310.92
      ],
      [
       525.68,
       310.12
      ],
      [
       526.94,
       308.91
      ],
      [
       527.69,
       308.32
      ],
      [
       529.02,
       307.26
      ],
      [
       530.2,
       306.52
      ],
      [
       531.09,
       305.95
      ],
      [
       533.18,
       305.0
      ],
      [
       534.12,
       304.72
      ],
      [
       535.25,
       304.37
      ]
     ]
    ]
   }
  },
  {
   "type": "Feature",
   "properties": {
    "code": "040",
    "h1": 0,
    "h2": 4,
    "h3": 0,
    "macro": "Computer Science",
    "meso": "Machine Learning Foundations",
    "micro": "Supervised Learning",
    "label_x": 455.23,
    "label_y": 403.39
   },
   "geometry": {
    "type": "Polygon",
    "coordinates": [
     [
      [
       442.47,
       377.21
      ],
      [
       444.48,
       376.83
      ],
      [
       446.49,
       376.7
      ],
      [
       448.5,
       376.79
      ],
      [
       450.51,
       377.09
      ],
      [
       452.18,
       377.51
      ],
      [
       452.53,
       377.6
      ],
      [
       454.53,
       378.29
      ],
      [
       456.55,
       379.24
      ],
      [
       456.95,
       379.48
      ],
      [
       458.55,
       380.42
      ],
      [
       459.95,
       381.45
      ],
      [
       460.57,
       381.9
      ],
      [
       462.3,
       383.41
      ],
      [
       462.58,
       383.66
      ],
      [
       464.27,
       385.37
      ],
      [
       464.59,
       385.71
      ],
      [
       466.01,
       387.34
      ],
      [
       466.6,
       388.07
      ],
      [
       467.57,
       389.3
      ],
      [
       468.61,
       390.76
      ],
      [
       468.97,
       391.27
      ],
      [
       470.26,
       393.24
      ],
      [
       470.62,
       393.84
      ],
      [
       471.45,
       395.2
      ],
      [
       472.47,
       397.16
      ],
      [
       472.64,
       397.51
      ],
      [
       473.43,
       399.13
      ],
      [
       474.22,
       401.09
      ],
      [
       474.64,
       402.37
      ],
      [
       474.89,
       403.06
      ],
      [
       475.47,
       405.03
      ],
      [
       475.89,
       406.99
      ],
      [
       476.18,
       408.95
      ],
      [
       476.32,
       410.92
      ],
      [
       476.31,
       412.88
      ],
      [
       476.14,
       414.85
      ],
      [
       475.78,
       416.82
      ],
      [
       475.2,
       418.78
      ],
      [
       474.64,
       420.14
      ],
      [
       474.38,
       420.74
      ],
      [
       473.25,
       422.71
      ],
      [
       472.64,
       423.56
      ],
      [
       471.66,
       424.67
      ],
      [
       470.62,
       425.69
      ],
      [
       469.31,
       426.64
      ],
      [
       468.61,
       427.1
      ],
      [
       466.6,
       428.0
      ],
      [
       464.59,
       428.5
      ],
      [
       463.45,
       428.61
      ],
      [
       462.58,
       428.68
      ],
      [
       460.57,
       428.61
      ],
      [
       458.55,
       428.31
      ],
      [
       456.55,
       427.8
      ],
      [
       454.53,
       427.09
      ],
      [
       453.57,
       426.64
      ],
      [
       452.53,
       426.19
      ],
      [
       450.51,
       425.08
      ],
      [
       449.9,
       424.67
      ],
      [
       448.5,
       423.76
      ],
      [
       447.16,
       422.71
      ],
      [
       446.49,
       422.18
      ],
      [
       444.94,
       420.74
      ],
      [
       444.48,
       420.29
      ],
      [
       443.08,
       418.78
      ],
      [
       442.47,
       418.06
      ],
      [
       441.48,
       416.82
      ],
      [
       440.46,
       415.35
      ],
      [
       440.12,
       414.85
      ],
      [
       438.91,
       412.88
      ],
      [
       438.45,
       412.02
      ],
      [
       437.84,
       410.92
      ],
      [
       436.9,
       408.95
      ],
      [
       436.44,
       407.82
      ],
      [
       436.06,
       406.99
      ],
      [
       435.3,
       405.03
      ],
      [
       434.66,
       403.06
      ],
      [
       434.43,
       402.22
      ],
      [
       434.07,
       401.09
      ],
      [
       433.55,
       399.13
      ],
      [
       433.14,
       397.16
      ],
      [
       432.84,
       395.2
      ],
      [
       432.66,
       393.24
      ],
      [
       432.61,
       391.27
      ],
      [
       432.71,
       389.3
      ],
      [
       433.01,
       387.34
      ],
      [
       433.54,
       385.37
      ],
      [
       434.4,
       383.41
      ],
      [
       434.43,
       383.36
      ],
      [
       435.69,
       381.45
      ],
      [
       436.44,
       380.6
      ],
      [
       437.71,
       379.48
      ],
      [
       438.45,
       378.94
      ],
      [
       440.46,
       377.87
      ],
      [
       441.51,
       377.51
      ],
      [
       442.47,
       377.21
      ]
     ]
    ]
   }
  },
  {
   "type": "Feature",
   "properties": {
    "code": "041",
    "h1": 0,
    "h2": 4,
    "h3": 1,
    "macro": "Computer Science",
    "meso": "Machine Learning Foundations",
    "micro": "Neural Network Architectures",
    "label_x": 483.02,
    "label_y": 431.64
   },
   "geometry": {
    "type": "Polygon",
    "coordinates": [
     [
      [
       493.29,
       393.08
      ],
      [
       495.43,
       392.45
      ],
      [
       497.57,
       391.97
      ],
      [
       499.71,
       391.67
      ],
      [
       501.85,
       391.54
      ],
      [
       503.99,
       391.62
      ],
      [
       506.13,
       391.95
      ],
      [
       508.28,
       392.6
      ],
      [
       510.07,
       393.49
      ],
      [
       510.42,
       393.69
      ],
      [
       512.56,
       395.41
      ],
      [
       512.6,
       395.45
      ],
      [
       514.14,
       397.4
      ],
      [
       514.7,
       398.4
      ],
      [
       515.17,
       399.35
      ],
      [
       515.84,
       401.31
      ],
      [
       516.23,
       403.27
      ],
      [
       516.41,
       405.21
      ],
      [
       516.42,
       407.17
      ],
      [
       516.28,
       409.12
      ],
      [
       516.03,
       411.07
      ],
      [
       515.66,
       413.03
      ],
      [
       515.19,
       414.98
      ],
      [
       514.7,
       416.64
      ],
      [
       514.62,
       416.93
      ],
      [
       514.03,
       418.89
      ],
      [
       513.36,
       420.84
      ],
      [
       512.61,
       422.79
      ],
      [
       512.56,
       422.92
      ],
      [
       511.87,
       424.75
      ],
      [
       511.07,
       426.7
      ],
      [
       510.42,
       428.2
      ],
      [
       510.22,
       428.65
      ],
      [
       509.39,
       430.61
      ],
      [
       508.5,
       432.56
      ],
      [
       508.28,
       433.04
      ],
      [
       507.61,
       434.51
      ],
      [
       506.69,
       436.47
      ],
      [
       506.13,
       437.62
      ],
      [
       505.75,
       438.42
      ],
      [
       504.79,
       440.37
      ],
      [
       503.99,
       441.93
      ],
      [
       503.79,
       442.33
      ],
      [
       502.78,
       444.28
      ],
      [
       501.85,
       446.0
      ],
      [
       501.72,
       446.23
      ],
      [
       500.64,
       448.19
      ],
      [
       499.71,
       449.84
      ],
      [
       499.51,
       450.14
      ],
      [
       498.35,
       452.09
      ],
      [
       497.57,
       453.43
      ],
      [
       497.13,
       454.05
      ],
      [
       495.83,
       456.0
      ],
      [
       495.43,
       456.67
      ],
      [
       494.35,
       457.95
      ],
      [
       493.29,
       459.29
      ],
      [
       492.46,
       459.91
      ],
      [
       491.14,
       460.94
      ],
      [
       489.0,
       461.58
      ],
      [
       486.86,
       461.8
      ],
      [
       484.72,
       461.84
      ],
      [
       482.58,
       461.8
      ],
      [
       480.44,
       461.72
      ],
      [
       478.29,
       461.64
      ],
      [
       476.15,
       461.56
      ],
      [
       474.01,
       461.5
      ],
      [
       471.87,
       461.5
      ],
      [
       469.73,
       461.55
      ],
      [
       467.58,
       461.68
      ],
      [
       465.91,
       461.86
      ],
      [
       465.44,
       461.91
      ],
      [
       463.3,
       462.23
      ],
      [
       461.16,
       462.64
      ],
      [
       459.01,
       463.13
      ],
      [
       456.88,
       463.66
      ],
      [
       456.23,
       463.81
      ],
      [
       454.74,
       464.17
      ],
      [
       452.6,
       464.62
      ],
      [
       450.45,
       464.98
      ],
      [
       448.31,
       465.18
      ],
      [
       446.17,
       465.16
      ],
      [
       444.03,
       464.84
      ],
      [
       441.89,
       464.07
      ],
      [
       441.46,
       463.81
      ],
      [
       439.74,
       462.3
      ],
      [
       439.4,
       461.86
      ],
      [
       438.58,
       459.91
      ],
      [
       438.4,
       457.95
      ],
      [
       438.7,
       456.0
      ],
      [
       439.37,
       454.05
      ],
      [
       439.74,
       453.35
      ],
      [
       440.44,
       452.09
      ],
      [
       441.82,
       450.14
      ],
      [
       441.89,
       450.07
      ],
      [
       443.57,
       448.19
      ],
      [
       444.03,
       447.74
      ],
      [
       445.6,
       446.23
      ],
      [
       446.17,
       445.73
      ],
      [
       447.84,
       444.28
      ],
      [
       448.31,
       443.89
      ],
      [
       450.11,
       442.33
      ],
      [
       450.45,
       442.03
      ],
      [
       452.25,
       440.37
      ],
      [
       452.6,
       440.05
      ],
      [
       454.12,
       438.42
      ],
      [
       454.74,
       437.75
      ],
      [
       455.75,
       436.47
      ],
      [
       456.88,
       434.96
      ],
      [
       457.16,
       434.51
      ],
      [
       458.38,
       432.56
      ],
      [
       459.01,
       431.49
      ],
      [
       459.48,
       430.61
      ],
      [
       460.47,
       428.65
      ],
      [
       461.16,
       427.32
      ],
      [
       461.44,
       426.7
      ],
      [
       462.34,
       424.75
      ],
      [
       463.29,
       422.79
      ],
      [
       463.3,
       422.78
      ],
      [
       464.18,
       420.84
      ],
      [
       465.16,
       418.89
      ],
      [
       465.44,
       418.37
      ],
      [
       466.16,
       416.93
      ],
      [
       467.25,
       414.98
      ],
      [
       467.58,
       414.43
      ],
      [
       468.41,
       413.03
      ],
      [
       469.7,
       411.07
      ],
      [
       469.73,
       411.04
      ],
      [
       471.07,
       409.12
      ],
      [
       471.87,
       408.11
      ],
      [
       472.62,
       407.17
      ],
      [
       474.01,
       405.6
      ],
      [
       474.36,
       405.21
      ],
      [
       476.15,
       403.42
      ],
      [
       476.32,
       403.27
      ],
      [
       478.29,
       401.5
      ],
      [
       478.53,
       401.31
      ],
      [
       480.44,
       399.8
      ],
      [
       481.07,
       399.35
      ],
      [
       482.58,
       398.3
      ],
      [
       484.03,
       397.4
      ],
      [
       484.72,
       396.97
      ],
      [
       486.86,
       395.8
      ],
      [
       487.59,
       395.45
      ],
      [
       489.0,
       394.75
      ],
      [
       491.14,
       393.86
      ],
      [
       492.19,
       393.49
      ],
      [
       493.29,
       393.08
      ]
     ]
    ]
   }
  },
  {
   "type": "Feature",
   "properties": {
    "code": "042",
    "h1": 0,
    "h2": 4,
    "h3": 2,
    "macro": "Computer Science",
    "meso": "Machine Learning Foundations",
    "micro": "SVM & Decision Tree",
    "label_x": 408.95,
    "label_y": 451.54
   },
   "geometry": {
    "type": "Polygon",
    "coordinates": [
     [
      [
       418.73,
       410.26
      ],
      [
       421.05,
       410.2
      ],
      [
       423.36,
       410.23
      ],
      [
       425.66,
       410.34
      ],
      [
       425.88,
       410.36
      ],
      [
       427.98,
       410.53
      ],
      [
       430.28,
       410.82
      ],
      [
       432.59,
       411.22
      ],
      [
       434.9,
       411.78
      ],
      [
       436.96,
       412.42
      ],
      [
       437.21,
       412.51
      ],
      [
       439.52,
       413.36
      ],
      [
       441.83,
       414.48
      ],
      [
       441.86,
       414.5
      ],
      [
       444.14,
       415.79
      ],
      [
       445.27,
       416.57
      ],
      [
       446.45,
       417.41
      ],
      [
       447.91,
       418.64
      ],
      [
       448.76,
       419.39
      ],
      [
       450.07,
       420.7
      ],
      [
       451.07,
       421.81
      ],
      [
       451.87,
       422.78
      ],
      [
       453.38,
       424.83
      ],
      [
       453.39,
       424.85
      ],
      [
       454.72,
       426.91
      ],
      [
       455.68,
       428.69
      ],
      [
       455.85,
       428.98
      ],
      [
       456.85,
       431.06
      ],
      [
       457.68,
       433.13
      ],
      [
       458.0,
       434.05
      ],
      [
       458.41,
       435.2
      ],
      [
       459.02,
       437.27
      ],
      [
       459.52,
       439.34
      ],
      [
       459.9,
       441.41
      ],
      [
       460.16,
       443.48
      ],
      [
       460.3,
       445.25
      ],
      [
       460.33,
       445.55
      ],
      [
       460.39,
       447.62
      ],
      [
       460.32,
       449.68
      ],
      [
       460.3,
       449.93
      ],
      [
       460.15,
       451.76
      ],
      [
       459.83,
       453.83
      ],
      [
       459.36,
       455.9
      ],
      [
       458.73,
       457.96
      ],
      [
       458.0,
       459.8
      ],
      [
       457.91,
       460.04
      ],
      [
       456.93,
       462.11
      ],
      [
       455.7,
       464.18
      ],
      [
       455.68,
       464.2
      ],
      [
       454.29,
       466.25
      ],
      [
       453.38,
       467.39
      ],
      [
       452.62,
       468.32
      ],
      [
       451.07,
       470.0
      ],
      [
       450.69,
       470.39
      ],
      [
       448.76,
       472.24
      ],
      [
       448.51,
       472.46
      ],
      [
       446.45,
       474.23
      ],
      [
       446.09,
       474.53
      ],
      [
       444.14,
       476.04
      ],
      [
       443.39,
       476.6
      ],
      [
       441.83,
       477.73
      ],
      [
       440.44,
       478.67
      ],
      [
       439.52,
       479.29
      ],
      [
       437.23,
       480.74
      ],
      [
       437.21,
       480.75
      ],
      [
       434.9,
       482.17
      ],
      [
       433.78,
       482.81
      ],
      [
       432.59,
       483.51
      ],
      [
       430.28,
       484.75
      ],
      [
       430.02,
       484.88
      ],
      [
       427.98,
       485.95
      ],
      [
       425.84,
       486.95
      ],
      [
       425.66,
       487.04
      ],
      [
       423.36,
       488.08
      ],
      [
       421.05,
       488.98
      ],
      [
       420.92,
       489.02
      ],
      [
       418.73,
       489.83
      ],
      [
       416.43,
       490.52
      ],
      [
       414.11,
       491.09
      ],
      [
       411.81,
       491.58
      ],
      [
       409.5,
       491.92
      ],
      [
       407.19,
       492.12
      ],
      [
       404.88,
       492.2
      ],
      [
       402.57,
       492.15
      ],
      [
       400.26,
       491.98
      ],
      [
       397.95,
       491.68
      ],
      [
       395.64,
       491.27
      ],
      [
       394.88,
       491.09
      ],
      [
       393.33,
       490.77
      ],
      [
       391.02,
       490.18
      ],
      [
       388.71,
       489.48
      ],
      [
       387.4,
       489.02
      ],
      [
       386.41,
       488.7
      ],
      [
       384.09,
       487.85
      ],
      [
       381.98,
       486.95
      ],
      [
       381.78,
       486.88
      ],
      [
       379.48,
       485.86
      ],
      [
       377.49,
       484.88
      ],
      [
       377.16,
       484.73
      ],
      [
       374.86,
       483.52
      ],
      [
       373.61,
       482.81
      ],
      [
       372.55,
       482.2
      ],
      [
       370.24,
       480.76
      ],
      [
       370.21,
       480.74
      ],
      [
       367.93,
       479.2
      ],
      [
       367.2,
       478.67
      ],
      [
       365.62,
       477.46
      ],
      [
       364.54,
       476.6
      ],
      [
       363.31,
       475.52
      ],
      [
       362.22,
       474.53
      ],
      [
       361.0,
       473.3
      ],
      [
       360.18,
       472.46
      ],
      [
       358.69,
       470.7
      ],
      [
       358.43,
       470.39
      ],
      [
       356.94,
       468.32
      ],
      [
       356.38,
       467.39
      ],
      [
       355.69,
       466.25
      ],
      [
       354.67,
       464.18
      ],
      [
       354.07,
       462.55
      ],
      [
       353.9,
       462.11
      ],
      [
       353.32,
       460.04
      ],
      [
       352.97,
       457.96
      ],
      [
       352.82,
       455.9
      ],
      [
       352.89,
       453.83
      ],
      [
       353.14,
       451.76
      ],
      [
       353.61,
       449.68
      ],
      [
       354.07,
       448.25
      ],
      [
       354.26,
       447.62
      ],
      [
       355.07,
       445.55
      ],
      [
       356.12,
       443.48
      ],
      [
       356.38,
       443.04
      ],
      [
       357.31,
       441.41
      ],
      [
       358.69,
       439.4
      ],
      [
       358.73,
       439.34
      ],
      [
       360.29,
       437.27
      ],
      [
       361.0,
       436.45
      ],
      [
       362.05,
       435.2
      ],
      [
       363.31,
       433.87
      ],
      [
       364.01,
       433.13
      ],
      [
       365.62,
       431.59
      ],
      [
       366.18,
       431.06
      ],
      [
       367.93,
       429.53
      ],
      [
       368.55,
       428.98
      ],
      [
       370.24,
       427.64
      ],
      [
       371.18,
       426.91
      ],
      [
       372.55,
       425.91
      ],
      [
       374.07,
       424.85
      ],
      [
       374.86,
       424.32
      ],
      [
       377.16,
       422.86
      ],
      [
       377.3,
       422.78
      ],
      [
       379.48,
       421.47
      ],
      [
       380.88,
       420.7
      ],
      [
       381.78,
       420.21
      ],
      [
       384.09,
       419.04
      ],
      [
       384.96,
       418.64
      ],
      [
       386.41,
       417.95
      ],
      [
       388.71,
       416.95
      ],
      [
       389.71,
       416.57
      ],
      [
       391.02,
       416.03
      ],
      [
       393.33,
       415.18
      ],
      [
       395.43,
       414.5
      ],
      [
       395.64,
       414.43
      ],
      [
       397.95,
       413.7
      ],
      [
       400.26,
       413.06
      ],
      [
       402.57,
       412.51
      ],
      [
       402.95,
       412.42
      ],
      [
       404.88,
       411.98
      ],
      [
       407.19,
       411.52
      ],
      [
       409.5,
       411.13
      ],
      [
       411.81,
       410.82
      ],
      [
       414.11,
       410.57
      ],
      [
       416.43,
       410.39
      ],
      [
       417.13,
       410.36
      ],
      [
       418.73,
       410.26
      ]
     ]
    ]
   }
  },
  {
   "type": "Feature",
   "properties": {
    "code": "043",
    "h1": 0,
    "h2": 4,
    "h3": 3,
    "macro": "Computer Science",
    "meso": "Machine Learning Foundations",
    "micro": "Probabilistic Modeling",
    "label_x": 517.5,
    "label_y": 490.39
   },
   "geometry": {
    "type": "Polygon",
    "coordinates": [
     [
      [
       504.77,
       459.73
      ],
      [
       506.88,
       459.37
      ],
      [
       508.99,
       459.05
      ],
      [
       511.09,
       458.8
      ],
      [
       513.2,
       458.59
      ],
      [
       515.31,
       458.43
      ],
      [
       517.42,
       458.31
      ],
      [
       519.52,
       458.23
      ],
      [
       521.63,
       458.19
      ],
      [
       523.74,
       458.19
      ],
      [
       525.85,
       458.23
      ],
      [
       527.96,
       458.31
      ],
      [
       530.06,
       458.44
      ],
      [
       532.17,
       458.61
      ],
      [
       534.28,
       458.84
      ],
      [
       536.39,
       459.14
      ],
      [
       538.49,
       459.5
      ],
      [
       540.14,
       459.84
      ],
      [
       540.6,
       459.92
      ],
      [
       542.71,
       460.39
      ],
      [
       544.82,
       460.95
      ],
      [
       546.93,
       461.64
      ],
      [
       547.31,
       461.78
      ],
      [
       549.03,
       462.4
      ],
      [
       551.14,
       463.3
      ],
      [
       552.02,
       463.73
      ],
      [
       553.25,
       464.35
      ],
      [
       555.36,
       465.58
      ],
      [
       555.5,
       465.66
      ],
      [
       557.46,
       467.05
      ],
      [
       558.19,
       467.61
      ],
      [
       559.57,
       468.85
      ],
      [
       560.3,
       469.55
      ],
      [
       561.67,
       471.17
      ],
      [
       561.94,
       471.49
      ],
      [
       563.23,
       473.44
      ],
      [
       563.78,
       474.54
      ],
      [
       564.2,
       475.38
      ],
      [
       564.91,
       477.33
      ],
      [
       565.36,
       479.27
      ],
      [
       565.59,
       481.21
      ],
      [
       565.64,
       483.16
      ],
      [
       565.51,
       485.1
      ],
      [
       565.24,
       487.04
      ],
      [
       564.82,
       488.99
      ],
      [
       564.27,
       490.93
      ],
      [
       563.78,
       492.35
      ],
      [
       563.61,
       492.87
      ],
      [
       562.87,
       494.82
      ],
      [
       562.01,
       496.76
      ],
      [
       561.67,
       497.44
      ],
      [
       561.07,
       498.71
      ],
      [
       560.03,
       500.64
      ],
      [
       559.57,
       501.45
      ],
      [
       558.9,
       502.59
      ],
      [
       557.65,
       504.54
      ],
      [
       557.46,
       504.81
      ],
      [
       556.29,
       506.47
      ],
      [
       555.36,
       507.68
      ],
      [
       554.75,
       508.42
      ],
      [
       553.25,
       510.11
      ],
      [
       553.0,
       510.36
      ],
      [
       551.14,
       512.18
      ],
      [
       551.0,
       512.3
      ],
      [
       549.03,
       513.94
      ],
      [
       548.62,
       514.25
      ],
      [
       546.93,
       515.45
      ],
      [
       545.72,
       516.19
      ],
      [
       544.82,
       516.73
      ],
      [
       542.71,
       517.83
      ],
      [
       542.02,
       518.13
      ],
      [
       540.6,
       518.76
      ],
      [
       538.49,
       519.54
      ],
      [
       536.72,
       520.08
      ],
      [
       536.39,
       520.18
      ],
      [
       534.28,
       520.71
      ],
      [
       532.17,
       521.11
      ],
      [
       530.06,
       521.4
      ],
      [
       527.96,
       521.58
      ],
      [
       525.85,
       521.67
      ],
      [
       523.74,
       521.67
      ],
      [
       521.63,
       521.59
      ],
      [
       519.52,
       521.45
      ],
      [
       517.42,
       521.25
      ],
      [
       515.31,
       521.0
      ],
      [
       513.2,
       520.69
      ],
      [
       511.09,
       520.36
      ],
      [
       509.46,
       520.08
      ],
      [
       508.99,
       520.0
      ],
      [
       506.88,
       519.66
      ],
      [
       504.77,
       519.3
      ],
      [
       502.66,
       518.91
      ],
      [
       500.55,
       518.5
      ],
      [
       498.81,
       518.13
      ],
      [
       498.45,
       518.07
      ],
      [
       496.34,
       517.66
      ],
      [
       494.23,
       517.21
      ],
      [
       492.12,
       516.73
      ],
      [
       490.02,
       516.19
      ],
      [
       487.91,
       515.66
      ],
      [
       485.8,
       515.05
      ],
      [
       483.69,
       514.37
      ],
      [
       483.35,
       514.25
      ],
      [
       481.59,
       513.64
      ],
      [
       479.48,
       512.8
      ],
      [
       478.36,
       512.3
      ],
      [
       477.37,
       511.85
      ],
      [
       475.26,
       510.77
      ],
      [
       474.56,
       510.36
      ],
      [
       473.16,
       509.48
      ],
      [
       471.63,
       508.42
      ],
      [
       471.05,
       507.94
      ],
      [
       469.4,
       506.47
      ],
      [
       468.94,
       505.98
      ],
      [
       467.71,
       504.54
      ],
      [
       466.83,
       503.14
      ],
      [
       466.5,
       502.59
      ],
      [
       465.68,
       500.64
      ],
      [
       465.21,
       498.71
      ],
      [
       465.03,
       496.76
      ],
      [
       465.11,
       494.82
      ],
      [
       465.41,
       492.87
      ],
      [
       465.89,
       490.93
      ],
      [
       466.56,
       488.99
      ],
      [
       466.83,
       488.32
      ],
      [
       467.35,
       487.04
      ],
      [
       468.26,
       485.1
      ],
      [
       468.94,
       483.84
      ],
      [
       469.3,
       483.16
      ],
      [
       470.44,
       481.21
      ],
      [
       471.05,
       480.26
      ],
      [
       471.69,
       479.27
      ],
      [
       473.09,
       477.33
      ],
      [
       473.16,
       477.23
      ],
      [
       474.6,
       475.38
      ],
      [
       475.26,
       474.61
      ],
      [
       476.32,
       473.44
      ],
      [
       477.37,
       472.36
      ],
      [
       478.28,
       471.49
      ],
      [
       479.48,
       470.43
      ],
      [
       480.55,
       469.55
      ],
      [
       481.59,
       468.76
      ],
      [
       483.26,
       467.61
      ],
      [
       483.69,
       467.33
      ],
      [
       485.8,
       466.06
      ],
      [
       486.54,
       465.66
      ],
      [
       487.91,
       464.96
      ],
      [
       490.02,
       464.0
      ],
      [
       490.67,
       463.73
      ],
      [
       492.12,
       463.13
      ],
      [
       494.23,
       462.37
      ],
      [
       496.15,
       461.78
      ],
      [
       496.34,
       461.72
      ],
      [
       498.45,
       461.11
      ],
      [
       500.55,
       460.58
      ],
      [
       502.66,
       460.13
      ],
      [
       504.25,
       459.84
      ],
      [
       504.77,
       459.73
      ]
     ]
    ]
   }
  },
  {
   "type": "Feature",
   "properties": {
    "code": "044",
    "h1": 0,
    "h2": 4,
    "h3": 4,
    "macro": "Computer Science",
    "meso": "Machine Learning Foundations",
    "micro": "Unsupervised Learning",
    "label_x": 466.86,
    "label_y": 476.46
   },
   "geometry": {
    "type": "Polygon",
    "coordinates": [
     [
      [
       458.53,
       449.44
      ],
      [
       460.86,
       448.83
      ],
      [
       463.18,
       448.43
      ],
      [
       465.51,
       448.23
      ],
      [
       467.85,
       448.19
      ],
      [
       470.18,
       448.32
      ],
      [
       472.5,
       448.61
      ],
      [
       474.83,
       449.1
      ],
      [
       476.45,
       449.56
      ],
      [
       477.16,
       449.75
      ],
      [
       479.5,
       450.56
      ],
      [
       481.55,
       451.47
      ],
      [
       481.82,
       451.59
      ],
      [
       484.15,
       452.77
      ],
      [
       485.2,
       453.38
      ],
      [
       486.48,
       454.13
      ],
      [
       488.22,
       455.29
      ],
      [
       488.81,
       455.68
      ],
      [
       490.88,
       457.19
      ],
      [
       491.14,
       457.39
      ],
      [
       493.3,
       459.1
      ],
      [
       493.48,
       459.24
      ],
      [
       495.57,
       461.01
      ],
      [
       495.8,
       461.22
      ],
      [
       497.71,
       462.92
      ],
      [
       498.13,
       463.33
      ],
      [
       499.71,
       464.83
      ],
      [
       500.46,
       465.62
      ],
      [
       501.56,
       466.74
      ],
      [
       502.8,
       468.2
      ],
      [
       503.19,
       468.64
      ],
      [
       504.62,
       470.55
      ],
      [
       505.12,
       471.45
      ],
      [
       505.76,
       472.46
      ],
      [
       506.57,
       474.37
      ],
      [
       506.96,
       476.27
      ],
      [
       506.98,
       478.18
      ],
      [
       506.6,
       480.09
      ],
      [
       505.81,
       482.0
      ],
      [
       505.12,
       483.07
      ],
      [
       504.63,
       483.91
      ],
      [
       503.05,
       485.81
      ],
      [
       502.8,
       486.06
      ],
      [
       501.07,
       487.72
      ],
      [
       500.46,
       488.2
      ],
      [
       498.57,
       489.62
      ],
      [
       498.13,
       489.91
      ],
      [
       495.8,
       491.33
      ],
      [
       495.44,
       491.54
      ],
      [
       493.48,
       492.55
      ],
      [
       491.43,
       493.44
      ],
      [
       491.14,
       493.57
      ],
      [
       488.81,
       494.46
      ],
      [
       486.48,
       495.2
      ],
      [
       485.91,
       495.35
      ],
      [
       484.15,
       495.85
      ],
      [
       481.82,
       496.38
      ],
      [
       479.5,
       496.81
      ],
      [
       477.16,
       497.14
      ],
      [
       476.12,
       497.26
      ],
      [
       474.83,
       497.42
      ],
      [
       472.5,
       497.63
      ],
      [
       470.18,
       497.79
      ],
      [
       467.85,
       497.9
      ],
      [
       465.51,
       497.98
      ],
      [
       463.18,
       498.04
      ],
      [
       460.86,
       498.11
      ],
      [
       458.53,
       498.18
      ],
      [
       456.19,
       498.29
      ],
      [
       453.87,
       498.45
      ],
      [
       451.53,
       498.65
      ],
      [
       449.2,
       498.9
      ],
      [
       446.88,
       499.17
      ],
      [
       444.55,
       499.44
      ],
      [
       442.22,
       499.62
      ],
      [
       439.88,
       499.61
      ],
      [
       437.55,
       499.27
      ],
      [
       437.27,
       499.17
      ],
      [
       435.23,
       498.39
      ],
      [
       433.6,
       497.26
      ],
      [
       432.9,
       496.69
      ],
      [
       431.75,
       495.35
      ],
      [
       430.57,
       493.67
      ],
      [
       430.44,
       493.44
      ],
      [
       429.5,
       491.54
      ],
      [
       428.75,
       489.62
      ],
      [
       428.23,
       487.94
      ],
      [
       428.18,
       487.72
      ],
      [
       427.8,
       485.81
      ],
      [
       427.61,
       483.91
      ],
      [
       427.6,
       482.0
      ],
      [
       427.8,
       480.09
      ],
      [
       428.21,
       478.18
      ],
      [
       428.23,
       478.11
      ],
      [
       428.83,
       476.27
      ],
      [
       429.67,
       474.37
      ],
      [
       430.57,
       472.76
      ],
      [
       430.73,
       472.46
      ],
      [
       431.95,
       470.55
      ],
      [
       432.9,
       469.3
      ],
      [
       433.36,
       468.64
      ],
      [
       434.91,
       466.74
      ],
      [
       435.23,
       466.39
      ],
      [
       436.56,
       464.83
      ],
      [
       437.55,
       463.78
      ],
      [
       438.34,
       462.92
      ],
      [
       439.88,
       461.37
      ],
      [
       440.24,
       461.01
      ],
      [
       442.22,
       459.16
      ],
      [
       442.28,
       459.1
      ],
      [
       444.49,
       457.19
      ],
      [
       444.55,
       457.15
      ],
      [
       446.88,
       455.34
      ],
      [
       446.96,
       455.29
      ],
      [
       449.2,
       453.74
      ],
      [
       449.8,
       453.38
      ],
      [
       451.53,
       452.35
      ],
      [
       453.28,
       451.47
      ],
      [
       453.87,
       451.18
      ],
      [
       456.19,
       450.2
      ],
      [
       458.14,
       449.56
      ],
      [
       458.53,
       449.44
      ]
     ]
    ]
   }
  },
  {
   "type": "Feature",
   "properties": {
    "code": "045",
    "h1": 0,
    "h2": 4,
    "h3": 5,
    "macro": "Computer Science",
    "meso": "Machine Learning Foundations",
    "micro": "Graph Learning & Network Modeling",
    "label_x": 531.18,
    "label_y": 441.53
   },
   "geometry": {
    "type": "Polygon",
    "coordinates": [
     [
      [
       521.49,
       418.39
      ],
      [
       524.13,
       418.07
      ],
      [
       526.77,
       418.04
      ],
      [
       529.4,
       418.27
      ],
      [
       532.04,
       418.77
      ],
      [
       534.68,
       419.46
      ],
      [
       537.31,
       420.43
      ],
      [
       539.75,
       421.64
      ],
      [
       539.95,
       421.74
      ],
      [
       542.58,
       423.32
      ],
      [
       544.18,
       424.52
      ],
      [
       545.22,
       425.37
      ],
      [
       547.32,
       427.39
      ],
      [
       547.86,
       428.0
      ],
      [
       549.65,
       430.25
      ],
      [
       550.49,
       431.62
      ],
      [
       551.39,
       433.12
      ],
      [
       552.63,
       435.99
      ],
      [
       553.13,
       437.77
      ],
      [
       553.45,
       438.86
      ],
      [
       553.91,
       441.73
      ],
      [
       553.94,
       444.6
      ],
      [
       553.55,
       447.46
      ],
      [
       553.13,
       448.93
      ],
      [
       552.73,
       450.34
      ],
      [
       551.37,
       453.21
      ],
      [
       550.49,
       454.5
      ],
      [
       549.31,
       456.08
      ],
      [
       547.86,
       457.58
      ],
      [
       546.25,
       458.95
      ],
      [
       545.22,
       459.7
      ],
      [
       542.58,
       461.23
      ],
      [
       541.18,
       461.82
      ],
      [
       539.95,
       462.33
      ],
      [
       537.31,
       463.11
      ],
      [
       534.68,
       463.55
      ],
      [
       532.04,
       463.7
      ],
      [
       529.4,
       463.57
      ],
      [
       526.77,
       463.14
      ],
      [
       524.13,
       462.36
      ],
      [
       522.88,
       461.82
      ],
      [
       521.49,
       461.23
      ],
      [
       518.86,
       459.67
      ],
      [
       517.91,
       458.95
      ],
      [
       516.22,
       457.55
      ],
      [
       514.77,
       456.08
      ],
      [
       513.59,
       454.65
      ],
      [
       512.52,
       453.21
      ],
      [
       510.95,
       450.48
      ],
      [
       510.87,
       450.34
      ],
      [
       509.58,
       447.46
      ],
      [
       508.68,
       444.6
      ],
      [
       508.32,
       442.85
      ],
      [
       508.06,
       441.73
      ],
      [
       507.68,
       438.86
      ],
      [
       507.59,
       435.99
      ],
      [
       507.79,
       433.12
      ],
      [
       508.32,
       430.45
      ],
      [
       508.35,
       430.25
      ],
      [
       509.32,
       427.39
      ],
      [
       510.95,
       424.57
      ],
      [
       510.99,
       424.52
      ],
      [
       513.59,
       421.81
      ],
      [
       513.82,
       421.64
      ],
      [
       516.22,
       420.11
      ],
      [
       518.86,
       419.05
      ],
      [
       519.96,
       418.77
      ],
      [
       521.49,
       418.39
      ]
     ]
    ]
   }
  },
  {
   "type": "Feature",
   "properties": {
    "code": "100",
    "h1": 1,
    "h2": 0,
    "h3": 0,
    "macro": "Health Science",
    "meso": "Medical Imaging & Radiology",
    "micro": "Musculoskeletal Imaging",
    "label_x": 450.67,
    "label_y": 208.13
   },
   "geometry": {
    "type": "Polygon",
    "coordinates": [
     [
      [
       455.78,
       181.52
      ],
      [
       457.67,
       181.39
      ],
      [
       459.57,
       181.42
      ],
      [
       461.47,
       181.61
      ],
      [
       462.46,
       181.79
      ],
      [
       463.37,
       181.94
      ],
      [
       465.26,
       182.42
      ],
      [
       467.16,
       183.04
      ],
      [
       468.69,
       183.67
      ],
      [
       469.06,
       183.82
      ],
      [
       470.95,
       184.76
      ],
      [
       472.32,
       185.55
      ],
      [
       472.85,
       185.88
      ],
      [
       474.75,
       187.2
      ],
      [
       475.07,
       187.44
      ],
      [
       476.65,
       188.76
      ],
      [
       477.25,
       189.32
      ],
      [
       478.54,
       190.64
      ],
      [
       479.05,
       191.2
      ],
      [
       480.44,
       192.95
      ],
      [
       480.54,
       193.08
      ],
      [
       481.76,
       194.96
      ],
      [
       482.34,
       196.08
      ],
      [
       482.73,
       196.84
      ],
      [
       483.47,
       198.73
      ],
      [
       483.98,
       200.61
      ],
      [
       484.23,
       202.27
      ],
      [
       484.27,
       202.49
      ],
      [
       484.36,
       204.37
      ],
      [
       484.23,
       206.26
      ],
      [
       483.91,
       208.14
      ],
      [
       483.39,
       210.02
      ],
      [
       482.65,
       211.91
      ],
      [
       482.34,
       212.53
      ],
      [
       481.68,
       213.79
      ],
      [
       480.47,
       215.67
      ],
      [
       480.44,
       215.72
      ],
      [
       478.96,
       217.55
      ],
      [
       478.54,
       218.0
      ],
      [
       477.04,
       219.44
      ],
      [
       476.65,
       219.78
      ],
      [
       474.75,
       221.19
      ],
      [
       474.54,
       221.32
      ],
      [
       472.85,
       222.32
      ],
      [
       471.0,
       223.2
      ],
      [
       470.95,
       223.22
      ],
      [
       469.06,
       223.96
      ],
      [
       467.16,
       224.55
      ],
      [
       465.26,
       225.02
      ],
      [
       464.95,
       225.08
      ],
      [
       463.37,
       225.41
      ],
      [
       461.47,
       225.71
      ],
      [
       459.57,
       225.97
      ],
      [
       457.67,
       226.19
      ],
      [
       455.78,
       226.38
      ],
      [
       453.88,
       226.58
      ],
      [
       451.98,
       226.79
      ],
      [
       450.55,
       226.96
      ],
      [
       450.09,
       227.03
      ],
      [
       448.19,
       227.31
      ],
      [
       446.29,
       227.66
      ],
      [
       444.39,
       228.06
      ],
      [
       442.5,
       228.52
      ],
      [
       441.23,
       228.84
      ],
      [
       440.6,
       229.02
      ],
      [
       438.7,
       229.53
      ],
      [
       436.8,
       230.02
      ],
      [
       434.91,
       230.46
      ],
      [
       433.5,
       230.73
      ],
      [
       433.01,
       230.82
      ],
      [
       431.11,
       231.05
      ],
      [
       429.22,
       231.12
      ],
      [
       427.32,
       231.0
      ],
      [
       425.91,
       230.73
      ],
      [
       425.42,
       230.64
      ],
      [
       423.52,
       229.99
      ],
      [
       421.63,
       228.99
      ],
      [
       421.42,
       228.84
      ],
      [
       419.73,
       227.55
      ],
      [
       419.14,
       226.96
      ],
      [
       417.83,
       225.47
      ],
      [
       417.55,
       225.08
      ],
      [
       416.39,
       223.2
      ],
      [
       415.94,
       222.29
      ],
      [
       415.5,
       221.32
      ],
      [
       414.87,
       219.44
      ],
      [
       414.43,
       217.55
      ],
      [
       414.17,
       215.67
      ],
      [
       414.1,
       213.79
      ],
      [
       414.21,
       211.91
      ],
      [
       414.52,
       210.02
      ],
      [
       415.03,
       208.14
      ],
      [
       415.79,
       206.26
      ],
      [
       415.94,
       205.97
      ],
      [
       416.86,
       204.37
      ],
      [
       417.83,
       203.03
      ],
      [
       418.28,
       202.49
      ],
      [
       419.73,
       201.04
      ],
      [
       420.22,
       200.61
      ],
      [
       421.63,
       199.53
      ],
      [
       422.88,
       198.73
      ],
      [
       423.52,
       198.33
      ],
      [
       425.42,
       197.32
      ],
      [
       426.45,
       196.84
      ],
      [
       427.32,
       196.44
      ],
      [
       429.22,
       195.6
      ],
      [
       430.67,
       194.96
      ],
      [
       431.11,
       194.76
      ],
      [
       433.01,
       193.87
      ],
      [
       434.52,
       193.08
      ],
      [
       434.91,
       192.87
      ],
      [
       436.8,
       191.74
      ],
      [
       437.62,
       191.2
      ],
      [
       438.7,
       190.47
      ],
      [
       440.28,
       189.32
      ],
      [
       440.6,
       189.07
      ],
      [
       442.5,
       187.64
      ],
      [
       442.77,
       187.44
      ],
      [
       444.39,
       186.25
      ],
      [
       445.42,
       185.55
      ],
      [
       446.29,
       184.99
      ],
      [
       448.19,
       183.89
      ],
      [
       448.64,
       183.67
      ],
      [
       450.09,
       183.0
      ],
      [
       451.98,
       182.31
      ],
      [
       453.88,
       181.82
      ],
      [
       454.13,
       181.79
      ],
      [
       455.78,
       181.52
      ]
     ]
    ]
   }
  },
  {
   "type": "Feature",
   "properties": {
    "code": "101",
    "h1": 1,
    "h2": 0,
    "h3": 1,
    "macro": "Health Science",
    "meso": "Medical Imaging & Radiology",
    "micro": "Neuroimaging & Imaging Physics",
    "label_x": 399.52,
    "label_y": 201.77
   },
   "geometry": {
    "type": "Polygon",
    "coordinates": [
     [
      [
       405.24,
       170.61
      ],
      [
       407.05,
       170.2
      ],
      [
       408.86,
       170.08
      ],
      [
       410.67,
       170.33
      ],
      [
       412.27,
       170.96
      ],
      [
       412.47,
       171.05
      ],
      [
       414.28,
       172.43
      ],
      [
       414.79,
       173.02
      ],
      [
       416.09,
       174.96
      ],
      [
       416.15,
       175.07
      ],
      [
       417.01,
       177.13
      ],
      [
       417.58,
       179.18
      ],
      [
       417.89,
       181.04
      ],
      [
       417.93,
       181.24
      ],
      [
       418.13,
       183.29
      ],
      [
       418.2,
       185.35
      ],
      [
       418.14,
       187.41
      ],
      [
       417.97,
       189.45
      ],
      [
       417.89,
       190.02
      ],
      [
       417.72,
       191.51
      ],
      [
       417.4,
       193.57
      ],
      [
       416.98,
       195.62
      ],
      [
       416.47,
       197.68
      ],
      [
       416.09,
       198.99
      ],
      [
       415.88,
       199.74
      ],
      [
       415.26,
       201.79
      ],
      [
       414.54,
       203.84
      ],
      [
       414.28,
       204.51
      ],
      [
       413.77,
       205.9
      ],
      [
       412.93,
       207.96
      ],
      [
       412.47,
       208.96
      ],
      [
       412.02,
       210.02
      ],
      [
       411.05,
       212.07
      ],
      [
       410.67,
       212.81
      ],
      [
       410.01,
       214.12
      ],
      [
       408.87,
       216.18
      ],
      [
       408.86,
       216.19
      ],
      [
       407.67,
       218.24
      ],
      [
       407.05,
       219.24
      ],
      [
       406.36,
       220.29
      ],
      [
       405.24,
       221.91
      ],
      [
       404.92,
       222.35
      ],
      [
       403.43,
       224.26
      ],
      [
       403.32,
       224.39
      ],
      [
       401.64,
       226.3
      ],
      [
       401.47,
       226.45
      ],
      [
       399.83,
       228.04
      ],
      [
       399.23,
       228.51
      ],
      [
       398.02,
       229.48
      ],
      [
       396.21,
       230.57
      ],
      [
       394.4,
       231.41
      ],
      [
       392.6,
       231.9
      ],
      [
       390.79,
       232.07
      ],
      [
       388.98,
       231.91
      ],
      [
       387.18,
       231.36
      ],
      [
       385.78,
       230.57
      ],
      [
       385.37,
       230.32
      ],
      [
       383.57,
       228.69
      ],
      [
       383.42,
       228.51
      ],
      [
       381.98,
       226.45
      ],
      [
       381.76,
       226.07
      ],
      [
       380.97,
       224.39
      ],
      [
       380.27,
       222.35
      ],
      [
       379.95,
       221.07
      ],
      [
       379.77,
       220.29
      ],
      [
       379.45,
       218.24
      ],
      [
       379.27,
       216.18
      ],
      [
       379.22,
       214.12
      ],
      [
       379.29,
       212.07
      ],
      [
       379.46,
       210.02
      ],
      [
       379.74,
       207.96
      ],
      [
       379.95,
       206.84
      ],
      [
       380.11,
       205.9
      ],
      [
       380.54,
       203.84
      ],
      [
       381.07,
       201.79
      ],
      [
       381.72,
       199.74
      ],
      [
       381.76,
       199.62
      ],
      [
       382.4,
       197.68
      ],
      [
       383.2,
       195.62
      ],
      [
       383.57,
       194.79
      ],
      [
       384.07,
       193.57
      ],
      [
       385.05,
       191.51
      ],
      [
       385.37,
       190.91
      ],
      [
       386.11,
       189.45
      ],
      [
       387.18,
       187.61
      ],
      [
       387.3,
       187.41
      ],
      [
       388.57,
       185.35
      ],
      [
       388.98,
       184.74
      ],
      [
       389.98,
       183.29
      ],
      [
       390.79,
       182.21
      ],
      [
       391.55,
       181.24
      ],
      [
       392.6,
       179.96
      ],
      [
       393.29,
       179.18
      ],
      [
       394.4,
       177.96
      ],
      [
       395.25,
       177.13
      ],
      [
       396.21,
       176.19
      ],
      [
       397.53,
       175.07
      ],
      [
       398.02,
       174.65
      ],
      [
       399.83,
       173.32
      ],
      [
       400.32,
       173.02
      ],
      [
       401.64,
       172.18
      ],
      [
       403.43,
       171.29
      ],
      [
       404.35,
       170.96
      ],
      [
       405.24,
       170.61
      ]
     ]
    ]
   }
  },
  {
   "type": "Feature",
   "properties": {
    "code": "102",
    "h1": 1,
    "h2": 0,
    "h3": 2,
    "macro": "Health Science",
    "meso": "Medical Imaging & Radiology",
    "micro": "Cancer Detection & Screening",
    "label_x": 399.35,
    "label_y": 240.69
   },
   "geometry": {
    "type": "Polygon",
    "coordinates": [
     [
      [
       399.14,
       209.4
      ],
      [
       401.14,
       208.85
      ],
      [
       403.13,
       208.83
      ],
      [
       405.13,
       209.48
      ],
      [
       407.13,
       210.91
      ],
      [
       407.86,
       211.72
      ],
      [
       409.12,
       213.12
      ],
      [
       409.73,
       213.96
      ],
      [
       411.12,
       215.77
      ],
      [
       411.42,
       216.21
      ],
      [
       413.03,
       218.45
      ],
      [
       413.11,
       218.56
      ],
      [
       414.52,
       220.7
      ],
      [
       415.11,
       221.71
      ],
      [
       415.75,
       222.94
      ],
      [
       416.69,
       225.18
      ],
      [
       417.1,
       226.58
      ],
      [
       417.34,
       227.42
      ],
      [
       417.74,
       229.66
      ],
      [
       417.91,
       231.91
      ],
      [
       417.88,
       234.15
      ],
      [
       417.66,
       236.39
      ],
      [
       417.26,
       238.64
      ],
      [
       417.1,
       239.26
      ],
      [
       416.74,
       240.88
      ],
      [
       416.08,
       243.12
      ],
      [
       415.22,
       245.37
      ],
      [
       415.11,
       245.61
      ],
      [
       414.3,
       247.61
      ],
      [
       413.18,
       249.85
      ],
      [
       413.11,
       249.97
      ],
      [
       412.01,
       252.1
      ],
      [
       411.12,
       253.57
      ],
      [
       410.67,
       254.34
      ],
      [
       409.19,
       256.58
      ],
      [
       409.12,
       256.68
      ],
      [
       407.59,
       258.82
      ],
      [
       407.13,
       259.44
      ],
      [
       405.82,
       261.07
      ],
      [
       405.13,
       261.88
      ],
      [
       403.83,
       263.31
      ],
      [
       403.13,
       264.07
      ],
      [
       401.6,
       265.55
      ],
      [
       401.14,
       266.01
      ],
      [
       399.14,
       267.72
      ],
      [
       399.03,
       267.8
      ],
      [
       397.15,
       269.25
      ],
      [
       395.8,
       270.04
      ],
      [
       395.15,
       270.47
      ],
      [
       393.16,
       271.38
      ],
      [
       391.16,
       271.86
      ],
      [
       389.17,
       271.76
      ],
      [
       387.18,
       270.87
      ],
      [
       386.3,
       270.04
      ],
      [
       385.17,
       268.76
      ],
      [
       384.62,
       267.8
      ],
      [
       383.61,
       265.55
      ],
      [
       383.18,
       264.33
      ],
      [
       382.88,
       263.31
      ],
      [
       382.34,
       261.07
      ],
      [
       381.95,
       258.82
      ],
      [
       381.65,
       256.58
      ],
      [
       381.44,
       254.34
      ],
      [
       381.31,
       252.1
      ],
      [
       381.24,
       249.85
      ],
      [
       381.23,
       247.61
      ],
      [
       381.29,
       245.37
      ],
      [
       381.43,
       243.12
      ],
      [
       381.62,
       240.88
      ],
      [
       381.92,
       238.64
      ],
      [
       382.3,
       236.39
      ],
      [
       382.78,
       234.15
      ],
      [
       383.18,
       232.64
      ],
      [
       383.36,
       231.91
      ],
      [
       384.01,
       229.66
      ],
      [
       384.81,
       227.42
      ],
      [
       385.17,
       226.5
      ],
      [
       385.71,
       225.18
      ],
      [
       386.75,
       222.94
      ],
      [
       387.18,
       222.11
      ],
      [
       387.95,
       220.7
      ],
      [
       389.17,
       218.68
      ],
      [
       389.32,
       218.45
      ],
      [
       390.93,
       216.21
      ],
      [
       391.16,
       215.88
      ],
      [
       392.84,
       213.96
      ],
      [
       393.16,
       213.61
      ],
      [
       395.15,
       211.79
      ],
      [
       395.25,
       211.72
      ],
      [
       397.15,
       210.37
      ],
      [
       399.0,
       209.48
      ],
      [
       399.14,
       209.4
      ]
     ]
    ]
   }
  },
  {
   "type": "Feature",
   "properties": {
    "code": "103",
    "h1": 1,
    "h2": 0,
    "h3": 3,
    "macro": "Health Science",
    "meso": "Medical Imaging & Radiology",
    "micro": "Disease Diagnostics",
    "label_x": 436.75,
    "label_y": 256.6
   },
   "geometry": {
    "type": "Polygon",
    "coordinates": [
     [
      [
       434.5,
       233.26
      ],
      [
       436.0,
       233.04
      ],
      [
       437.51,
       232.83
      ],
      [
       439.01,
       232.67
      ],
      [
       440.52,
       232.57
      ],
      [
       442.02,
       232.55
      ],
      [
       443.53,
       232.65
      ],
      [
       445.03,
       232.89
      ],
      [
       446.54,
       233.31
      ],
      [
       446.87,
       233.45
      ],
      [
       448.05,
       233.99
      ],
      [
       449.55,
       235.0
      ],
      [
       449.95,
       235.34
      ],
      [
       451.06,
       236.57
      ],
      [
       451.55,
       237.24
      ],
      [
       452.55,
       239.12
      ],
      [
       452.57,
       239.16
      ],
      [
       453.22,
       241.01
      ],
      [
       453.71,
       242.91
      ],
      [
       454.46,
       246.7
      ],
      [
       454.89,
       248.58
      ],
      [
       455.38,
       250.47
      ],
      [
       455.58,
       251.15
      ],
      [
       455.94,
       252.37
      ],
      [
       456.51,
       254.26
      ],
      [
       457.05,
       256.16
      ],
      [
       457.09,
       256.3
      ],
      [
       457.5,
       258.04
      ],
      [
       457.81,
       259.93
      ],
      [
       457.96,
       261.83
      ],
      [
       457.95,
       263.72
      ],
      [
       457.75,
       265.61
      ],
      [
       457.36,
       267.5
      ],
      [
       457.09,
       268.32
      ],
      [
       456.73,
       269.39
      ],
      [
       455.85,
       271.29
      ],
      [
       455.58,
       271.73
      ],
      [
       454.63,
       273.18
      ],
      [
       454.07,
       273.87
      ],
      [
       452.94,
       275.07
      ],
      [
       452.57,
       275.43
      ],
      [
       451.06,
       276.6
      ],
      [
       450.46,
       276.96
      ],
      [
       449.55,
       277.5
      ],
      [
       448.05,
       278.17
      ],
      [
       446.54,
       278.62
      ],
      [
       445.26,
       278.86
      ],
      [
       445.03,
       278.89
      ],
      [
       443.53,
       278.99
      ],
      [
       442.02,
       278.89
      ],
      [
       441.79,
       278.86
      ],
      [
       440.52,
       278.62
      ],
      [
       439.01,
       278.18
      ],
      [
       437.51,
       277.55
      ],
      [
       436.31,
       276.96
      ],
      [
       436.0,
       276.79
      ],
      [
       434.5,
       275.96
      ],
      [
       432.99,
       275.13
      ],
      [
       432.87,
       275.07
      ],
      [
       431.48,
       274.39
      ],
      [
       429.97,
       273.83
      ],
      [
       428.47,
       273.47
      ],
      [
       426.96,
       273.32
      ],
      [
       425.45,
       273.31
      ],
      [
       423.95,
       273.39
      ],
      [
       422.44,
       273.46
      ],
      [
       420.94,
       273.42
      ],
      [
       419.43,
       273.18
      ],
      [
       417.93,
       272.62
      ],
      [
       416.42,
       271.58
      ],
      [
       416.15,
       271.29
      ],
      [
       414.91,
       269.74
      ],
      [
       414.72,
       269.39
      ],
      [
       413.85,
       267.5
      ],
      [
       413.41,
       266.14
      ],
      [
       413.26,
       265.61
      ],
      [
       412.91,
       263.72
      ],
      [
       412.72,
       261.83
      ],
      [
       412.66,
       259.93
      ],
      [
       412.73,
       258.04
      ],
      [
       412.89,
       256.16
      ],
      [
       413.17,
       254.26
      ],
      [
       413.41,
       253.03
      ],
      [
       413.54,
       252.37
      ],
      [
       414.01,
       250.47
      ],
      [
       414.6,
       248.58
      ],
      [
       414.91,
       247.7
      ],
      [
       415.3,
       246.7
      ],
      [
       416.14,
       244.8
      ],
      [
       416.42,
       244.25
      ],
      [
       417.16,
       242.91
      ],
      [
       417.93,
       241.7
      ],
      [
       418.42,
       241.01
      ],
      [
       419.43,
       239.74
      ],
      [
       420.01,
       239.12
      ],
      [
       420.94,
       238.2
      ],
      [
       422.13,
       237.24
      ],
      [
       422.44,
       236.99
      ],
      [
       423.95,
       236.05
      ],
      [
       425.42,
       235.34
      ],
      [
       425.45,
       235.32
      ],
      [
       426.96,
       234.77
      ],
      [
       428.47,
       234.34
      ],
      [
       429.97,
       234.01
      ],
      [
       431.48,
       233.74
      ],
      [
       432.99,
       233.5
      ],
      [
       433.32,
       233.45
      ],
      [
       434.5,
       233.26
      ]
     ]
    ]
   }
  },
  {
   "type": "Feature",
   "properties": {
    "code": "110",
    "h1": 1,
    "h2": 1,
    "h3": 0,
    "macro": "Health Science",
    "meso": "Neuroscience & Mental Health",
    "micro": "Neuroscience",
    "label_x": 558.68,
    "label_y": 293.59
   },
   "geometry": {
    "type": "Polygon",
    "coordinates": [
     [
      [
       553.92,
       226.3
      ],
      [
       555.54,
       225.54
      ],
      [
       557.16,
       225.16
      ],
      [
       558.79,
       225.07
      ],
      [
       560.42,
       225.24
      ],
      [
       562.04,
       225.66
      ],
      [
       563.66,
       226.31
      ],
      [
       564.7,
       226.91
      ],
      [
       565.28,
       227.22
      ],
      [
       566.91,
       228.36
      ],
      [
       567.45,
       228.83
      ],
      [
       568.53,
       229.77
      ],
      [
       569.45,
       230.75
      ],
      [
       570.16,
       231.51
      ],
      [
       571.07,
       232.66
      ],
      [
       571.78,
       233.65
      ],
      [
       572.39,
       234.59
      ],
      [
       573.41,
       236.3
      ],
      [
       573.51,
       236.5
      ],
      [
       574.47,
       238.42
      ],
      [
       575.03,
       239.74
      ],
      [
       575.28,
       240.34
      ],
      [
       575.97,
       242.26
      ],
      [
       576.54,
       244.18
      ],
      [
       576.65,
       244.63
      ],
      [
       577.03,
       246.1
      ],
      [
       577.43,
       248.02
      ],
      [
       577.73,
       249.93
      ],
      [
       577.95,
       251.86
      ],
      [
       578.09,
       253.77
      ],
      [
       578.16,
       255.69
      ],
      [
       578.16,
       257.61
      ],
      [
       578.09,
       259.53
      ],
      [
       577.95,
       261.45
      ],
      [
       577.73,
       263.37
      ],
      [
       577.44,
       265.28
      ],
      [
       577.07,
       267.2
      ],
      [
       576.65,
       268.88
      ],
      [
       576.6,
       269.12
      ],
      [
       576.07,
       271.04
      ],
      [
       575.44,
       272.96
      ],
      [
       575.03,
       274.07
      ],
      [
       574.72,
       274.87
      ],
      [
       573.9,
       276.79
      ],
      [
       573.41,
       277.84
      ],
      [
       572.96,
       278.72
      ],
      [
       571.91,
       280.63
      ],
      [
       571.78,
       280.87
      ],
      [
       570.73,
       282.55
      ],
      [
       570.16,
       283.45
      ],
      [
       569.4,
       284.47
      ],
      [
       568.53,
       285.67
      ],
      [
       567.92,
       286.39
      ],
      [
       566.91,
       287.66
      ],
      [
       566.28,
       288.31
      ],
      [
       565.28,
       289.48
      ],
      [
       564.49,
       290.23
      ],
      [
       563.66,
       291.21
      ],
      [
       562.64,
       292.14
      ],
      [
       562.04,
       292.95
      ],
      [
       560.95,
       294.06
      ],
      [
       560.42,
       295.12
      ],
      [
       559.86,
       295.99
      ],
      [
       559.72,
       297.9
      ],
      [
       560.42,
       299.6
      ],
      [
       560.49,
       299.82
      ],
      [
       561.73,
       301.74
      ],
      [
       562.04,
       302.07
      ],
      [
       563.26,
       303.66
      ],
      [
       563.66,
       304.07
      ],
      [
       564.93,
       305.58
      ],
      [
       565.28,
       305.95
      ],
      [
       566.58,
       307.5
      ],
      [
       566.91,
       307.86
      ],
      [
       568.15,
       309.41
      ],
      [
       568.53,
       309.89
      ],
      [
       569.58,
       311.33
      ],
      [
       570.16,
       312.14
      ],
      [
       570.87,
       313.25
      ],
      [
       571.78,
       314.77
      ],
      [
       572.0,
       315.17
      ],
      [
       572.99,
       317.09
      ],
      [
       573.41,
       318.0
      ],
      [
       573.84,
       319.01
      ],
      [
       574.55,
       320.93
      ],
      [
       575.03,
       322.44
      ],
      [
       575.16,
       322.85
      ],
      [
       575.65,
       324.77
      ],
      [
       576.05,
       326.68
      ],
      [
       576.36,
       328.6
      ],
      [
       576.57,
       330.52
      ],
      [
       576.65,
       331.65
      ],
      [
       576.71,
       332.44
      ],
      [
       576.75,
       334.36
      ],
      [
       576.71,
       336.28
      ],
      [
       576.65,
       337.08
      ],
      [
       576.57,
       338.19
      ],
      [
       576.34,
       340.12
      ],
      [
       575.98,
       342.04
      ],
      [
       575.5,
       343.95
      ],
      [
       575.03,
       345.43
      ],
      [
       574.88,
       345.87
      ],
      [
       574.05,
       347.79
      ],
      [
       573.41,
       349.0
      ],
      [
       572.96,
       349.71
      ],
      [
       571.78,
       351.33
      ],
      [
       571.51,
       351.63
      ],
      [
       570.16,
       352.94
      ],
      [
       569.33,
       353.54
      ],
      [
       568.53,
       354.07
      ],
      [
       566.91,
       354.83
      ],
      [
       565.28,
       355.31
      ],
      [
       564.23,
       355.46
      ],
      [
       563.66,
       355.55
      ],
      [
       562.04,
       355.61
      ],
      [
       560.42,
       355.52
      ],
      [
       560.01,
       355.46
      ],
      [
       558.79,
       355.31
      ],
      [
       557.16,
       355.01
      ],
      [
       555.54,
       354.63
      ],
      [
       553.92,
       354.18
      ],
      [
       552.3,
       353.65
      ],
      [
       552.02,
       353.54
      ],
      [
       550.67,
       353.05
      ],
      [
       549.05,
       352.35
      ],
      [
       547.63,
       351.63
      ],
      [
       547.43,
       351.52
      ],
      [
       545.8,
       350.54
      ],
      [
       544.65,
       349.71
      ],
      [
       544.17,
       349.35
      ],
      [
       542.55,
       347.88
      ],
      [
       542.46,
       347.79
      ],
      [
       540.93,
       346.02
      ],
      [
       540.81,
       345.87
      ],
      [
       539.52,
       343.95
      ],
      [
       539.3,
       343.57
      ],
      [
       538.5,
       342.04
      ],
      [
       537.68,
       340.12
      ],
      [
       537.03,
       338.19
      ],
      [
       536.53,
       336.28
      ],
      [
       536.15,
       334.36
      ],
      [
       536.05,
       333.71
      ],
      [
       535.87,
       332.44
      ],
      [
       535.69,
       330.52
      ],
      [
       535.59,
       328.6
      ],
      [
       535.59,
       326.68
      ],
      [
       535.65,
       324.77
      ],
      [
       535.79,
       322.85
      ],
      [
       535.99,
       320.93
      ],
      [
       536.05,
       320.5
      ],
      [
       536.27,
       319.01
      ],
      [
       536.61,
       317.09
      ],
      [
       537.03,
       315.17
      ],
      [
       537.53,
       313.25
      ],
      [
       537.68,
       312.74
      ],
      [
       538.12,
       311.33
      ],
      [
       538.82,
       309.41
      ],
      [
       539.3,
       308.22
      ],
      [
       539.64,
       307.5
      ],
      [
       540.61,
       305.58
      ],
      [
       540.93,
       304.97
      ],
      [
       541.77,
       303.66
      ],
      [
       542.55,
       302.46
      ],
      [
       543.14,
       301.74
      ],
      [
       544.17,
       300.37
      ],
      [
       544.71,
       299.82
      ],
      [
       545.8,
       298.45
      ],
      [
       546.35,
       297.9
      ],
      [
       547.43,
       296.28
      ],
      [
       547.65,
       295.99
      ],
      [
       548.22,
       294.06
      ],
      [
       548.06,
       292.14
      ],
      [
       547.49,
       290.23
      ],
      [
       547.43,
       290.07
      ],
      [
       546.8,
       288.31
      ],
      [
       546.06,
       286.39
      ],
      [
       545.8,
       285.76
      ],
      [
       545.34,
       284.47
      ],
      [
       544.68,
       282.55
      ],
      [
       544.17,
       280.93
      ],
      [
       544.09,
       280.63
      ],
      [
       543.54,
       278.72
      ],
      [
       543.09,
       276.79
      ],
      [
       542.7,
       274.87
      ],
      [
       542.55,
       274.01
      ],
      [
       542.37,
       272.96
      ],
      [
       542.09,
       271.04
      ],
      [
       541.89,
       269.12
      ],
      [
       541.75,
       267.2
      ],
      [
       541.66,
       265.28
      ],
      [
       541.65,
       263.37
      ],
      [
       541.68,
       261.45
      ],
      [
       541.76,
       259.53
      ],
      [
       541.91,
       257.61
      ],
      [
       542.11,
       255.69
      ],
      [
       542.36,
       253.77
      ],
      [
       542.55,
       252.6
      ],
      [
       542.66,
       251.86
      ],
      [
       542.98,
       249.93
      ],
      [
       543.36,
       248.02
      ],
      [
       543.8,
       246.1
      ],
      [
       544.17,
       244.66
      ],
      [
       544.3,
       244.18
      ],
      [
       544.82,
       242.26
      ],
      [
       545.41,
       240.34
      ],
      [
       545.8,
       239.18
      ],
      [
       546.06,
       238.42
      ],
      [
       546.77,
       236.5
      ],
      [
       547.43,
       234.97
      ],
      [
       547.59,
       234.59
      ],
      [
       548.53,
       232.66
      ],
      [
       549.05,
       231.71
      ],
      [
       549.64,
       230.75
      ],
      [
       550.67,
       229.27
      ],
      [
       551.05,
       228.83
      ],
      [
       552.3,
       227.5
      ],
      [
       553.07,
       226.91
      ],
      [
       553.92,
       226.3
      ]
     ]
    ]
   }
  },
  {
   "type": "Feature",
   "properties": {
    "code": "111",
    "h1": 1,
    "h2": 1,
    "h3": 1,
    "macro": "Health Science",
    "meso": "Neuroscience & Mental Health",
    "micro": "Mental Health & Behaviorism",
    "label_x": 619.5,
    "label_y": 235.46
   },
   "geometry": {
    "type": "Polygon",
    "coordinates": [
     [
      [
       593.38,
       191.35
      ],
      [
       595.19,
       190.53
      ],
      [
       597.01,
       190.19
      ],
      [
       598.83,
       190.24
      ],
      [
       600.64,
       190.56
      ],
      [
       602.46,
       191.11
      ],
      [
       603.66,
       191.59
      ],
      [
       604.28,
       191.81
      ],
      [
       606.09,
       192.63
      ],
      [
       607.81,
       193.51
      ],
      [
       607.91,
       193.56
      ],
      [
       609.72,
       194.54
      ],
      [
       611.22,
       195.43
      ],
      [
       611.55,
       195.61
      ],
      [
       613.36,
       196.7
      ],
      [
       614.34,
       197.36
      ],
      [
       615.18,
       197.87
      ],
      [
       617.0,
       199.09
      ],
      [
       617.25,
       199.28
      ],
      [
       618.81,
       200.34
      ],
      [
       619.96,
       201.21
      ],
      [
       620.63,
       201.67
      ],
      [
       622.44,
       203.07
      ],
      [
       622.51,
       203.13
      ],
      [
       624.26,
       204.5
      ],
      [
       624.89,
       205.05
      ],
      [
       626.08,
       206.02
      ],
      [
       627.13,
       206.97
      ],
      [
       627.89,
       207.64
      ],
      [
       629.23,
       208.9
      ],
      [
       629.71,
       209.34
      ],
      [
       631.21,
       210.82
      ],
      [
       631.53,
       211.13
      ],
      [
       633.07,
       212.74
      ],
      [
       633.34,
       213.03
      ],
      [
       634.84,
       214.66
      ],
      [
       635.16,
       215.02
      ],
      [
       636.51,
       216.59
      ],
      [
       636.97,
       217.12
      ],
      [
       638.12,
       218.51
      ],
      [
       638.79,
       219.37
      ],
      [
       639.63,
       220.44
      ],
      [
       640.61,
       221.75
      ],
      [
       641.07,
       222.36
      ],
      [
       642.41,
       224.28
      ],
      [
       642.42,
       224.3
      ],
      [
       643.74,
       226.2
      ],
      [
       644.24,
       226.99
      ],
      [
       644.99,
       228.13
      ],
      [
       646.05,
       229.91
      ],
      [
       646.15,
       230.05
      ],
      [
       647.3,
       231.97
      ],
      [
       647.87,
       233.03
      ],
      [
       648.38,
       233.89
      ],
      [
       649.39,
       235.82
      ],
      [
       649.69,
       236.46
      ],
      [
       650.36,
       237.75
      ],
      [
       651.25,
       239.66
      ],
      [
       651.5,
       240.25
      ],
      [
       652.13,
       241.59
      ],
      [
       652.93,
       243.51
      ],
      [
       653.32,
       244.57
      ],
      [
       653.68,
       245.44
      ],
      [
       654.38,
       247.36
      ],
      [
       654.99,
       249.28
      ],
      [
       655.14,
       249.81
      ],
      [
       655.58,
       251.2
      ],
      [
       656.09,
       253.13
      ],
      [
       656.51,
       255.05
      ],
      [
       656.84,
       256.97
      ],
      [
       656.95,
       257.84
      ],
      [
       657.11,
       258.89
      ],
      [
       657.26,
       260.82
      ],
      [
       657.28,
       262.75
      ],
      [
       657.13,
       264.66
      ],
      [
       656.95,
       265.64
      ],
      [
       656.76,
       266.59
      ],
      [
       656.11,
       268.51
      ],
      [
       655.14,
       270.23
      ],
      [
       654.98,
       270.44
      ],
      [
       653.32,
       272.04
      ],
      [
       652.79,
       272.35
      ],
      [
       651.5,
       273.01
      ],
      [
       649.69,
       273.49
      ],
      [
       647.87,
       273.62
      ],
      [
       646.05,
       273.52
      ],
      [
       644.24,
       273.24
      ],
      [
       642.42,
       272.8
      ],
      [
       641.03,
       272.35
      ],
      [
       640.61,
       272.24
      ],
      [
       638.79,
       271.64
      ],
      [
       636.97,
       270.96
      ],
      [
       635.62,
       270.44
      ],
      [
       635.16,
       270.27
      ],
      [
       633.34,
       269.61
      ],
      [
       631.53,
       268.98
      ],
      [
       630.05,
       268.51
      ],
      [
       629.71,
       268.4
      ],
      [
       627.89,
       267.98
      ],
      [
       626.08,
       267.67
      ],
      [
       624.26,
       267.5
      ],
      [
       622.44,
       267.44
      ],
      [
       620.63,
       267.48
      ],
      [
       618.81,
       267.55
      ],
      [
       617.0,
       267.6
      ],
      [
       615.18,
       267.59
      ],
      [
       613.36,
       267.48
      ],
      [
       611.55,
       267.27
      ],
      [
       609.72,
       266.92
      ],
      [
       608.47,
       266.59
      ],
      [
       607.91,
       266.45
      ],
      [
       606.09,
       265.87
      ],
      [
       604.28,
       265.0
      ],
      [
       603.76,
       264.66
      ],
      [
       602.46,
       263.85
      ],
      [
       601.24,
       262.75
      ],
      [
       600.64,
       262.2
      ],
      [
       599.46,
       260.82
      ],
      [
       598.83,
       260.07
      ],
      [
       598.0,
       258.89
      ],
      [
       597.01,
       257.41
      ],
      [
       596.75,
       256.97
      ],
      [
       595.61,
       255.05
      ],
      [
       595.19,
       254.32
      ],
      [
       594.57,
       253.13
      ],
      [
       593.61,
       251.2
      ],
      [
       593.38,
       250.73
      ],
      [
       592.69,
       249.28
      ],
      [
       591.87,
       247.36
      ],
      [
       591.56,
       246.64
      ],
      [
       591.07,
       245.44
      ],
      [
       590.32,
       243.51
      ],
      [
       589.75,
       241.91
      ],
      [
       589.63,
       241.59
      ],
      [
       588.94,
       239.66
      ],
      [
       588.33,
       237.75
      ],
      [
       587.93,
       236.41
      ],
      [
       587.75,
       235.82
      ],
      [
       587.18,
       233.89
      ],
      [
       586.66,
       231.97
      ],
      [
       586.2,
       230.05
      ],
      [
       586.11,
       229.67
      ],
      [
       585.75,
       228.13
      ],
      [
       585.35,
       226.2
      ],
      [
       584.99,
       224.28
      ],
      [
       584.69,
       222.36
      ],
      [
       584.45,
       220.44
      ],
      [
       584.3,
       218.84
      ],
      [
       584.26,
       218.51
      ],
      [
       584.14,
       216.59
      ],
      [
       584.1,
       214.66
      ],
      [
       584.14,
       212.74
      ],
      [
       584.26,
       210.82
      ],
      [
       584.3,
       210.54
      ],
      [
       584.5,
       208.9
      ],
      [
       584.83,
       206.97
      ],
      [
       585.3,
       205.05
      ],
      [
       585.88,
       203.13
      ],
      [
       586.11,
       202.49
      ],
      [
       586.59,
       201.21
      ],
      [
       587.42,
       199.28
      ],
      [
       587.93,
       198.24
      ],
      [
       588.39,
       197.36
      ],
      [
       589.52,
       195.43
      ],
      [
       589.75,
       195.1
      ],
      [
       590.96,
       193.51
      ],
      [
       591.56,
       192.83
      ],
      [
       593.05,
       191.59
      ],
      [
       593.38,
       191.35
      ]
     ]
    ]
   }
  },
  {
   "type": "Feature",
   "properties": {
    "code": "120",
    "h1": 1,
    "h2": 2,
    "h3": 0,
    "macro": "Health Science",
    "meso": "Clinical Informatics & Public Health",
    "micro": "Cardiovascular Risk Modeling",
    "label_x": 491.32,
    "label_y": 190.28
   },
   "geometry": {
    "type": "Polygon",
    "coordinates": [
     [
      [
       500.64,
       167.82
      ],
      [
       502.25,
       167.27
      ],
      [
       503.88,
       166.89
      ],
      [
       505.49,
       166.74
      ],
      [
       507.11,
       166.88
      ],
      [
       508.73,
       167.45
      ],
      [
       509.89,
       168.28
      ],
      [
       510.35,
       168.71
      ],
      [
       511.26,
       170.04
      ],
      [
       511.97,
       171.53
      ],
      [
       512.07,
       171.81
      ],
      [
       512.62,
       173.58
      ],
      [
       513.09,
       175.34
      ],
      [
       513.51,
       177.11
      ],
      [
       513.59,
       177.42
      ],
      [
       513.92,
       178.88
      ],
      [
       514.3,
       180.64
      ],
      [
       514.63,
       182.41
      ],
      [
       514.92,
       184.18
      ],
      [
       515.12,
       185.95
      ],
      [
       515.21,
       187.43
      ],
      [
       515.22,
       187.71
      ],
      [
       515.22,
       189.49
      ],
      [
       515.21,
       189.66
      ],
      [
       515.1,
       191.25
      ],
      [
       514.84,
       193.02
      ],
      [
       514.45,
       194.79
      ],
      [
       513.92,
       196.55
      ],
      [
       513.59,
       197.39
      ],
      [
       513.23,
       198.32
      ],
      [
       512.39,
       200.09
      ],
      [
       511.97,
       200.82
      ],
      [
       511.37,
       201.86
      ],
      [
       510.35,
       203.36
      ],
      [
       510.16,
       203.62
      ],
      [
       508.73,
       205.39
      ],
      [
       507.11,
       207.06
      ],
      [
       507.0,
       207.16
      ],
      [
       505.49,
       208.45
      ],
      [
       504.8,
       208.93
      ],
      [
       503.88,
       209.57
      ],
      [
       502.25,
       210.43
      ],
      [
       501.59,
       210.69
      ],
      [
       500.64,
       211.07
      ],
      [
       499.01,
       211.46
      ],
      [
       497.4,
       211.59
      ],
      [
       495.78,
       211.46
      ],
      [
       494.16,
       211.05
      ],
      [
       493.33,
       210.69
      ],
      [
       492.54,
       210.36
      ],
      [
       490.92,
       209.39
      ],
      [
       490.3,
       208.93
      ],
      [
       489.31,
       208.14
      ],
      [
       488.19,
       207.16
      ],
      [
       487.68,
       206.68
      ],
      [
       486.38,
       205.39
      ],
      [
       486.06,
       205.08
      ],
      [
       484.54,
       203.62
      ],
      [
       484.45,
       203.54
      ],
      [
       482.83,
       202.25
      ],
      [
       482.2,
       201.86
      ],
      [
       481.21,
       201.3
      ],
      [
       479.59,
       200.67
      ],
      [
       477.98,
       200.28
      ],
      [
       476.48,
       200.09
      ],
      [
       476.35,
       200.07
      ],
      [
       474.73,
       200.0
      ],
      [
       473.12,
       199.99
      ],
      [
       471.5,
       200.02
      ],
      [
       469.88,
       200.05
      ],
      [
       468.48,
       200.09
      ],
      [
       468.26,
       200.09
      ],
      [
       466.64,
       200.09
      ],
      [
       466.42,
       200.09
      ],
      [
       465.02,
       200.05
      ],
      [
       463.4,
       199.93
      ],
      [
       461.78,
       199.73
      ],
      [
       460.16,
       199.42
      ],
      [
       458.55,
       198.99
      ],
      [
       456.93,
       198.37
      ],
      [
       456.82,
       198.32
      ],
      [
       455.3,
       197.13
      ],
      [
       454.77,
       196.55
      ],
      [
       454.3,
       194.79
      ],
      [
       454.71,
       193.02
      ],
      [
       455.3,
       192.01
      ],
      [
       455.71,
       191.25
      ],
      [
       456.93,
       189.82
      ],
      [
       457.19,
       189.49
      ],
      [
       458.55,
       188.2
      ],
      [
       459.03,
       187.71
      ],
      [
       460.16,
       186.8
      ],
      [
       461.19,
       185.95
      ],
      [
       461.78,
       185.52
      ],
      [
       463.4,
       184.36
      ],
      [
       463.65,
       184.18
      ],
      [
       465.02,
       183.29
      ],
      [
       466.43,
       182.41
      ],
      [
       466.64,
       182.29
      ],
      [
       468.26,
       181.39
      ],
      [
       469.69,
       180.64
      ],
      [
       469.88,
       180.55
      ],
      [
       471.5,
       179.79
      ],
      [
       473.12,
       179.11
      ],
      [
       473.71,
       178.88
      ],
      [
       474.73,
       178.49
      ],
      [
       476.35,
       177.93
      ],
      [
       477.98,
       177.41
      ],
      [
       478.94,
       177.11
      ],
      [
       479.59,
       176.91
      ],
      [
       481.21,
       176.42
      ],
      [
       482.83,
       175.93
      ],
      [
       484.45,
       175.4
      ],
      [
       484.6,
       175.34
      ],
      [
       486.06,
       174.81
      ],
      [
       487.68,
       174.16
      ],
      [
       489.04,
       173.58
      ],
      [
       489.31,
       173.46
      ],
      [
       490.92,
       172.68
      ],
      [
       492.54,
       171.86
      ],
      [
       492.64,
       171.81
      ],
      [
       494.16,
       170.99
      ],
      [
       495.78,
       170.14
      ],
      [
       495.96,
       170.04
      ],
      [
       497.4,
       169.28
      ],
      [
       499.01,
       168.51
      ],
      [
       499.59,
       168.28
      ],
      [
       500.64,
       167.82
      ]
     ]
    ]
   }
  },
  {
   "type": "Feature",
   "properties": {
    "code": "121",
    "h1": 1,
    "h2": 2,
    "h3": 1,
    "macro": "Health Science",
    "meso": "Clinical Informatics & Public Health",
    "micro": "Treatment Response & Risk Prediction",
    "label_x": 524.13,
    "label_y": 161.72
   },
   "geometry": {
    "type": "Polygon",
    "coordinates": [
     [
      [
       529.49,
       128.61
      ],
      [
       531.34,
       128.1
      ],
      [
       533.21,
       127.88
      ],
      [
       535.06,
       128.07
      ],
      [
       536.92,
       128.8
      ],
      [
       537.46,
       129.18
      ],
      [
       538.78,
       130.23
      ],
      [
       539.38,
       130.93
      ],
      [
       540.64,
       132.6
      ],
      [
       540.69,
       132.68
      ],
      [
       541.59,
       134.43
      ],
      [
       542.36,
       136.18
      ],
      [
       542.5,
       136.56
      ],
      [
       542.94,
       137.93
      ],
      [
       543.43,
       139.68
      ],
      [
       543.83,
       141.43
      ],
      [
       544.16,
       143.18
      ],
      [
       544.36,
       144.55
      ],
      [
       544.41,
       144.93
      ],
      [
       544.61,
       146.68
      ],
      [
       544.77,
       148.43
      ],
      [
       544.88,
       150.18
      ],
      [
       544.94,
       151.93
      ],
      [
       544.96,
       153.68
      ],
      [
       544.93,
       155.42
      ],
      [
       544.86,
       157.18
      ],
      [
       544.75,
       158.92
      ],
      [
       544.57,
       160.67
      ],
      [
       544.36,
       162.29
      ],
      [
       544.34,
       162.42
      ],
      [
       544.07,
       164.17
      ],
      [
       543.74,
       165.92
      ],
      [
       543.32,
       167.67
      ],
      [
       542.82,
       169.41
      ],
      [
       542.5,
       170.38
      ],
      [
       542.25,
       171.17
      ],
      [
       541.63,
       172.91
      ],
      [
       540.91,
       174.67
      ],
      [
       540.64,
       175.23
      ],
      [
       540.13,
       176.41
      ],
      [
       539.25,
       178.16
      ],
      [
       538.78,
       178.99
      ],
      [
       538.3,
       179.91
      ],
      [
       537.25,
       181.66
      ],
      [
       536.92,
       182.15
      ],
      [
       536.12,
       183.42
      ],
      [
       535.06,
       184.87
      ],
      [
       534.85,
       185.16
      ],
      [
       533.48,
       186.91
      ],
      [
       533.21,
       187.23
      ],
      [
       531.94,
       188.66
      ],
      [
       531.34,
       189.28
      ],
      [
       530.17,
       190.41
      ],
      [
       529.49,
       191.03
      ],
      [
       528.06,
       192.16
      ],
      [
       527.62,
       192.49
      ],
      [
       525.76,
       193.67
      ],
      [
       525.26,
       193.91
      ],
      [
       523.91,
       194.56
      ],
      [
       522.04,
       195.16
      ],
      [
       520.18,
       195.45
      ],
      [
       518.33,
       195.43
      ],
      [
       516.46,
       195.1
      ],
      [
       514.61,
       194.41
      ],
      [
       513.75,
       193.91
      ],
      [
       512.75,
       193.32
      ],
      [
       511.32,
       192.16
      ],
      [
       510.88,
       191.78
      ],
      [
       509.62,
       190.41
      ],
      [
       509.03,
       189.71
      ],
      [
       508.26,
       188.66
      ],
      [
       507.16,
       186.93
      ],
      [
       507.16,
       186.91
      ],
      [
       506.19,
       185.16
      ],
      [
       505.39,
       183.42
      ],
      [
       505.31,
       183.2
      ],
      [
       504.67,
       181.66
      ],
      [
       504.05,
       179.91
      ],
      [
       503.53,
       178.16
      ],
      [
       503.45,
       177.87
      ],
      [
       503.03,
       176.41
      ],
      [
       502.62,
       174.67
      ],
      [
       502.27,
       172.91
      ],
      [
       501.99,
       171.17
      ],
      [
       501.76,
       169.41
      ],
      [
       501.59,
       167.67
      ],
      [
       501.44,
       165.92
      ],
      [
       501.36,
       164.17
      ],
      [
       501.34,
       162.42
      ],
      [
       501.37,
       160.67
      ],
      [
       501.46,
       158.92
      ],
      [
       501.59,
       157.45
      ],
      [
       501.61,
       157.18
      ],
      [
       501.8,
       155.42
      ],
      [
       502.07,
       153.68
      ],
      [
       502.41,
       151.93
      ],
      [
       502.85,
       150.18
      ],
      [
       503.39,
       148.43
      ],
      [
       503.45,
       148.26
      ],
      [
       504.0,
       146.68
      ],
      [
       504.75,
       144.93
      ],
      [
       505.31,
       143.82
      ],
      [
       505.64,
       143.18
      ],
      [
       506.71,
       141.43
      ],
      [
       507.16,
       140.77
      ],
      [
       508.01,
       139.68
      ],
      [
       509.03,
       138.51
      ],
      [
       509.61,
       137.93
      ],
      [
       510.88,
       136.76
      ],
      [
       511.66,
       136.18
      ],
      [
       512.75,
       135.4
      ],
      [
       514.41,
       134.43
      ],
      [
       514.61,
       134.32
      ],
      [
       516.46,
       133.43
      ],
      [
       518.33,
       132.7
      ],
      [
       518.39,
       132.68
      ],
      [
       520.18,
       132.02
      ],
      [
       522.04,
       131.37
      ],
      [
       523.3,
       130.93
      ],
      [
       523.91,
       130.71
      ],
      [
       525.76,
       130.0
      ],
      [
       527.62,
       129.28
      ],
      [
       527.9,
       129.18
      ],
      [
       529.49,
       128.61
      ]
     ]
    ]
   }
  },
  {
   "type": "Feature",
   "properties": {
    "code": "122",
    "h1": 1,
    "h2": 2,
    "h3": 2,
    "macro": "Health Science",
    "meso": "Clinical Informatics & Public Health",
    "micro": "Epidemiological Forecasting & Policy",
    "label_x": 611.35,
    "label_y": 178.78
   },
   "geometry": {
    "type": "Polygon",
    "coordinates": [
     [
      [
       614.94,
       154.97
      ],
      [
       616.65,
       154.76
      ],
      [
       618.36,
       154.75
      ],
      [
       620.07,
       154.92
      ],
      [
       621.49,
       155.22
      ],
      [
       621.78,
       155.28
      ],
      [
       623.49,
       155.83
      ],
      [
       625.2,
       156.6
      ],
      [
       626.22,
       157.2
      ],
      [
       626.91,
       157.6
      ],
      [
       628.62,
       158.86
      ],
      [
       628.97,
       159.18
      ],
      [
       630.33,
       160.41
      ],
      [
       631.02,
       161.15
      ],
      [
       632.04,
       162.33
      ],
      [
       632.65,
       163.13
      ],
      [
       633.75,
       164.71
      ],
      [
       634.0,
       165.1
      ],
      [
       635.11,
       167.08
      ],
      [
       635.46,
       167.79
      ],
      [
       636.05,
       169.05
      ],
      [
       636.82,
       171.03
      ],
      [
       637.17,
       172.16
      ],
      [
       637.44,
       173.01
      ],
      [
       637.94,
       174.98
      ],
      [
       638.28,
       176.96
      ],
      [
       638.51,
       178.93
      ],
      [
       638.61,
       180.91
      ],
      [
       638.57,
       182.89
      ],
      [
       638.39,
       184.86
      ],
      [
       638.05,
       186.84
      ],
      [
       637.52,
       188.81
      ],
      [
       637.17,
       189.77
      ],
      [
       636.76,
       190.79
      ],
      [
       635.76,
       192.76
      ],
      [
       635.46,
       193.24
      ],
      [
       634.36,
       194.74
      ],
      [
       633.75,
       195.46
      ],
      [
       632.41,
       196.72
      ],
      [
       632.04,
       197.04
      ],
      [
       630.33,
       198.2
      ],
      [
       629.32,
       198.69
      ],
      [
       628.62,
       199.03
      ],
      [
       626.91,
       199.63
      ],
      [
       625.2,
       200.0
      ],
      [
       623.49,
       200.2
      ],
      [
       621.78,
       200.23
      ],
      [
       620.07,
       200.12
      ],
      [
       618.36,
       199.89
      ],
      [
       616.65,
       199.54
      ],
      [
       614.94,
       199.08
      ],
      [
       613.69,
       198.69
      ],
      [
       613.23,
       198.55
      ],
      [
       611.52,
       197.97
      ],
      [
       609.81,
       197.35
      ],
      [
       608.1,
       196.72
      ],
      [
       606.39,
       196.11
      ],
      [
       604.68,
       195.53
      ],
      [
       602.97,
       195.01
      ],
      [
       601.93,
       194.74
      ],
      [
       601.26,
       194.56
      ],
      [
       599.55,
       194.17
      ],
      [
       597.84,
       193.84
      ],
      [
       596.13,
       193.54
      ],
      [
       594.43,
       193.25
      ],
      [
       592.71,
       192.94
      ],
      [
       591.91,
       192.76
      ],
      [
       591.0,
       192.56
      ],
      [
       589.3,
       192.09
      ],
      [
       587.58,
       191.5
      ],
      [
       585.99,
       190.79
      ],
      [
       585.88,
       190.74
      ],
      [
       584.17,
       189.71
      ],
      [
       582.95,
       188.81
      ],
      [
       582.45,
       188.39
      ],
      [
       580.91,
       186.84
      ],
      [
       580.74,
       186.62
      ],
      [
       579.5,
       184.86
      ],
      [
       579.03,
       183.99
      ],
      [
       578.5,
       182.89
      ],
      [
       577.83,
       180.91
      ],
      [
       577.45,
       178.93
      ],
      [
       577.36,
       176.96
      ],
      [
       577.56,
       174.98
      ],
      [
       578.07,
       173.01
      ],
      [
       578.9,
       171.03
      ],
      [
       579.03,
       170.81
      ],
      [
       580.22,
       169.05
      ],
      [
       580.74,
       168.45
      ],
      [
       582.19,
       167.08
      ],
      [
       582.45,
       166.87
      ],
      [
       584.17,
       165.77
      ],
      [
       585.53,
       165.1
      ],
      [
       585.88,
       164.95
      ],
      [
       587.58,
       164.39
      ],
      [
       589.3,
       164.0
      ],
      [
       591.0,
       163.72
      ],
      [
       592.71,
       163.52
      ],
      [
       594.43,
       163.31
      ],
      [
       595.71,
       163.13
      ],
      [
       596.13,
       163.07
      ],
      [
       597.84,
       162.71
      ],
      [
       599.55,
       162.19
      ],
      [
       601.26,
       161.48
      ],
      [
       601.89,
       161.15
      ],
      [
       602.97,
       160.6
      ],
      [
       604.68,
       159.61
      ],
      [
       605.36,
       159.18
      ],
      [
       606.39,
       158.57
      ],
      [
       608.1,
       157.57
      ],
      [
       608.79,
       157.2
      ],
      [
       609.81,
       156.68
      ],
      [
       611.52,
       155.93
      ],
      [
       613.23,
       155.37
      ],
      [
       613.86,
       155.22
      ],
      [
       614.94,
       154.97
      ]
     ]
    ]
   }
  },
  {
   "type": "Feature",
   "properties": {
    "code": "123",
    "h1": 1,
    "h2": 2,
    "h3": 3,
    "macro": "Health Science",
    "meso": "Clinical Informatics & Public Health",
    "micro": "Human-Centered Medical AI Systems",
    "label_x": 557.35,
    "label_y": 214.45
   },
   "geometry": {
    "type": "Polygon",
    "coordinates": [
     [
      [
       526.3,
       164.18
      ],
      [
       528.72,
       163.74
      ],
      [
       531.12,
       163.53
      ],
      [
       533.53,
       163.51
      ],
      [
       535.94,
       163.67
      ],
      [
       538.35,
       163.99
      ],
      [
       540.76,
       164.48
      ],
      [
       541.92,
       164.78
      ],
      [
       543.16,
       165.09
      ],
      [
       545.57,
       165.82
      ],
      [
       547.98,
       166.71
      ],
      [
       548.14,
       166.78
      ],
      [
       550.39,
       167.66
      ],
      [
       552.79,
       168.76
      ],
      [
       552.8,
       168.76
      ],
      [
       555.2,
       169.91
      ],
      [
       556.75,
       170.75
      ],
      [
       557.61,
       171.19
      ],
      [
       560.02,
       172.57
      ],
      [
       560.29,
       172.75
      ],
      [
       562.43,
       174.02
      ],
      [
       563.51,
       174.73
      ],
      [
       564.83,
       175.57
      ],
      [
       566.49,
       176.72
      ],
      [
       567.25,
       177.23
      ],
      [
       569.26,
       178.71
      ],
      [
       569.65,
       178.99
      ],
      [
       571.86,
       180.7
      ],
      [
       572.06,
       180.86
      ],
      [
       574.3,
       182.69
      ],
      [
       574.46,
       182.83
      ],
      [
       576.61,
       184.67
      ],
      [
       576.88,
       184.91
      ],
      [
       578.8,
       186.67
      ],
      [
       579.28,
       187.12
      ],
      [
       580.86,
       188.66
      ],
      [
       581.69,
       189.49
      ],
      [
       582.82,
       190.64
      ],
      [
       584.1,
       192.02
      ],
      [
       584.66,
       192.64
      ],
      [
       586.41,
       194.62
      ],
      [
       586.51,
       194.74
      ],
      [
       588.11,
       196.61
      ],
      [
       588.92,
       197.62
      ],
      [
       589.71,
       198.61
      ],
      [
       591.21,
       200.59
      ],
      [
       591.32,
       200.75
      ],
      [
       592.68,
       202.58
      ],
      [
       593.73,
       204.13
      ],
      [
       594.04,
       204.57
      ],
      [
       595.37,
       206.56
      ],
      [
       596.14,
       207.82
      ],
      [
       596.61,
       208.55
      ],
      [
       597.8,
       210.54
      ],
      [
       598.55,
       211.88
      ],
      [
       598.92,
       212.53
      ],
      [
       600.01,
       214.52
      ],
      [
       600.95,
       216.45
      ],
      [
       600.98,
       216.5
      ],
      [
       601.98,
       218.5
      ],
      [
       602.86,
       220.49
      ],
      [
       603.36,
       221.71
      ],
      [
       603.7,
       222.47
      ],
      [
       604.51,
       224.46
      ],
      [
       605.22,
       226.45
      ],
      [
       605.77,
       228.14
      ],
      [
       605.88,
       228.44
      ],
      [
       606.52,
       230.43
      ],
      [
       607.07,
       232.42
      ],
      [
       607.55,
       234.41
      ],
      [
       607.96,
       236.39
      ],
      [
       608.18,
       237.68
      ],
      [
       608.31,
       238.39
      ],
      [
       608.6,
       240.38
      ],
      [
       608.79,
       242.36
      ],
      [
       608.89,
       244.36
      ],
      [
       608.89,
       246.34
      ],
      [
       608.78,
       248.33
      ],
      [
       608.51,
       250.32
      ],
      [
       608.18,
       251.89
      ],
      [
       608.08,
       252.31
      ],
      [
       607.43,
       254.3
      ],
      [
       606.47,
       256.29
      ],
      [
       605.77,
       257.4
      ],
      [
       605.06,
       258.28
      ],
      [
       603.36,
       259.9
      ],
      [
       602.81,
       260.27
      ],
      [
       600.95,
       261.31
      ],
      [
       598.55,
       262.07
      ],
      [
       597.18,
       262.26
      ],
      [
       596.14,
       262.39
      ],
      [
       593.73,
       262.42
      ],
      [
       592.01,
       262.26
      ],
      [
       591.32,
       262.2
      ],
      [
       588.92,
       261.83
      ],
      [
       586.51,
       261.32
      ],
      [
       584.1,
       260.72
      ],
      [
       582.54,
       260.27
      ],
      [
       581.69,
       260.05
      ],
      [
       579.28,
       259.36
      ],
      [
       576.88,
       258.64
      ],
      [
       575.72,
       258.28
      ],
      [
       574.46,
       257.92
      ],
      [
       572.06,
       257.23
      ],
      [
       569.65,
       256.51
      ],
      [
       568.88,
       256.29
      ],
      [
       567.25,
       255.84
      ],
      [
       564.83,
       255.2
      ],
      [
       562.43,
       254.54
      ],
      [
       561.56,
       254.3
      ],
      [
       560.02,
       253.91
      ],
      [
       557.61,
       253.26
      ],
      [
       555.2,
       252.58
      ],
      [
       554.33,
       252.31
      ],
      [
       552.79,
       251.87
      ],
      [
       550.39,
       251.11
      ],
      [
       548.16,
       250.32
      ],
      [
       547.98,
       250.26
      ],
      [
       545.57,
       249.36
      ],
      [
       543.18,
       248.33
      ],
      [
       543.16,
       248.32
      ],
      [
       540.76,
       247.22
      ],
      [
       539.09,
       246.34
      ],
      [
       538.35,
       245.96
      ],
      [
       535.94,
       244.56
      ],
      [
       535.61,
       244.36
      ],
      [
       533.53,
       243.02
      ],
      [
       532.6,
       242.36
      ],
      [
       531.12,
       241.3
      ],
      [
       529.94,
       240.38
      ],
      [
       528.72,
       239.38
      ],
      [
       527.58,
       238.39
      ],
      [
       526.3,
       237.23
      ],
      [
       525.44,
       236.39
      ],
      [
       523.9,
       234.82
      ],
      [
       523.51,
       234.41
      ],
      [
       521.75,
       232.42
      ],
      [
       521.49,
       232.11
      ],
      [
       520.12,
       230.43
      ],
      [
       519.09,
       229.02
      ],
      [
       518.65,
       228.44
      ],
      [
       517.29,
       226.45
      ],
      [
       516.67,
       225.46
      ],
      [
       516.04,
       224.46
      ],
      [
       514.9,
       222.47
      ],
      [
       514.26,
       221.25
      ],
      [
       513.86,
       220.49
      ],
      [
       512.88,
       218.5
      ],
      [
       512.02,
       216.5
      ],
      [
       511.86,
       216.08
      ],
      [
       511.21,
       214.52
      ],
      [
       510.47,
       212.53
      ],
      [
       509.84,
       210.54
      ],
      [
       509.46,
       209.19
      ],
      [
       509.25,
       208.55
      ],
      [
       508.72,
       206.56
      ],
      [
       508.26,
       204.57
      ],
      [
       507.87,
       202.58
      ],
      [
       507.56,
       200.59
      ],
      [
       507.31,
       198.61
      ],
      [
       507.14,
       196.61
      ],
      [
       507.04,
       195.08
      ],
      [
       507.02,
       194.62
      ],
      [
       506.97,
       192.64
      ],
      [
       507.0,
       190.64
      ],
      [
       507.04,
       190.02
      ],
      [
       507.13,
       188.66
      ],
      [
       507.33,
       186.67
      ],
      [
       507.64,
       184.67
      ],
      [
       508.06,
       182.69
      ],
      [
       508.62,
       180.7
      ],
      [
       509.35,
       178.71
      ],
      [
       509.46,
       178.46
      ],
      [
       510.22,
       176.72
      ],
      [
       511.33,
       174.73
      ],
      [
       511.86,
       173.93
      ],
      [
       512.71,
       172.75
      ],
      [
       514.26,
       170.92
      ],
      [
       514.43,
       170.75
      ],
      [
       516.63,
       168.76
      ],
      [
       516.67,
       168.72
      ],
      [
       519.09,
       167.05
      ],
      [
       519.59,
       166.78
      ],
      [
       521.49,
       165.79
      ],
      [
       523.9,
       164.85
      ],
      [
       524.14,
       164.78
      ],
      [
       526.3,
       164.18
      ]
     ]
    ]
   }
  },
  {
   "type": "Feature",
   "properties": {
    "code": "124",
    "h1": 1,
    "h2": 2,
    "h3": 4,
    "macro": "Health Science",
    "meso": "Clinical Informatics & Public Health",
    "micro": "Clinical Decision Support",
    "label_x": 495.08,
    "label_y": 234.43
   },
   "geometry": {
    "type": "Polygon",
    "coordinates": [
     [
      [
       492.98,
       206.27
      ],
      [
       494.66,
       205.58
      ],
      [
       496.33,
       205.16
      ],
      [
       498.01,
       204.98
      ],
      [
       499.68,
       205.04
      ],
      [
       501.36,
       205.34
      ],
      [
       503.03,
       205.94
      ],
      [
       504.01,
       206.47
      ],
      [
       504.71,
       206.85
      ],
      [
       506.38,
       208.11
      ],
      [
       507.03,
       208.76
      ],
      [
       508.06,
       209.88
      ],
      [
       508.91,
       211.04
      ],
      [
       509.73,
       212.37
      ],
      [
       510.25,
       213.33
      ],
      [
       511.23,
       215.61
      ],
      [
       511.4,
       216.13
      ],
      [
       511.97,
       217.9
      ],
      [
       512.49,
       220.19
      ],
      [
       512.82,
       222.47
      ],
      [
       513.0,
       224.76
      ],
      [
       513.05,
       227.04
      ],
      [
       512.99,
       229.33
      ],
      [
       512.82,
       231.62
      ],
      [
       512.56,
       233.9
      ],
      [
       512.19,
       236.19
      ],
      [
       511.7,
       238.48
      ],
      [
       511.4,
       239.58
      ],
      [
       511.12,
       240.77
      ],
      [
       510.45,
       243.05
      ],
      [
       509.73,
       245.01
      ],
      [
       509.61,
       245.34
      ],
      [
       508.69,
       247.62
      ],
      [
       508.06,
       248.92
      ],
      [
       507.56,
       249.91
      ],
      [
       506.38,
       251.94
      ],
      [
       506.22,
       252.2
      ],
      [
       504.71,
       254.35
      ],
      [
       504.6,
       254.49
      ],
      [
       503.03,
       256.31
      ],
      [
       502.55,
       256.77
      ],
      [
       501.36,
       257.9
      ],
      [
       499.78,
       259.06
      ],
      [
       499.68,
       259.13
      ],
      [
       498.01,
       260.15
      ],
      [
       496.33,
       260.88
      ],
      [
       494.71,
       261.34
      ],
      [
       494.66,
       261.36
      ],
      [
       492.98,
       261.66
      ],
      [
       491.31,
       261.73
      ],
      [
       489.63,
       261.57
      ],
      [
       488.71,
       261.34
      ],
      [
       487.96,
       261.18
      ],
      [
       486.29,
       260.57
      ],
      [
       484.61,
       259.69
      ],
      [
       483.7,
       259.06
      ],
      [
       482.94,
       258.52
      ],
      [
       481.26,
       257.01
      ],
      [
       481.03,
       256.77
      ],
      [
       479.59,
       255.12
      ],
      [
       479.1,
       254.49
      ],
      [
       477.91,
       252.66
      ],
      [
       477.62,
       252.2
      ],
      [
       476.48,
       249.91
      ],
      [
       476.25,
       249.28
      ],
      [
       475.59,
       247.62
      ],
      [
       474.96,
       245.34
      ],
      [
       474.57,
       243.06
      ],
      [
       474.57,
       243.05
      ],
      [
       474.34,
       240.77
      ],
      [
       474.34,
       238.48
      ],
      [
       474.57,
       236.19
      ],
      [
       474.93,
       233.9
      ],
      [
       475.47,
       231.62
      ],
      [
       476.23,
       229.33
      ],
      [
       476.25,
       229.31
      ],
      [
       477.04,
       227.04
      ],
      [
       477.91,
       225.1
      ],
      [
       478.05,
       224.76
      ],
      [
       479.13,
       222.47
      ],
      [
       479.59,
       221.63
      ],
      [
       480.34,
       220.19
      ],
      [
       481.26,
       218.61
      ],
      [
       481.68,
       217.9
      ],
      [
       482.94,
       215.95
      ],
      [
       483.17,
       215.61
      ],
      [
       484.61,
       213.61
      ],
      [
       484.84,
       213.33
      ],
      [
       486.29,
       211.55
      ],
      [
       486.78,
       211.04
      ],
      [
       487.96,
       209.8
      ],
      [
       489.18,
       208.76
      ],
      [
       489.63,
       208.35
      ],
      [
       491.31,
       207.16
      ],
      [
       492.64,
       206.47
      ],
      [
       492.98,
       206.27
      ]
     ]
    ]
   }
  },
  {
   "type": "Feature",
   "properties": {
    "code": "130",
    "h1": 1,
    "h2": 3,
    "h3": 0,
    "macro": "Health Science",
    "meso": "Molecular Biology & Drug Discovery",
    "micro": "Molecular Biology",
    "label_x": 436.03,
    "label_y": 28.66
   },
   "geometry": {
    "type": "Polygon",
    "coordinates": [
     [
      [
       436.76,
       1.16
      ],
      [
       438.4,
       0.57
      ],
      [
       440.04,
       0.19
      ],
      [
       441.68,
       0.0
      ],
      [
       443.31,
       0.02
      ],
      [
       444.94,
       0.22
      ],
      [
       446.58,
       0.63
      ],
      [
       448.22,
       1.24
      ],
      [
       449.57,
       1.9
      ],
      [
       449.86,
       2.06
      ],
      [
       451.49,
       3.16
      ],
      [
       452.56,
       4.06
      ],
      [
       453.13,
       4.63
      ],
      [
       454.43,
       6.21
      ],
      [
       454.77,
       6.75
      ],
      [
       455.65,
       8.38
      ],
      [
       456.41,
       10.37
      ],
      [
       456.46,
       10.54
      ],
      [
       456.96,
       12.7
      ],
      [
       457.21,
       14.86
      ],
      [
       457.28,
       17.02
      ],
      [
       457.17,
       19.18
      ],
      [
       456.9,
       21.34
      ],
      [
       456.5,
       23.5
      ],
      [
       456.41,
       23.85
      ],
      [
       455.96,
       25.66
      ],
      [
       455.28,
       27.82
      ],
      [
       454.77,
       29.17
      ],
      [
       454.46,
       29.98
      ],
      [
       453.51,
       32.14
      ],
      [
       453.13,
       32.9
      ],
      [
       452.42,
       34.3
      ],
      [
       451.49,
       35.89
      ],
      [
       451.16,
       36.46
      ],
      [
       449.86,
       38.44
      ],
      [
       449.73,
       38.62
      ],
      [
       448.22,
       40.64
      ],
      [
       448.11,
       40.79
      ],
      [
       446.58,
       42.59
      ],
      [
       446.26,
       42.95
      ],
      [
       444.94,
       44.32
      ],
      [
       444.14,
       45.1
      ],
      [
       443.31,
       45.87
      ],
      [
       441.68,
       47.26
      ],
      [
       440.04,
       48.54
      ],
      [
       438.78,
       49.43
      ],
      [
       438.4,
       49.7
      ],
      [
       436.76,
       50.76
      ],
      [
       435.38,
       51.58
      ],
      [
       435.12,
       51.73
      ],
      [
       433.49,
       52.64
      ],
      [
       431.85,
       53.45
      ],
      [
       431.21,
       53.74
      ],
      [
       430.21,
       54.21
      ],
      [
       428.57,
       54.86
      ],
      [
       426.94,
       55.41
      ],
      [
       425.3,
       55.82
      ],
      [
       424.8,
       55.91
      ],
      [
       423.66,
       56.1
      ],
      [
       422.02,
       56.18
      ],
      [
       420.39,
       56.0
      ],
      [
       420.04,
       55.91
      ],
      [
       418.76,
       55.49
      ],
      [
       417.12,
       54.45
      ],
      [
       416.41,
       53.74
      ],
      [
       415.48,
       52.51
      ],
      [
       414.97,
       51.58
      ],
      [
       414.17,
       49.43
      ],
      [
       413.84,
       47.89
      ],
      [
       413.73,
       47.26
      ],
      [
       413.51,
       45.1
      ],
      [
       413.5,
       42.95
      ],
      [
       413.62,
       40.79
      ],
      [
       413.84,
       38.81
      ],
      [
       413.86,
       38.62
      ],
      [
       414.21,
       36.46
      ],
      [
       414.65,
       34.3
      ],
      [
       415.2,
       32.14
      ],
      [
       415.48,
       31.18
      ],
      [
       415.82,
       29.98
      ],
      [
       416.52,
       27.82
      ],
      [
       417.12,
       26.24
      ],
      [
       417.33,
       25.66
      ],
      [
       418.2,
       23.5
      ],
      [
       418.76,
       22.28
      ],
      [
       419.18,
       21.34
      ],
      [
       420.25,
       19.18
      ],
      [
       420.39,
       18.91
      ],
      [
       421.4,
       17.02
      ],
      [
       422.02,
       15.96
      ],
      [
       422.69,
       14.86
      ],
      [
       423.66,
       13.35
      ],
      [
       424.11,
       12.7
      ],
      [
       425.3,
       11.04
      ],
      [
       425.69,
       10.54
      ],
      [
       426.94,
       8.97
      ],
      [
       427.47,
       8.38
      ],
      [
       428.57,
       7.14
      ],
      [
       429.51,
       6.21
      ],
      [
       430.21,
       5.53
      ],
      [
       431.85,
       4.14
      ],
      [
       431.97,
       4.06
      ],
      [
       433.49,
       2.93
      ],
      [
       435.12,
       1.96
      ],
      [
       435.25,
       1.9
      ],
      [
       436.76,
       1.16
      ]
     ]
    ]
   }
  },
  {
   "type": "Feature",
   "properties": {
    "code": "131",
    "h1": 1,
    "h2": 3,
    "h3": 1,
    "macro": "Health Science",
    "meso": "Molecular Biology & Drug Discovery",
    "micro": "Drug Discovery",
    "label_x": 395.35,
    "label_y": 53.6
   },
   "geometry": {
    "type": "Polygon",
    "coordinates": [
     [
      [
       410.14,
       2.2
      ],
      [
       411.38,
       2.34
      ],
      [
       412.07,
       2.41
      ],
      [
       414.0,
       3.01
      ],
      [
       415.93,
       4.14
      ],
      [
       416.24,
       4.4
      ],
      [
       417.86,
       5.97
      ],
      [
       418.26,
       6.47
      ],
      [
       419.64,
       8.55
      ],
      [
       419.79,
       8.81
      ],
      [
       420.66,
       10.62
      ],
      [
       421.46,
       12.68
      ],
      [
       421.72,
       13.51
      ],
      [
       422.09,
       14.75
      ],
      [
       422.6,
       16.83
      ],
      [
       422.98,
       18.9
      ],
      [
       423.28,
       20.97
      ],
      [
       423.49,
       23.04
      ],
      [
       423.64,
       25.11
      ],
      [
       423.64,
       25.28
      ],
      [
       423.73,
       27.18
      ],
      [
       423.76,
       29.25
      ],
      [
       423.74,
       31.32
      ],
      [
       423.66,
       33.39
      ],
      [
       423.64,
       33.63
      ],
      [
       423.55,
       35.46
      ],
      [
       423.38,
       37.54
      ],
      [
       423.17,
       39.6
      ],
      [
       422.91,
       41.67
      ],
      [
       422.6,
       43.74
      ],
      [
       422.23,
       45.82
      ],
      [
       421.79,
       47.88
      ],
      [
       421.72,
       48.18
      ],
      [
       421.34,
       49.95
      ],
      [
       420.84,
       52.02
      ],
      [
       420.26,
       54.1
      ],
      [
       419.79,
       55.58
      ],
      [
       419.62,
       56.17
      ],
      [
       418.96,
       58.24
      ],
      [
       418.19,
       60.3
      ],
      [
       417.86,
       61.13
      ],
      [
       417.38,
       62.38
      ],
      [
       416.5,
       64.45
      ],
      [
       415.93,
       65.67
      ],
      [
       415.55,
       66.52
      ],
      [
       414.53,
       68.59
      ],
      [
       414.0,
       69.55
      ],
      [
       413.42,
       70.66
      ],
      [
       412.21,
       72.73
      ],
      [
       412.07,
       72.95
      ],
      [
       410.95,
       74.8
      ],
      [
       410.14,
       76.01
      ],
      [
       409.57,
       76.87
      ],
      [
       408.21,
       78.76
      ],
      [
       408.09,
       78.94
      ],
      [
       406.51,
       81.01
      ],
      [
       406.28,
       81.29
      ],
      [
       404.83,
       83.09
      ],
      [
       404.35,
       83.63
      ],
      [
       403.01,
       85.15
      ],
      [
       402.43,
       85.79
      ],
      [
       401.07,
       87.22
      ],
      [
       400.49,
       87.8
      ],
      [
       398.97,
       89.29
      ],
      [
       398.57,
       89.67
      ],
      [
       396.68,
       91.37
      ],
      [
       396.64,
       91.41
      ],
      [
       394.7,
       93.04
      ],
      [
       394.2,
       93.43
      ],
      [
       392.78,
       94.55
      ],
      [
       391.44,
       95.5
      ],
      [
       390.85,
       95.93
      ],
      [
       388.92,
       97.2
      ],
      [
       388.26,
       97.57
      ],
      [
       386.99,
       98.34
      ],
      [
       385.05,
       99.34
      ],
      [
       384.34,
       99.65
      ],
      [
       383.13,
       100.2
      ],
      [
       381.2,
       100.91
      ],
      [
       379.27,
       101.42
      ],
      [
       377.41,
       101.71
      ],
      [
       377.34,
       101.73
      ],
      [
       375.42,
       101.8
      ],
      [
       374.61,
       101.71
      ],
      [
       373.48,
       101.59
      ],
      [
       371.55,
       101.0
      ],
      [
       369.63,
       99.89
      ],
      [
       369.32,
       99.65
      ],
      [
       367.7,
       98.04
      ],
      [
       367.35,
       97.57
      ],
      [
       366.11,
       95.5
      ],
      [
       365.77,
       94.74
      ],
      [
       365.26,
       93.43
      ],
      [
       364.67,
       91.37
      ],
      [
       364.26,
       89.29
      ],
      [
       364.0,
       87.22
      ],
      [
       363.86,
       85.15
      ],
      [
       363.84,
       83.93
      ],
      [
       363.82,
       83.09
      ],
      [
       363.84,
       82.21
      ],
      [
       363.86,
       81.01
      ],
      [
       363.97,
       78.94
      ],
      [
       364.14,
       76.87
      ],
      [
       364.37,
       74.8
      ],
      [
       364.66,
       72.73
      ],
      [
       365.0,
       70.66
      ],
      [
       365.41,
       68.59
      ],
      [
       365.77,
       66.94
      ],
      [
       365.85,
       66.52
      ],
      [
       366.3,
       64.45
      ],
      [
       366.82,
       62.38
      ],
      [
       367.39,
       60.3
      ],
      [
       367.7,
       59.3
      ],
      [
       367.99,
       58.24
      ],
      [
       368.61,
       56.17
      ],
      [
       369.29,
       54.1
      ],
      [
       369.63,
       53.17
      ],
      [
       370.0,
       52.02
      ],
      [
       370.74,
       49.95
      ],
      [
       371.55,
       47.88
      ],
      [
       372.34,
       45.82
      ],
      [
       373.22,
       43.74
      ],
      [
       373.48,
       43.16
      ],
      [
       374.11,
       41.67
      ],
      [
       375.06,
       39.6
      ],
      [
       375.42,
       38.88
      ],
      [
       376.03,
       37.54
      ],
      [
       377.07,
       35.46
      ],
      [
       377.34,
       34.95
      ],
      [
       378.12,
       33.39
      ],
      [
       379.27,
       31.33
      ],
      [
       379.27,
       31.32
      ],
      [
       380.42,
       29.25
      ],
      [
       381.2,
       27.95
      ],
      [
       381.66,
       27.18
      ],
      [
       382.95,
       25.11
      ],
      [
       383.13,
       24.83
      ],
      [
       384.29,
       23.04
      ],
      [
       385.05,
       21.91
      ],
      [
       385.72,
       20.97
      ],
      [
       386.99,
       19.22
      ],
      [
       387.23,
       18.9
      ],
      [
       388.84,
       16.83
      ],
      [
       388.92,
       16.72
      ],
      [
       390.54,
       14.75
      ],
      [
       390.85,
       14.39
      ],
      [
       392.39,
       12.68
      ],
      [
       392.78,
       12.25
      ],
      [
       394.41,
       10.62
      ],
      [
       394.7,
       10.32
      ],
      [
       396.64,
       8.57
      ],
      [
       396.66,
       8.55
      ],
      [
       398.57,
       6.98
      ],
      [
       399.29,
       6.47
      ],
      [
       400.49,
       5.61
      ],
      [
       402.43,
       4.45
      ],
      [
       402.53,
       4.4
      ],
      [
       404.35,
       3.49
      ],
      [
       406.28,
       2.79
      ],
      [
       408.21,
       2.36
      ],
      [
       408.55,
       2.34
      ],
      [
       410.14,
       2.2
      ]
     ]
    ]
   }
  },
  {
   "type": "Feature",
   "properties": {
    "code": "140",
    "h1": 1,
    "h2": 4,
    "h3": 0,
    "macro": "Health Science",
    "meso": "Microbial and Immune Systems Biology",
    "micro": "Infectious Disease & Immunology",
    "label_x": 467.18,
    "label_y": 82.57
   },
   "geometry": {
    "type": "Polygon",
    "coordinates": [
     [
      [
       453.49,
       58.75
      ],
      [
       454.95,
       58.44
      ],
      [
       456.41,
       58.2
      ],
      [
       457.86,
       58.05
      ],
      [
       459.32,
       57.99
      ],
      [
       460.78,
       58.03
      ],
      [
       462.23,
       58.19
      ],
      [
       463.69,
       58.49
      ],
      [
       465.15,
       58.95
      ],
      [
       465.6,
       59.13
      ],
      [
       466.61,
       59.58
      ],
      [
       468.07,
       60.43
      ],
      [
       468.51,
       60.74
      ],
      [
       469.53,
       61.5
      ],
      [
       470.48,
       62.35
      ],
      [
       470.99,
       62.82
      ],
      [
       472.08,
       63.96
      ],
      [
       472.45,
       64.36
      ],
      [
       473.5,
       65.57
      ],
      [
       473.91,
       66.05
      ],
      [
       474.85,
       67.18
      ],
      [
       475.36,
       67.8
      ],
      [
       476.2,
       68.78
      ],
      [
       476.82,
       69.52
      ],
      [
       477.59,
       70.39
      ],
      [
       478.28,
       71.15
      ],
      [
       479.1,
       72.0
      ],
      [
       479.74,
       72.66
      ],
      [
       480.74,
       73.61
      ],
      [
       481.19,
       74.04
      ],
      [
       482.59,
       75.21
      ],
      [
       482.66,
       75.28
      ],
      [
       484.11,
       76.39
      ],
      [
       484.76,
       76.82
      ],
      [
       485.57,
       77.38
      ],
      [
       487.03,
       78.28
      ],
      [
       487.31,
       78.44
      ],
      [
       488.49,
       79.12
      ],
      [
       489.95,
       79.93
      ],
      [
       490.17,
       80.04
      ],
      [
       491.41,
       80.77
      ],
      [
       492.87,
       81.65
      ],
      [
       494.32,
       82.74
      ],
      [
       494.95,
       83.26
      ],
      [
       495.78,
       84.15
      ],
      [
       496.38,
       84.87
      ],
      [
       497.24,
       86.39
      ],
      [
       497.28,
       86.48
      ],
      [
       497.74,
       88.08
      ],
      [
       497.85,
       89.69
      ],
      [
       497.66,
       91.3
      ],
      [
       497.24,
       92.82
      ],
      [
       497.21,
       92.91
      ],
      [
       496.48,
       94.52
      ],
      [
       495.78,
       95.66
      ],
      [
       495.48,
       96.12
      ],
      [
       494.32,
       97.55
      ],
      [
       494.16,
       97.74
      ],
      [
       492.87,
       98.98
      ],
      [
       492.43,
       99.34
      ],
      [
       491.41,
       100.11
      ],
      [
       490.04,
       100.95
      ],
      [
       489.95,
       101.01
      ],
      [
       488.49,
       101.7
      ],
      [
       487.03,
       102.23
      ],
      [
       485.79,
       102.56
      ],
      [
       485.57,
       102.61
      ],
      [
       484.11,
       102.87
      ],
      [
       482.66,
       103.02
      ],
      [
       481.19,
       103.08
      ],
      [
       479.74,
       103.08
      ],
      [
       478.28,
       103.02
      ],
      [
       476.82,
       102.92
      ],
      [
       475.36,
       102.8
      ],
      [
       473.91,
       102.65
      ],
      [
       473.09,
       102.56
      ],
      [
       472.45,
       102.5
      ],
      [
       470.99,
       102.32
      ],
      [
       469.53,
       102.13
      ],
      [
       468.07,
       101.91
      ],
      [
       466.61,
       101.66
      ],
      [
       465.15,
       101.36
      ],
      [
       463.69,
       100.99
      ],
      [
       463.56,
       100.95
      ],
      [
       462.23,
       100.58
      ],
      [
       460.78,
       100.09
      ],
      [
       459.32,
       99.5
      ],
      [
       458.98,
       99.34
      ],
      [
       457.86,
       98.83
      ],
      [
       456.41,
       98.04
      ],
      [
       455.91,
       97.74
      ],
      [
       454.95,
       97.14
      ],
      [
       453.51,
       96.12
      ],
      [
       453.49,
       96.11
      ],
      [
       452.03,
       94.98
      ],
      [
       451.48,
       94.52
      ],
      [
       450.57,
       93.74
      ],
      [
       449.68,
       92.91
      ],
      [
       449.11,
       92.38
      ],
      [
       448.0,
       91.3
      ],
      [
       447.65,
       90.95
      ],
      [
       446.44,
       89.69
      ],
      [
       446.19,
       89.43
      ],
      [
       444.96,
       88.08
      ],
      [
       444.73,
       87.82
      ],
      [
       443.59,
       86.48
      ],
      [
       443.27,
       86.07
      ],
      [
       442.34,
       84.87
      ],
      [
       441.82,
       84.12
      ],
      [
       441.21,
       83.26
      ],
      [
       440.36,
       81.85
      ],
      [
       440.23,
       81.65
      ],
      [
       439.39,
       80.04
      ],
      [
       438.91,
       78.85
      ],
      [
       438.73,
       78.44
      ],
      [
       438.21,
       76.82
      ],
      [
       437.87,
       75.21
      ],
      [
       437.72,
       73.61
      ],
      [
       437.77,
       72.0
      ],
      [
       438.04,
       70.39
      ],
      [
       438.58,
       68.78
      ],
      [
       438.91,
       68.14
      ],
      [
       439.42,
       67.18
      ],
      [
       440.36,
       65.89
      ],
      [
       440.62,
       65.57
      ],
      [
       441.82,
       64.36
      ],
      [
       442.27,
       63.96
      ],
      [
       443.27,
       63.19
      ],
      [
       444.53,
       62.35
      ],
      [
       444.73,
       62.22
      ],
      [
       446.19,
       61.41
      ],
      [
       447.62,
       60.74
      ],
      [
       447.65,
       60.73
      ],
      [
       449.11,
       60.12
      ],
      [
       450.57,
       59.59
      ],
      [
       452.03,
       59.15
      ],
      [
       452.08,
       59.13
      ],
      [
       453.49,
       58.75
      ]
     ]
    ]
   }
  },
  {
   "type": "Feature",
   "properties": {
    "code": "141",
    "h1": 1,
    "h2": 4,
    "h3": 1,
    "macro": "Health Science",
    "meso": "Microbial and Immune Systems Biology",
    "micro": "Microbial Ecosystems",
    "label_x": 538.36,
    "label_y": 92.0
   },
   "geometry": {
    "type": "Polygon",
    "coordinates": [
     [
      [
       553.62,
       71.66
      ],
      [
       555.31,
       71.51
      ],
      [
       556.99,
       71.5
      ],
      [
       558.68,
       71.61
      ],
      [
       558.99,
       71.67
      ],
      [
       560.37,
       71.89
      ],
      [
       562.05,
       72.38
      ],
      [
       563.74,
       73.18
      ],
      [
       563.82,
       73.23
      ],
      [
       565.42,
       74.46
      ],
      [
       565.74,
       74.78
      ],
      [
       566.87,
       76.34
      ],
      [
       567.11,
       76.88
      ],
      [
       567.53,
       77.9
      ],
      [
       567.89,
       79.46
      ],
      [
       568.01,
       81.02
      ],
      [
       567.92,
       82.58
      ],
      [
       567.68,
       84.14
      ],
      [
       567.28,
       85.7
      ],
      [
       567.11,
       86.16
      ],
      [
       566.76,
       87.26
      ],
      [
       566.13,
       88.82
      ],
      [
       565.42,
       90.22
      ],
      [
       565.35,
       90.38
      ],
      [
       564.51,
       91.94
      ],
      [
       563.74,
       93.14
      ],
      [
       563.51,
       93.5
      ],
      [
       562.43,
       95.06
      ],
      [
       562.05,
       95.56
      ],
      [
       561.24,
       96.62
      ],
      [
       560.37,
       97.65
      ],
      [
       559.91,
       98.18
      ],
      [
       558.68,
       99.5
      ],
      [
       558.44,
       99.74
      ],
      [
       556.99,
       101.16
      ],
      [
       556.85,
       101.3
      ],
      [
       555.31,
       102.67
      ],
      [
       555.07,
       102.86
      ],
      [
       553.62,
       104.04
      ],
      [
       553.1,
       104.42
      ],
      [
       551.93,
       105.27
      ],
      [
       550.85,
       105.98
      ],
      [
       550.25,
       106.38
      ],
      [
       548.56,
       107.36
      ],
      [
       548.21,
       107.54
      ],
      [
       546.87,
       108.26
      ],
      [
       545.19,
       109.02
      ],
      [
       544.96,
       109.1
      ],
      [
       543.5,
       109.71
      ],
      [
       541.81,
       110.26
      ],
      [
       540.25,
       110.66
      ],
      [
       540.13,
       110.69
      ],
      [
       538.44,
       111.06
      ],
      [
       536.75,
       111.3
      ],
      [
       535.07,
       111.41
      ],
      [
       533.38,
       111.39
      ],
      [
       531.69,
       111.24
      ],
      [
       530.01,
       110.93
      ],
      [
       529.05,
       110.66
      ],
      [
       528.32,
       110.45
      ],
      [
       526.63,
       109.75
      ],
      [
       525.45,
       109.1
      ],
      [
       524.94,
       108.78
      ],
      [
       523.32,
       107.54
      ],
      [
       523.26,
       107.48
      ],
      [
       521.79,
       105.98
      ],
      [
       521.57,
       105.7
      ],
      [
       520.55,
       104.42
      ],
      [
       519.89,
       103.34
      ],
      [
       519.55,
       102.86
      ],
      [
       518.61,
       101.3
      ],
      [
       518.2,
       100.46
      ],
      [
       517.69,
       99.74
      ],
      [
       516.66,
       98.18
      ],
      [
       516.51,
       97.94
      ],
      [
       514.83,
       96.62
      ],
      [
       513.14,
       96.22
      ],
      [
       511.45,
       96.33
      ],
      [
       509.91,
       96.62
      ],
      [
       509.76,
       96.64
      ],
      [
       508.08,
       96.95
      ],
      [
       506.39,
       97.21
      ],
      [
       504.71,
       97.36
      ],
      [
       503.02,
       97.32
      ],
      [
       501.33,
       97.01
      ],
      [
       500.34,
       96.62
      ],
      [
       499.64,
       96.23
      ],
      [
       498.42,
       95.06
      ],
      [
       497.96,
       94.25
      ],
      [
       497.64,
       93.5
      ],
      [
       497.42,
       91.94
      ],
      [
       497.57,
       90.38
      ],
      [
       497.96,
       89.05
      ],
      [
       498.04,
       88.82
      ],
      [
       498.92,
       87.26
      ],
      [
       499.64,
       86.34
      ],
      [
       500.27,
       85.7
      ],
      [
       501.33,
       84.85
      ],
      [
       502.51,
       84.14
      ],
      [
       503.02,
       83.88
      ],
      [
       504.71,
       83.3
      ],
      [
       506.39,
       83.0
      ],
      [
       508.08,
       82.95
      ],
      [
       509.76,
       83.13
      ],
      [
       511.45,
       83.55
      ],
      [
       513.08,
       84.14
      ],
      [
       513.14,
       84.17
      ],
      [
       514.83,
       85.03
      ],
      [
       516.36,
       85.7
      ],
      [
       516.51,
       85.79
      ],
      [
       518.2,
       86.27
      ],
      [
       519.89,
       86.22
      ],
      [
       521.57,
       85.75
      ],
      [
       521.65,
       85.7
      ],
      [
       523.26,
       85.03
      ],
      [
       524.94,
       84.16
      ],
      [
       524.96,
       84.14
      ],
      [
       526.63,
       83.2
      ],
      [
       527.62,
       82.58
      ],
      [
       528.32,
       82.19
      ],
      [
       530.01,
       81.19
      ],
      [
       530.27,
       81.02
      ],
      [
       531.69,
       80.18
      ],
      [
       532.92,
       79.46
      ],
      [
       533.38,
       79.2
      ],
      [
       535.07,
       78.26
      ],
      [
       535.72,
       77.9
      ],
      [
       536.75,
       77.35
      ],
      [
       538.44,
       76.51
      ],
      [
       538.78,
       76.34
      ],
      [
       540.13,
       75.69
      ],
      [
       541.81,
       74.96
      ],
      [
       542.25,
       74.78
      ],
      [
       543.5,
       74.26
      ],
      [
       545.19,
       73.64
      ],
      [
       546.51,
       73.23
      ],
      [
       546.87,
       73.11
      ],
      [
       548.56,
       72.6
      ],
      [
       550.25,
       72.2
      ],
      [
       551.93,
       71.89
      ],
      [
       553.59,
       71.67
      ],
      [
       553.62,
       71.66
      ]
     ]
    ]
   }
  },
  {
   "type": "Feature",
   "properties": {
    "code": "150",
    "h1": 1,
    "h2": 5,
    "h3": 0,
    "macro": "Health Science",
    "meso": "Genetics & Genomics",
    "micro": "Cancer Genomics",
    "label_x": 455.74,
    "label_y": 123.86
   },
   "geometry": {
    "type": "Polygon",
    "coordinates": [
     [
      [
       461.01,
       92.17
      ],
      [
       463.14,
       91.58
      ],
      [
       465.25,
       91.41
      ],
      [
       467.38,
       91.71
      ],
      [
       468.61,
       92.21
      ],
      [
       469.49,
       92.61
      ],
      [
       471.61,
       94.43
      ],
      [
       471.94,
       94.84
      ],
      [
       473.43,
       97.48
      ],
      [
       473.73,
       98.32
      ],
      [
       474.27,
       100.11
      ],
      [
       474.72,
       102.75
      ],
      [
       474.89,
       105.38
      ],
      [
       474.84,
       108.01
      ],
      [
       474.61,
       110.64
      ],
      [
       474.22,
       113.27
      ],
      [
       473.73,
       115.54
      ],
      [
       473.66,
       115.9
      ],
      [
       473.05,
       118.53
      ],
      [
       472.27,
       121.16
      ],
      [
       471.61,
       122.98
      ],
      [
       471.35,
       123.79
      ],
      [
       470.35,
       126.43
      ],
      [
       469.49,
       128.29
      ],
      [
       469.16,
       129.06
      ],
      [
       467.89,
       131.7
      ],
      [
       467.38,
       132.62
      ],
      [
       466.46,
       134.32
      ],
      [
       465.25,
       136.32
      ],
      [
       464.86,
       136.96
      ],
      [
       463.14,
       139.53
      ],
      [
       463.09,
       139.59
      ],
      [
       461.16,
       142.22
      ],
      [
       461.01,
       142.41
      ],
      [
       458.98,
       144.85
      ],
      [
       458.9,
       144.95
      ],
      [
       456.78,
       147.24
      ],
      [
       456.5,
       147.48
      ],
      [
       454.66,
       149.27
      ],
      [
       453.57,
       150.11
      ],
      [
       452.54,
       151.0
      ],
      [
       450.42,
       152.44
      ],
      [
       449.82,
       152.74
      ],
      [
       448.3,
       153.67
      ],
      [
       446.18,
       154.6
      ],
      [
       444.07,
       155.28
      ],
      [
       443.55,
       155.38
      ],
      [
       441.94,
       155.77
      ],
      [
       439.83,
       156.02
      ],
      [
       437.71,
       155.92
      ],
      [
       436.4,
       155.38
      ],
      [
       435.59,
       154.43
      ],
      [
       435.13,
       152.74
      ],
      [
       435.1,
       150.11
      ],
      [
       435.3,
       147.48
      ],
      [
       435.59,
       144.85
      ],
      [
       435.92,
       142.22
      ],
      [
       436.25,
       139.59
      ],
      [
       436.61,
       136.96
      ],
      [
       437.0,
       134.32
      ],
      [
       437.46,
       131.7
      ],
      [
       437.71,
       130.45
      ],
      [
       437.94,
       129.06
      ],
      [
       438.45,
       126.43
      ],
      [
       439.06,
       123.79
      ],
      [
       439.8,
       121.16
      ],
      [
       439.83,
       121.08
      ],
      [
       440.53,
       118.53
      ],
      [
       441.43,
       115.9
      ],
      [
       441.94,
       114.62
      ],
      [
       442.44,
       113.27
      ],
      [
       443.59,
       110.64
      ],
      [
       444.07,
       109.68
      ],
      [
       444.88,
       108.01
      ],
      [
       446.18,
       105.73
      ],
      [
       446.39,
       105.38
      ],
      [
       448.12,
       102.75
      ],
      [
       448.3,
       102.48
      ],
      [
       450.16,
       100.11
      ],
      [
       450.42,
       99.8
      ],
      [
       452.54,
       97.58
      ],
      [
       452.66,
       97.48
      ],
      [
       454.66,
       95.7
      ],
      [
       455.89,
       94.84
      ],
      [
       456.78,
       94.21
      ],
      [
       458.9,
       93.01
      ],
      [
       460.93,
       92.21
      ],
      [
       461.01,
       92.17
      ]
     ]
    ]
   }
  },
  {
   "type": "Feature",
   "properties": {
    "code": "151",
    "h1": 1,
    "h2": 5,
    "h3": 1,
    "macro": "Health Science",
    "meso": "Genetics & Genomics",
    "micro": "Gene Regulation",
    "label_x": 482.5,
    "label_y": 46.68
   },
   "geometry": {
    "type": "Polygon",
    "coordinates": [
     [
      [
       486.63,
       13.73
      ],
      [
       488.4,
       13.16
      ],
      [
       490.17,
       12.81
      ],
      [
       491.94,
       12.7
      ],
      [
       493.71,
       12.85
      ],
      [
       495.48,
       13.36
      ],
      [
       497.21,
       14.3
      ],
      [
       497.26,
       14.34
      ],
      [
       499.03,
       15.97
      ],
      [
       499.25,
       16.25
      ],
      [
       500.5,
       18.19
      ],
      [
       500.81,
       18.82
      ],
      [
       501.35,
       20.13
      ],
      [
       501.94,
       22.08
      ],
      [
       502.36,
       24.02
      ],
      [
       502.58,
       25.71
      ],
      [
       502.61,
       25.96
      ],
      [
       502.76,
       27.91
      ],
      [
       502.8,
       29.85
      ],
      [
       502.75,
       31.79
      ],
      [
       502.62,
       33.74
      ],
      [
       502.58,
       34.09
      ],
      [
       502.42,
       35.68
      ],
      [
       502.17,
       37.62
      ],
      [
       501.84,
       39.57
      ],
      [
       501.45,
       41.51
      ],
      [
       501.0,
       43.45
      ],
      [
       500.81,
       44.14
      ],
      [
       500.49,
       45.39
      ],
      [
       499.94,
       47.34
      ],
      [
       499.31,
       49.28
      ],
      [
       499.03,
       50.06
      ],
      [
       498.64,
       51.23
      ],
      [
       497.91,
       53.16
      ],
      [
       497.26,
       54.72
      ],
      [
       497.1,
       55.11
      ],
      [
       496.25,
       57.05
      ],
      [
       495.48,
       58.63
      ],
      [
       495.31,
       58.99
      ],
      [
       494.31,
       60.93
      ],
      [
       493.71,
       62.0
      ],
      [
       493.22,
       62.88
      ],
      [
       492.03,
       64.82
      ],
      [
       491.94,
       64.95
      ],
      [
       490.74,
       66.76
      ],
      [
       490.17,
       67.58
      ],
      [
       489.33,
       68.71
      ],
      [
       488.4,
       69.9
      ],
      [
       487.75,
       70.65
      ],
      [
       486.63,
       71.94
      ],
      [
       485.98,
       72.6
      ],
      [
       484.85,
       73.75
      ],
      [
       483.97,
       74.54
      ],
      [
       483.08,
       75.33
      ],
      [
       481.57,
       76.48
      ],
      [
       481.3,
       76.68
      ],
      [
       479.53,
       77.85
      ],
      [
       478.43,
       78.43
      ],
      [
       477.76,
       78.79
      ],
      [
       475.99,
       79.52
      ],
      [
       474.22,
       80.0
      ],
      [
       472.45,
       80.23
      ],
      [
       470.67,
       80.14
      ],
      [
       468.9,
       79.66
      ],
      [
       467.13,
       78.64
      ],
      [
       466.88,
       78.43
      ],
      [
       465.36,
       76.81
      ],
      [
       465.12,
       76.48
      ],
      [
       464.02,
       74.54
      ],
      [
       463.59,
       73.5
      ],
      [
       463.25,
       72.6
      ],
      [
       462.67,
       70.65
      ],
      [
       462.25,
       68.71
      ],
      [
       461.94,
       66.76
      ],
      [
       461.81,
       65.65
      ],
      [
       461.71,
       64.82
      ],
      [
       461.54,
       62.88
      ],
      [
       461.44,
       60.93
      ],
      [
       461.38,
       58.99
      ],
      [
       461.39,
       57.05
      ],
      [
       461.45,
       55.11
      ],
      [
       461.56,
       53.16
      ],
      [
       461.74,
       51.23
      ],
      [
       461.81,
       50.64
      ],
      [
       461.96,
       49.28
      ],
      [
       462.24,
       47.34
      ],
      [
       462.59,
       45.39
      ],
      [
       463.04,
       43.45
      ],
      [
       463.59,
       41.51
      ],
      [
       464.17,
       39.57
      ],
      [
       464.88,
       37.62
      ],
      [
       465.36,
       36.49
      ],
      [
       465.68,
       35.68
      ],
      [
       466.58,
       33.74
      ],
      [
       467.13,
       32.71
      ],
      [
       467.61,
       31.79
      ],
      [
       468.75,
       29.85
      ],
      [
       468.9,
       29.62
      ],
      [
       470.01,
       27.91
      ],
      [
       470.67,
       26.99
      ],
      [
       471.43,
       25.96
      ],
      [
       472.45,
       24.69
      ],
      [
       473.0,
       24.02
      ],
      [
       474.22,
       22.66
      ],
      [
       474.75,
       22.08
      ],
      [
       475.99,
       20.83
      ],
      [
       476.74,
       20.13
      ],
      [
       477.76,
       19.21
      ],
      [
       479.01,
       18.19
      ],
      [
       479.53,
       17.77
      ],
      [
       481.3,
       16.51
      ],
      [
       481.73,
       16.25
      ],
      [
       483.08,
       15.41
      ],
      [
       484.85,
       14.49
      ],
      [
       485.28,
       14.3
      ],
      [
       486.63,
       13.73
      ]
     ]
    ]
   }
  },
  {
   "type": "Feature",
   "properties": {
    "code": "152",
    "h1": 1,
    "h2": 5,
    "h3": 2,
    "macro": "Health Science",
    "meso": "Genetics & Genomics",
    "micro": "Mutation & Evolutionary Genetics",
    "label_x": 521.49,
    "label_y": 43.8
   },
   "geometry": {
    "type": "Polygon",
    "coordinates": [
     [
      [
       516.46,
       19.71
      ],
      [
       518.76,
       19.09
      ],
      [
       521.07,
       18.71
      ],
      [
       523.37,
       18.59
      ],
      [
       525.68,
       18.72
      ],
      [
       527.98,
       19.13
      ],
      [
       530.28,
       19.89
      ],
      [
       531.62,
       20.56
      ],
      [
       532.59,
       21.06
      ],
      [
       534.66,
       22.58
      ],
      [
       534.9,
       22.77
      ],
      [
       536.68,
       24.59
      ],
      [
       537.21,
       25.25
      ],
      [
       538.16,
       26.61
      ],
      [
       539.27,
       28.63
      ],
      [
       539.51,
       29.17
      ],
      [
       540.14,
       30.65
      ],
      [
       540.78,
       32.67
      ],
      [
       541.23,
       34.68
      ],
      [
       541.52,
       36.7
      ],
      [
       541.68,
       38.72
      ],
      [
       541.71,
       40.74
      ],
      [
       541.63,
       42.76
      ],
      [
       541.44,
       44.77
      ],
      [
       541.14,
       46.79
      ],
      [
       540.71,
       48.81
      ],
      [
       540.16,
       50.83
      ],
      [
       539.51,
       52.68
      ],
      [
       539.45,
       52.85
      ],
      [
       538.64,
       54.86
      ],
      [
       537.64,
       56.88
      ],
      [
       537.21,
       57.64
      ],
      [
       536.42,
       58.9
      ],
      [
       534.9,
       60.92
      ],
      [
       532.96,
       62.94
      ],
      [
       532.59,
       63.27
      ],
      [
       530.28,
       64.94
      ],
      [
       530.26,
       64.95
      ],
      [
       527.98,
       66.16
      ],
      [
       525.68,
       66.96
      ],
      [
       525.61,
       66.97
      ],
      [
       523.37,
       67.49
      ],
      [
       521.07,
       67.71
      ],
      [
       518.76,
       67.67
      ],
      [
       516.46,
       67.36
      ],
      [
       514.96,
       66.97
      ],
      [
       514.15,
       66.77
      ],
      [
       511.85,
       65.89
      ],
      [
       510.14,
       64.95
      ],
      [
       509.54,
       64.61
      ],
      [
       507.3,
       62.94
      ],
      [
       507.23,
       62.88
      ],
      [
       505.26,
       60.92
      ],
      [
       504.93,
       60.53
      ],
      [
       503.67,
       58.9
      ],
      [
       502.62,
       57.25
      ],
      [
       502.41,
       56.88
      ],
      [
       501.36,
       54.86
      ],
      [
       500.55,
       52.85
      ],
      [
       500.32,
       52.15
      ],
      [
       499.88,
       50.83
      ],
      [
       499.38,
       48.81
      ],
      [
       499.04,
       46.79
      ],
      [
       498.86,
       44.77
      ],
      [
       498.85,
       42.76
      ],
      [
       498.98,
       40.74
      ],
      [
       499.3,
       38.72
      ],
      [
       499.82,
       36.7
      ],
      [
       500.32,
       35.28
      ],
      [
       500.52,
       34.68
      ],
      [
       501.41,
       32.67
      ],
      [
       502.56,
       30.65
      ],
      [
       502.62,
       30.55
      ],
      [
       503.95,
       28.63
      ],
      [
       504.93,
       27.45
      ],
      [
       505.68,
       26.61
      ],
      [
       507.23,
       25.1
      ],
      [
       507.82,
       24.59
      ],
      [
       509.54,
       23.24
      ],
      [
       510.54,
       22.58
      ],
      [
       511.85,
       21.76
      ],
      [
       514.15,
       20.61
      ],
      [
       514.29,
       20.56
      ],
      [
       516.46,
       19.71
      ]
     ]
    ]
   }
  },
  {
   "type": "Feature",
   "properties": {
    "code": "153",
    "h1": 1,
    "h2": 5,
    "h3": 3,
    "macro": "Health Science",
    "meso": "Genetics & Genomics",
    "micro": "Organ Physiology",
    "label_x": 500.87,
    "label_y": 111.66
   },
   "geometry": {
    "type": "Polygon",
    "coordinates": [
     [
      [
       503.13,
       84.66
      ],
      [
       504.54,
       84.34
      ],
      [
       505.96,
       84.09
      ],
      [
       507.38,
       83.91
      ],
      [
       508.8,
       83.81
      ],
      [
       510.21,
       83.77
      ],
      [
       511.63,
       83.81
      ],
      [
       513.05,
       83.93
      ],
      [
       514.46,
       84.13
      ],
      [
       515.88,
       84.43
      ],
      [
       516.94,
       84.73
      ],
      [
       517.29,
       84.82
      ],
      [
       518.71,
       85.3
      ],
      [
       520.13,
       85.92
      ],
      [
       520.98,
       86.35
      ],
      [
       521.55,
       86.66
      ],
      [
       522.96,
       87.54
      ],
      [
       523.56,
       87.99
      ],
      [
       524.38,
       88.63
      ],
      [
       525.44,
       89.61
      ],
      [
       525.79,
       89.99
      ],
      [
       526.84,
       91.23
      ],
      [
       527.21,
       91.78
      ],
      [
       527.89,
       92.86
      ],
      [
       528.63,
       94.45
      ],
      [
       528.65,
       94.48
      ],
      [
       529.17,
       96.1
      ],
      [
       529.47,
       97.73
      ],
      [
       529.58,
       99.35
      ],
      [
       529.53,
       100.98
      ],
      [
       529.34,
       102.61
      ],
      [
       529.01,
       104.23
      ],
      [
       528.63,
       105.6
      ],
      [
       528.56,
       105.86
      ],
      [
       528.02,
       107.48
      ],
      [
       527.37,
       109.1
      ],
      [
       527.21,
       109.44
      ],
      [
       526.64,
       110.73
      ],
      [
       525.8,
       112.35
      ],
      [
       525.79,
       112.35
      ],
      [
       524.89,
       113.98
      ],
      [
       524.38,
       114.8
      ],
      [
       523.89,
       115.61
      ],
      [
       522.96,
       116.99
      ],
      [
       522.8,
       117.23
      ],
      [
       521.62,
       118.86
      ],
      [
       521.55,
       118.94
      ],
      [
       520.34,
       120.48
      ],
      [
       520.13,
       120.74
      ],
      [
       518.97,
       122.1
      ],
      [
       518.71,
       122.39
      ],
      [
       517.49,
       123.73
      ],
      [
       517.29,
       123.93
      ],
      [
       515.88,
       125.35
      ],
      [
       514.46,
       126.69
      ],
      [
       514.14,
       126.98
      ],
      [
       513.05,
       127.93
      ],
      [
       512.22,
       128.61
      ],
      [
       511.63,
       129.09
      ],
      [
       510.21,
       130.15
      ],
      [
       510.09,
       130.23
      ],
      [
       508.8,
       131.14
      ],
      [
       507.68,
       131.85
      ],
      [
       507.38,
       132.05
      ],
      [
       505.96,
       132.89
      ],
      [
       504.84,
       133.48
      ],
      [
       504.54,
       133.64
      ],
      [
       503.13,
       134.32
      ],
      [
       501.71,
       134.92
      ],
      [
       501.21,
       135.1
      ],
      [
       500.3,
       135.45
      ],
      [
       498.88,
       135.91
      ],
      [
       497.46,
       136.27
      ],
      [
       496.04,
       136.57
      ],
      [
       495.02,
       136.73
      ],
      [
       494.63,
       136.79
      ],
      [
       493.21,
       136.96
      ],
      [
       491.8,
       137.07
      ],
      [
       490.38,
       137.13
      ],
      [
       488.96,
       137.13
      ],
      [
       487.55,
       137.08
      ],
      [
       486.12,
       136.99
      ],
      [
       484.71,
       136.86
      ],
      [
       483.73,
       136.73
      ],
      [
       483.29,
       136.68
      ],
      [
       481.88,
       136.47
      ],
      [
       480.46,
       136.2
      ],
      [
       479.05,
       135.86
      ],
      [
       477.62,
       135.43
      ],
      [
       476.78,
       135.1
      ],
      [
       476.21,
       134.88
      ],
      [
       474.79,
       134.18
      ],
      [
       473.71,
       133.48
      ],
      [
       473.38,
       133.23
      ],
      [
       471.96,
       131.89
      ],
      [
       471.93,
       131.85
      ],
      [
       470.85,
       130.23
      ],
      [
       470.54,
       129.5
      ],
      [
       470.21,
       128.61
      ],
      [
       469.87,
       126.98
      ],
      [
       469.78,
       125.35
      ],
      [
       469.87,
       123.73
      ],
      [
       470.13,
       122.1
      ],
      [
       470.51,
       120.48
      ],
      [
       470.54,
       120.41
      ],
      [
       471.0,
       118.86
      ],
      [
       471.61,
       117.23
      ],
      [
       471.96,
       116.42
      ],
      [
       472.29,
       115.61
      ],
      [
       473.05,
       113.98
      ],
      [
       473.38,
       113.37
      ],
      [
       473.89,
       112.35
      ],
      [
       474.79,
       110.73
      ],
      [
       475.73,
       109.1
      ],
      [
       476.21,
       108.31
      ],
      [
       476.72,
       107.48
      ],
      [
       477.62,
       106.07
      ],
      [
       477.77,
       105.86
      ],
      [
       478.85,
       104.23
      ],
      [
       479.05,
       103.95
      ],
      [
       479.98,
       102.61
      ],
      [
       480.46,
       101.91
      ],
      [
       481.14,
       100.98
      ],
      [
       481.88,
       99.97
      ],
      [
       482.36,
       99.35
      ],
      [
       483.29,
       98.14
      ],
      [
       483.63,
       97.73
      ],
      [
       484.71,
       96.4
      ],
      [
       484.98,
       96.1
      ],
      [
       486.12,
       94.78
      ],
      [
       486.42,
       94.48
      ],
      [
       487.55,
       93.27
      ],
      [
       487.99,
       92.86
      ],
      [
       488.96,
       91.9
      ],
      [
       489.77,
       91.23
      ],
      [
       490.38,
       90.69
      ],
      [
       491.8,
       89.66
      ],
      [
       491.88,
       89.61
      ],
      [
       493.21,
       88.67
      ],
      [
       494.47,
       87.99
      ],
      [
       494.63,
       87.88
      ],
      [
       496.04,
       87.12
      ],
      [
       497.46,
       86.51
      ],
      [
       497.86,
       86.35
      ],
      [
       498.88,
       85.93
      ],
      [
       500.3,
       85.43
      ],
      [
       501.71,
       85.01
      ],
      [
       502.87,
       84.73
      ],
      [
       503.13,
       84.66
      ]
     ]
    ]
   }
  },
  {
   "type": "Feature",
   "properties": {
    "code": "200",
    "h1": 2,
    "h2": 0,
    "h3": 0,
    "macro": "Social Science",
    "meso": "Education & Learning Science",
    "micro": "Learning & Performance Analytics",
    "label_x": 896.37,
    "label_y": 490.68
   },
   "geometry": {
    "type": "Polygon",
    "coordinates": [
     [
      [
       885.22,
       467.68
      ],
      [
       887.53,
       467.25
      ],
      [
       889.85,
       467.16
      ],
      [
       892.16,
       467.36
      ],
      [
       894.47,
       467.82
      ],
      [
       895.89,
       468.25
      ],
      [
       896.78,
       468.52
      ],
      [
       899.1,
       469.42
      ],
      [
       900.05,
       469.89
      ],
      [
       901.41,
       470.53
      ],
      [
       903.15,
       471.52
      ],
      [
       903.72,
       471.84
      ],
      [
       905.76,
       473.15
      ],
      [
       906.03,
       473.33
      ],
      [
       908.02,
       474.79
      ],
      [
       908.35,
       475.03
      ],
      [
       910.05,
       476.41
      ],
      [
       910.66,
       476.93
      ],
      [
       911.88,
       478.04
      ],
      [
       912.98,
       479.09
      ],
      [
       913.56,
       479.68
      ],
      [
       915.08,
       481.31
      ],
      [
       915.29,
       481.55
      ],
      [
       916.49,
       482.94
      ],
      [
       917.6,
       484.36
      ],
      [
       917.76,
       484.58
      ],
      [
       918.94,
       486.21
      ],
      [
       919.91,
       487.76
      ],
      [
       919.97,
       487.84
      ],
      [
       920.88,
       489.48
      ],
      [
       921.62,
       491.11
      ],
      [
       922.16,
       492.74
      ],
      [
       922.23,
       493.11
      ],
      [
       922.5,
       494.37
      ],
      [
       922.58,
       496.0
      ],
      [
       922.37,
       497.63
      ],
      [
       922.23,
       498.05
      ],
      [
       921.83,
       499.27
      ],
      [
       920.92,
       500.9
      ],
      [
       919.91,
       502.12
      ],
      [
       919.56,
       502.53
      ],
      [
       917.65,
       504.17
      ],
      [
       917.6,
       504.2
      ],
      [
       915.29,
       505.66
      ],
      [
       915.02,
       505.8
      ],
      [
       912.98,
       506.79
      ],
      [
       911.3,
       507.43
      ],
      [
       910.66,
       507.67
      ],
      [
       908.35,
       508.38
      ],
      [
       906.03,
       508.92
      ],
      [
       905.24,
       509.06
      ],
      [
       903.72,
       509.35
      ],
      [
       901.41,
       509.65
      ],
      [
       899.1,
       509.84
      ],
      [
       896.78,
       509.92
      ],
      [
       894.47,
       509.89
      ],
      [
       892.16,
       509.74
      ],
      [
       889.85,
       509.47
      ],
      [
       887.53,
       509.06
      ],
      [
       885.22,
       508.51
      ],
      [
       882.91,
       507.77
      ],
      [
       882.03,
       507.43
      ],
      [
       880.59,
       506.79
      ],
      [
       878.76,
       505.8
      ],
      [
       878.28,
       505.48
      ],
      [
       876.53,
       504.17
      ],
      [
       875.97,
       503.59
      ],
      [
       874.98,
       502.53
      ],
      [
       873.91,
       500.9
      ],
      [
       873.66,
       500.33
      ],
      [
       873.18,
       499.27
      ],
      [
       872.69,
       497.63
      ],
      [
       872.38,
       496.0
      ],
      [
       872.2,
       494.37
      ],
      [
       872.11,
       492.74
      ],
      [
       872.08,
       491.11
      ],
      [
       872.11,
       489.48
      ],
      [
       872.19,
       487.84
      ],
      [
       872.31,
       486.21
      ],
      [
       872.5,
       484.58
      ],
      [
       872.75,
       482.94
      ],
      [
       873.08,
       481.31
      ],
      [
       873.51,
       479.68
      ],
      [
       873.66,
       479.29
      ],
      [
       874.08,
       478.04
      ],
      [
       874.81,
       476.41
      ],
      [
       875.74,
       474.79
      ],
      [
       875.97,
       474.45
      ],
      [
       876.93,
       473.15
      ],
      [
       878.28,
       471.65
      ],
      [
       878.41,
       471.52
      ],
      [
       880.43,
       469.89
      ],
      [
       880.59,
       469.76
      ],
      [
       882.91,
       468.48
      ],
      [
       883.53,
       468.25
      ],
      [
       885.22,
       467.68
      ]
     ]
    ]
   }
  },
  {
   "type": "Feature",
   "properties": {
    "code": "201",
    "h1": 2,
    "h2": 0,
    "h3": 1,
    "macro": "Social Science",
    "meso": "Education & Learning Science",
    "micro": "Teaching & Curriculum Design",
    "label_x": 866.81,
    "label_y": 520.74
   },
   "geometry": {
    "type": "Polygon",
    "coordinates": [
     [
      [
       856.56,
       500.65
      ],
      [
       859.72,
       500.01
      ],
      [
       862.88,
       499.78
      ],
      [
       866.04,
       499.93
      ],
      [
       869.2,
       500.44
      ],
      [
       870.47,
       500.79
      ],
      [
       872.36,
       501.27
      ],
      [
       875.32,
       502.37
      ],
      [
       875.52,
       502.45
      ],
      [
       878.68,
       503.98
      ],
      [
       881.36,
       505.57
      ],
      [
       881.84,
       505.87
      ],
      [
       883.65,
       507.17
      ],
      [
       885.0,
       508.21
      ],
      [
       885.65,
       508.77
      ],
      [
       887.38,
       510.36
      ],
      [
       888.16,
       511.17
      ],
      [
       888.89,
       511.96
      ],
      [
       890.2,
       513.55
      ],
      [
       891.3,
       515.15
      ],
      [
       891.32,
       515.2
      ],
      [
       892.25,
       516.75
      ],
      [
       892.98,
       518.34
      ],
      [
       893.5,
       519.94
      ],
      [
       893.81,
       521.54
      ],
      [
       893.9,
       523.13
      ],
      [
       893.73,
       524.73
      ],
      [
       893.28,
       526.33
      ],
      [
       892.51,
       527.92
      ],
      [
       891.37,
       529.52
      ],
      [
       891.32,
       529.57
      ],
      [
       889.85,
       531.12
      ],
      [
       888.16,
       532.52
      ],
      [
       887.91,
       532.71
      ],
      [
       885.5,
       534.31
      ],
      [
       885.0,
       534.61
      ],
      [
       882.53,
       535.91
      ],
      [
       881.84,
       536.24
      ],
      [
       878.7,
       537.5
      ],
      [
       878.68,
       537.51
      ],
      [
       875.52,
       538.46
      ],
      [
       872.44,
       539.09
      ],
      [
       872.36,
       539.11
      ],
      [
       869.2,
       539.5
      ],
      [
       866.04,
       539.62
      ],
      [
       862.88,
       539.47
      ],
      [
       860.13,
       539.09
      ],
      [
       859.72,
       539.04
      ],
      [
       856.56,
       538.3
      ],
      [
       854.27,
       537.5
      ],
      [
       853.4,
       537.16
      ],
      [
       850.91,
       535.91
      ],
      [
       850.24,
       535.5
      ],
      [
       848.54,
       534.31
      ],
      [
       847.08,
       533.04
      ],
      [
       846.74,
       532.71
      ],
      [
       845.32,
       531.12
      ],
      [
       844.16,
       529.52
      ],
      [
       843.91,
       529.14
      ],
      [
       843.14,
       527.92
      ],
      [
       842.24,
       526.33
      ],
      [
       841.43,
       524.73
      ],
      [
       840.76,
       523.29
      ],
      [
       840.69,
       523.13
      ],
      [
       839.99,
       521.54
      ],
      [
       839.41,
       519.94
      ],
      [
       838.99,
       518.34
      ],
      [
       838.76,
       516.75
      ],
      [
       838.79,
       515.15
      ],
      [
       839.13,
       513.55
      ],
      [
       839.83,
       511.96
      ],
      [
       840.76,
       510.6
      ],
      [
       840.93,
       510.36
      ],
      [
       842.38,
       508.77
      ],
      [
       843.91,
       507.42
      ],
      [
       844.22,
       507.17
      ],
      [
       846.38,
       505.57
      ],
      [
       847.08,
       505.1
      ],
      [
       848.89,
       503.98
      ],
      [
       850.24,
       503.21
      ],
      [
       851.94,
       502.37
      ],
      [
       853.4,
       501.71
      ],
      [
       856.16,
       500.79
      ],
      [
       856.56,
       500.65
      ]
     ]
    ]
   }
  },
  {
   "type": "Feature",
   "properties": {
    "code": "202",
    "h1": 2,
    "h2": 0,
    "h3": 2,
    "macro": "Social Science",
    "meso": "Education & Learning Science",
    "micro": "Learning Psychology & Motivation",
    "label_x": 896.69,
    "label_y": 530.8
   },
   "geometry": {
    "type": "Polygon",
    "coordinates": [
     [
      [
       892.23,
       507.74
      ],
      [
       894.84,
       507.38
      ],
      [
       897.44,
       507.33
      ],
      [
       900.04,
       507.6
      ],
      [
       901.78,
       508.0
      ],
      [
       902.64,
       508.19
      ],
      [
       905.25,
       509.11
      ],
      [
       906.75,
       509.86
      ],
      [
       907.84,
       510.42
      ],
      [
       909.79,
       511.72
      ],
      [
       910.45,
       512.18
      ],
      [
       912.07,
       513.57
      ],
      [
       913.05,
       514.53
      ],
      [
       913.88,
       515.44
      ],
      [
       915.37,
       517.3
      ],
      [
       915.66,
       517.71
      ],
      [
       916.6,
       519.16
      ],
      [
       917.61,
       521.02
      ],
      [
       918.26,
       522.52
      ],
      [
       918.42,
       522.88
      ],
      [
       919.07,
       524.75
      ],
      [
       919.53,
       526.6
      ],
      [
       919.8,
       528.46
      ],
      [
       919.91,
       530.32
      ],
      [
       919.83,
       532.18
      ],
      [
       919.56,
       534.04
      ],
      [
       919.07,
       535.91
      ],
      [
       918.36,
       537.77
      ],
      [
       918.26,
       537.97
      ],
      [
       917.41,
       539.62
      ],
      [
       916.16,
       541.48
      ],
      [
       915.66,
       542.11
      ],
      [
       914.55,
       543.35
      ],
      [
       913.05,
       544.76
      ],
      [
       912.51,
       545.2
      ],
      [
       910.45,
       546.74
      ],
      [
       909.95,
       547.07
      ],
      [
       907.84,
       548.36
      ],
      [
       906.76,
       548.93
      ],
      [
       905.25,
       549.71
      ],
      [
       902.64,
       550.79
      ],
      [
       902.62,
       550.79
      ],
      [
       900.04,
       551.58
      ],
      [
       897.44,
       552.06
      ],
      [
       894.84,
       552.22
      ],
      [
       892.23,
       552.07
      ],
      [
       889.63,
       551.61
      ],
      [
       887.02,
       550.86
      ],
      [
       886.83,
       550.79
      ],
      [
       884.42,
       549.8
      ],
      [
       882.75,
       548.93
      ],
      [
       881.82,
       548.39
      ],
      [
       879.86,
       547.07
      ],
      [
       879.21,
       546.58
      ],
      [
       877.61,
       545.2
      ],
      [
       876.61,
       544.2
      ],
      [
       875.81,
       543.35
      ],
      [
       874.38,
       541.48
      ],
      [
       874.01,
       540.88
      ],
      [
       873.24,
       539.62
      ],
      [
       872.38,
       537.77
      ],
      [
       871.82,
       535.91
      ],
      [
       871.51,
       534.04
      ],
      [
       871.48,
       532.18
      ],
      [
       871.71,
       530.32
      ],
      [
       872.17,
       528.46
      ],
      [
       872.84,
       526.6
      ],
      [
       873.66,
       524.75
      ],
      [
       874.01,
       524.02
      ],
      [
       874.55,
       522.88
      ],
      [
       875.51,
       521.02
      ],
      [
       876.58,
       519.16
      ],
      [
       876.61,
       519.12
      ],
      [
       877.76,
       517.3
      ],
      [
       879.21,
       515.44
      ],
      [
       880.98,
       513.57
      ],
      [
       881.82,
       512.82
      ],
      [
       883.23,
       511.72
      ],
      [
       884.42,
       510.9
      ],
      [
       886.26,
       509.86
      ],
      [
       887.02,
       509.45
      ],
      [
       889.63,
       508.42
      ],
      [
       891.22,
       508.0
      ],
      [
       892.23,
       507.74
      ]
     ]
    ]
   }
  },
  {
   "type": "Feature",
   "properties": {
    "code": "203",
    "h1": 2,
    "h2": 0,
    "h3": 3,
    "macro": "Social Science",
    "meso": "Education & Learning Science",
    "micro": "Digital Learning Enhancement",
    "label_x": 857.25,
    "label_y": 486.16
   },
   "geometry": {
    "type": "Polygon",
    "coordinates": [
     [
      [
       845.12,
       464.52
      ],
      [
       847.36,
       464.5
      ],
      [
       849.58,
       464.62
      ],
      [
       850.27,
       464.7
      ],
      [
       851.82,
       464.86
      ],
      [
       854.04,
       465.21
      ],
      [
       856.14,
       465.66
      ],
      [
       856.27,
       465.68
      ],
      [
       858.5,
       466.25
      ],
      [
       859.62,
       466.61
      ],
      [
       860.73,
       466.96
      ],
      [
       862.38,
       467.57
      ],
      [
       862.95,
       467.79
      ],
      [
       864.7,
       468.53
      ],
      [
       865.19,
       468.74
      ],
      [
       866.71,
       469.48
      ],
      [
       867.42,
       469.84
      ],
      [
       868.49,
       470.44
      ],
      [
       869.64,
       471.11
      ],
      [
       870.09,
       471.4
      ],
      [
       871.52,
       472.36
      ],
      [
       871.87,
       472.61
      ],
      [
       872.82,
       473.31
      ],
      [
       874.0,
       474.27
      ],
      [
       874.1,
       474.36
      ],
      [
       875.08,
       475.23
      ],
      [
       876.05,
       476.18
      ],
      [
       876.33,
       476.48
      ],
      [
       876.94,
       477.14
      ],
      [
       877.75,
       478.1
      ],
      [
       878.47,
       479.05
      ],
      [
       878.55,
       479.19
      ],
      [
       879.14,
       480.01
      ],
      [
       879.73,
       480.97
      ],
      [
       880.25,
       481.93
      ],
      [
       880.71,
       482.88
      ],
      [
       880.79,
       483.07
      ],
      [
       881.12,
       483.84
      ],
      [
       881.48,
       484.8
      ],
      [
       881.77,
       485.75
      ],
      [
       882.01,
       486.71
      ],
      [
       882.2,
       487.67
      ],
      [
       882.33,
       488.62
      ],
      [
       882.41,
       489.59
      ],
      [
       882.43,
       490.54
      ],
      [
       882.4,
       491.5
      ],
      [
       882.31,
       492.46
      ],
      [
       882.16,
       493.41
      ],
      [
       881.94,
       494.37
      ],
      [
       881.64,
       495.33
      ],
      [
       881.25,
       496.29
      ],
      [
       880.79,
       497.24
      ],
      [
       880.2,
       498.2
      ],
      [
       879.51,
       499.16
      ],
      [
       878.69,
       500.11
      ],
      [
       878.55,
       500.26
      ],
      [
       877.69,
       501.07
      ],
      [
       876.56,
       502.03
      ],
      [
       876.33,
       502.21
      ],
      [
       875.17,
       502.98
      ],
      [
       874.1,
       503.67
      ],
      [
       873.58,
       503.95
      ],
      [
       871.87,
       504.83
      ],
      [
       871.7,
       504.9
      ],
      [
       869.64,
       505.78
      ],
      [
       869.4,
       505.86
      ],
      [
       867.42,
       506.55
      ],
      [
       866.42,
       506.82
      ],
      [
       865.19,
       507.16
      ],
      [
       862.95,
       507.6
      ],
      [
       861.36,
       507.77
      ],
      [
       860.73,
       507.84
      ],
      [
       858.5,
       507.87
      ],
      [
       857.44,
       507.77
      ],
      [
       856.27,
       507.64
      ],
      [
       854.04,
       507.09
      ],
      [
       853.33,
       506.82
      ],
      [
       851.82,
       506.15
      ],
      [
       851.33,
       505.86
      ],
      [
       849.85,
       504.9
      ],
      [
       849.58,
       504.71
      ],
      [
       848.68,
       503.95
      ],
      [
       847.61,
       502.98
      ],
      [
       847.36,
       502.75
      ],
      [
       846.67,
       502.03
      ],
      [
       845.78,
       501.07
      ],
      [
       845.12,
       500.37
      ],
      [
       844.91,
       500.11
      ],
      [
       844.08,
       499.16
      ],
      [
       843.23,
       498.2
      ],
      [
       842.9,
       497.84
      ],
      [
       842.4,
       497.24
      ],
      [
       841.55,
       496.29
      ],
      [
       840.7,
       495.33
      ],
      [
       840.67,
       495.29
      ],
      [
       839.86,
       494.37
      ],
      [
       839.0,
       493.41
      ],
      [
       838.44,
       492.8
      ],
      [
       838.15,
       492.46
      ],
      [
       837.3,
       491.5
      ],
      [
       836.46,
       490.54
      ],
      [
       836.21,
       490.25
      ],
      [
       835.64,
       489.59
      ],
      [
       834.85,
       488.62
      ],
      [
       834.09,
       487.67
      ],
      [
       833.98,
       487.54
      ],
      [
       833.35,
       486.71
      ],
      [
       832.66,
       485.75
      ],
      [
       832.02,
       484.8
      ],
      [
       831.75,
       484.36
      ],
      [
       831.43,
       483.84
      ],
      [
       830.9,
       482.88
      ],
      [
       830.43,
       481.93
      ],
      [
       830.02,
       480.97
      ],
      [
       829.69,
       480.01
      ],
      [
       829.53,
       479.36
      ],
      [
       829.45,
       479.05
      ],
      [
       829.28,
       478.1
      ],
      [
       829.21,
       477.14
      ],
      [
       829.24,
       476.18
      ],
      [
       829.37,
       475.23
      ],
      [
       829.53,
       474.59
      ],
      [
       829.61,
       474.27
      ],
      [
       829.97,
       473.31
      ],
      [
       830.45,
       472.36
      ],
      [
       831.05,
       471.4
      ],
      [
       831.75,
       470.48
      ],
      [
       831.78,
       470.44
      ],
      [
       832.67,
       469.48
      ],
      [
       833.7,
       468.53
      ],
      [
       833.98,
       468.28
      ],
      [
       834.95,
       467.57
      ],
      [
       836.21,
       466.76
      ],
      [
       836.5,
       466.61
      ],
      [
       838.44,
       465.73
      ],
      [
       838.68,
       465.66
      ],
      [
       840.67,
       465.07
      ],
      [
       842.9,
       464.7
      ],
      [
       842.97,
       464.7
      ],
      [
       845.12,
       464.52
      ]
     ]
    ]
   }
  },
  {
   "type": "Feature",
   "properties": {
    "code": "210",
    "h1": 2,
    "h2": 1,
    "h3": 0,
    "macro": "Social Science",
    "meso": "Digital Media & Communication",
    "micro": "Content Integrity & Safety",
    "label_x": 721.62,
    "label_y": 379.72
   },
   "geometry": {
    "type": "Polygon",
    "coordinates": [
     [
      [
       706.92,
       357.9
      ],
      [
       709.03,
       357.36
      ],
      [
       711.13,
       357.05
      ],
      [
       713.25,
       356.92
      ],
      [
       715.35,
       356.96
      ],
      [
       717.45,
       357.14
      ],
      [
       719.56,
       357.46
      ],
      [
       721.67,
       357.94
      ],
      [
       721.9,
       358.0
      ],
      [
       723.78,
       358.53
      ],
      [
       725.88,
       359.27
      ],
      [
       726.62,
       359.59
      ],
      [
       727.99,
       360.17
      ],
      [
       729.97,
       361.18
      ],
      [
       730.09,
       361.24
      ],
      [
       732.2,
       362.48
      ],
      [
       732.62,
       362.77
      ],
      [
       734.31,
       363.95
      ],
      [
       734.84,
       364.36
      ],
      [
       736.41,
       365.65
      ],
      [
       736.75,
       365.95
      ],
      [
       738.39,
       367.54
      ],
      [
       738.52,
       367.68
      ],
      [
       739.85,
       369.13
      ],
      [
       740.63,
       370.11
      ],
      [
       741.11,
       370.72
      ],
      [
       742.21,
       372.31
      ],
      [
       742.74,
       373.2
      ],
      [
       743.16,
       373.89
      ],
      [
       743.98,
       375.48
      ],
      [
       744.63,
       377.08
      ],
      [
       744.84,
       377.72
      ],
      [
       745.18,
       378.67
      ],
      [
       745.58,
       380.26
      ],
      [
       745.84,
       381.85
      ],
      [
       745.94,
       383.43
      ],
      [
       745.9,
       385.02
      ],
      [
       745.68,
       386.62
      ],
      [
       745.27,
       388.21
      ],
      [
       744.84,
       389.33
      ],
      [
       744.66,
       389.8
      ],
      [
       743.85,
       391.38
      ],
      [
       742.74,
       392.97
      ],
      [
       742.74,
       392.98
      ],
      [
       741.32,
       394.56
      ],
      [
       740.63,
       395.2
      ],
      [
       739.44,
       396.16
      ],
      [
       738.52,
       396.8
      ],
      [
       736.9,
       397.75
      ],
      [
       736.41,
       398.01
      ],
      [
       734.31,
       398.93
      ],
      [
       733.05,
       399.34
      ],
      [
       732.2,
       399.62
      ],
      [
       730.09,
       400.11
      ],
      [
       727.99,
       400.41
      ],
      [
       725.88,
       400.55
      ],
      [
       723.78,
       400.55
      ],
      [
       721.67,
       400.39
      ],
      [
       719.56,
       400.1
      ],
      [
       717.45,
       399.65
      ],
      [
       716.37,
       399.34
      ],
      [
       715.35,
       399.06
      ],
      [
       713.25,
       398.33
      ],
      [
       711.9,
       397.75
      ],
      [
       711.13,
       397.41
      ],
      [
       709.03,
       396.29
      ],
      [
       708.79,
       396.16
      ],
      [
       706.92,
       394.95
      ],
      [
       706.39,
       394.56
      ],
      [
       704.82,
       393.27
      ],
      [
       704.48,
       392.97
      ],
      [
       702.91,
       391.38
      ],
      [
       702.71,
       391.13
      ],
      [
       701.62,
       389.8
      ],
      [
       700.6,
       388.21
      ],
      [
       699.73,
       386.62
      ],
      [
       699.04,
       385.02
      ],
      [
       698.52,
       383.43
      ],
      [
       698.5,
       383.33
      ],
      [
       698.08,
       381.85
      ],
      [
       697.75,
       380.26
      ],
      [
       697.52,
       378.67
      ],
      [
       697.36,
       377.08
      ],
      [
       697.26,
       375.48
      ],
      [
       697.23,
       373.89
      ],
      [
       697.25,
       372.31
      ],
      [
       697.34,
       370.72
      ],
      [
       697.51,
       369.13
      ],
      [
       697.79,
       367.54
      ],
      [
       698.23,
       365.95
      ],
      [
       698.5,
       365.29
      ],
      [
       698.88,
       364.36
      ],
      [
       699.8,
       362.77
      ],
      [
       700.6,
       361.79
      ],
      [
       701.16,
       361.18
      ],
      [
       702.71,
       359.92
      ],
      [
       703.2,
       359.59
      ],
      [
       704.82,
       358.71
      ],
      [
       706.62,
       358.0
      ],
      [
       706.92,
       357.9
      ]
     ]
    ]
   }
  },
  {
   "type": "Feature",
   "properties": {
    "code": "211",
    "h1": 2,
    "h2": 1,
    "h3": 1,
    "macro": "Social Science",
    "meso": "Digital Media & Communication",
    "micro": "Social Media & Public Discourse",
    "label_x": 745.52,
    "label_y": 354.61
   },
   "geometry": {
    "type": "Polygon",
    "coordinates": [
     [
      [
       740.86,
       326.7
      ],
      [
       742.71,
       326.26
      ],
      [
       744.55,
       326.05
      ],
      [
       746.39,
       326.08
      ],
      [
       748.23,
       326.33
      ],
      [
       750.08,
       326.86
      ],
      [
       751.92,
       327.61
      ],
      [
       753.76,
       328.71
      ],
      [
       753.89,
       328.81
      ],
      [
       755.61,
       330.18
      ],
      [
       756.19,
       330.75
      ],
      [
       757.45,
       332.17
      ],
      [
       757.86,
       332.7
      ],
      [
       759.13,
       334.64
      ],
      [
       759.29,
       334.95
      ],
      [
       760.16,
       336.59
      ],
      [
       760.93,
       338.54
      ],
      [
       761.14,
       339.23
      ],
      [
       761.55,
       340.48
      ],
      [
       762.03,
       342.43
      ],
      [
       762.36,
       344.37
      ],
      [
       762.58,
       346.32
      ],
      [
       762.68,
       348.27
      ],
      [
       762.7,
       350.21
      ],
      [
       762.63,
       352.16
      ],
      [
       762.48,
       354.11
      ],
      [
       762.25,
       356.05
      ],
      [
       761.93,
       357.99
      ],
      [
       761.53,
       359.94
      ],
      [
       761.14,
       361.52
      ],
      [
       761.05,
       361.89
      ],
      [
       760.54,
       363.83
      ],
      [
       759.94,
       365.78
      ],
      [
       759.29,
       367.57
      ],
      [
       759.24,
       367.73
      ],
      [
       758.5,
       369.66
      ],
      [
       757.67,
       371.61
      ],
      [
       757.45,
       372.12
      ],
      [
       756.77,
       373.56
      ],
      [
       755.78,
       375.51
      ],
      [
       755.61,
       375.86
      ],
      [
       754.7,
       377.45
      ],
      [
       753.76,
       379.08
      ],
      [
       753.53,
       379.4
      ],
      [
       752.24,
       381.35
      ],
      [
       751.92,
       381.86
      ],
      [
       750.71,
       383.29
      ],
      [
       750.08,
       384.13
      ],
      [
       748.68,
       385.23
      ],
      [
       748.23,
       385.66
      ],
      [
       746.39,
       386.26
      ],
      [
       744.55,
       385.77
      ],
      [
       743.89,
       385.23
      ],
      [
       742.71,
       384.47
      ],
      [
       741.61,
       383.29
      ],
      [
       740.86,
       382.64
      ],
      [
       739.79,
       381.35
      ],
      [
       739.02,
       380.56
      ],
      [
       738.1,
       379.4
      ],
      [
       737.17,
       378.37
      ],
      [
       736.48,
       377.45
      ],
      [
       735.34,
       376.08
      ],
      [
       734.9,
       375.51
      ],
      [
       733.49,
       373.69
      ],
      [
       733.4,
       373.56
      ],
      [
       731.99,
       371.61
      ],
      [
       731.65,
       371.12
      ],
      [
       730.69,
       369.66
      ],
      [
       729.8,
       368.16
      ],
      [
       729.55,
       367.73
      ],
      [
       728.53,
       365.78
      ],
      [
       727.96,
       364.46
      ],
      [
       727.68,
       363.83
      ],
      [
       726.94,
       361.89
      ],
      [
       726.36,
       359.94
      ],
      [
       726.11,
       358.86
      ],
      [
       725.89,
       357.99
      ],
      [
       725.54,
       356.05
      ],
      [
       725.3,
       354.11
      ],
      [
       725.2,
       352.16
      ],
      [
       725.21,
       350.21
      ],
      [
       725.34,
       348.27
      ],
      [
       725.59,
       346.32
      ],
      [
       726.0,
       344.37
      ],
      [
       726.11,
       343.95
      ],
      [
       726.49,
       342.43
      ],
      [
       727.14,
       340.48
      ],
      [
       727.96,
       338.62
      ],
      [
       727.99,
       338.54
      ],
      [
       728.98,
       336.59
      ],
      [
       729.8,
       335.29
      ],
      [
       730.23,
       334.64
      ],
      [
       731.65,
       332.84
      ],
      [
       731.76,
       332.7
      ],
      [
       733.49,
       330.93
      ],
      [
       733.69,
       330.75
      ],
      [
       735.34,
       329.41
      ],
      [
       736.27,
       328.81
      ],
      [
       737.17,
       328.23
      ],
      [
       739.02,
       327.34
      ],
      [
       740.42,
       326.86
      ],
      [
       740.86,
       326.7
      ]
     ]
    ]
   }
  },
  {
   "type": "Feature",
   "properties": {
    "code": "212",
    "h1": 2,
    "h2": 1,
    "h3": 2,
    "macro": "Social Science",
    "meso": "Digital Media & Communication",
    "micro": "Sentiment Mining & Analysis",
    "label_x": 703.32,
    "label_y": 344.59
   },
   "geometry": {
    "type": "Polygon",
    "coordinates": [
     [
      [
       701.38,
       323.19
      ],
      [
       703.19,
       323.12
      ],
      [
       705.01,
       323.16
      ],
      [
       705.62,
       323.21
      ],
      [
       706.84,
       323.3
      ],
      [
       708.65,
       323.53
      ],
      [
       710.46,
       323.87
      ],
      [
       712.28,
       324.35
      ],
      [
       713.72,
       324.84
      ],
      [
       714.11,
       324.96
      ],
      [
       715.92,
       325.69
      ],
      [
       717.45,
       326.46
      ],
      [
       717.74,
       326.61
      ],
      [
       719.56,
       327.71
      ],
      [
       720.1,
       328.08
      ],
      [
       721.38,
       329.07
      ],
      [
       722.13,
       329.71
      ],
      [
       723.19,
       330.76
      ],
      [
       723.74,
       331.33
      ],
      [
       725.01,
       332.95
      ],
      [
       725.02,
       332.96
      ],
      [
       726.06,
       334.58
      ],
      [
       726.84,
       336.21
      ],
      [
       727.46,
       337.83
      ],
      [
       727.87,
       339.46
      ],
      [
       728.11,
       341.08
      ],
      [
       728.18,
       342.7
      ],
      [
       728.09,
       344.33
      ],
      [
       727.84,
       345.95
      ],
      [
       727.4,
       347.58
      ],
      [
       726.84,
       349.06
      ],
      [
       726.78,
       349.2
      ],
      [
       726.0,
       350.83
      ],
      [
       725.02,
       352.42
      ],
      [
       725.0,
       352.45
      ],
      [
       723.78,
       354.07
      ],
      [
       723.19,
       354.75
      ],
      [
       722.3,
       355.7
      ],
      [
       721.38,
       356.59
      ],
      [
       720.52,
       357.32
      ],
      [
       719.56,
       358.11
      ],
      [
       718.38,
       358.95
      ],
      [
       717.74,
       359.39
      ],
      [
       715.92,
       360.48
      ],
      [
       715.75,
       360.58
      ],
      [
       714.11,
       361.46
      ],
      [
       712.42,
       362.2
      ],
      [
       712.28,
       362.26
      ],
      [
       710.46,
       362.99
      ],
      [
       708.65,
       363.57
      ],
      [
       707.63,
       363.82
      ],
      [
       706.84,
       364.05
      ],
      [
       705.01,
       364.43
      ],
      [
       703.19,
       364.68
      ],
      [
       701.38,
       364.81
      ],
      [
       699.55,
       364.82
      ],
      [
       697.74,
       364.71
      ],
      [
       695.92,
       364.46
      ],
      [
       694.1,
       364.09
      ],
      [
       693.19,
       363.82
      ],
      [
       692.28,
       363.58
      ],
      [
       690.46,
       362.94
      ],
      [
       688.85,
       362.2
      ],
      [
       688.64,
       362.11
      ],
      [
       686.82,
       361.12
      ],
      [
       686.0,
       360.58
      ],
      [
       685.01,
       359.89
      ],
      [
       683.85,
       358.95
      ],
      [
       683.18,
       358.36
      ],
      [
       682.16,
       357.32
      ],
      [
       681.37,
       356.4
      ],
      [
       680.82,
       355.7
      ],
      [
       679.75,
       354.07
      ],
      [
       679.55,
       353.69
      ],
      [
       678.9,
       352.45
      ],
      [
       678.26,
       350.83
      ],
      [
       677.79,
       349.2
      ],
      [
       677.74,
       348.89
      ],
      [
       677.46,
       347.58
      ],
      [
       677.28,
       345.95
      ],
      [
       677.26,
       344.33
      ],
      [
       677.38,
       342.7
      ],
      [
       677.64,
       341.08
      ],
      [
       677.74,
       340.75
      ],
      [
       678.04,
       339.46
      ],
      [
       678.59,
       337.83
      ],
      [
       679.34,
       336.21
      ],
      [
       679.55,
       335.83
      ],
      [
       680.24,
       334.58
      ],
      [
       681.37,
       333.01
      ],
      [
       681.41,
       332.95
      ],
      [
       682.78,
       331.33
      ],
      [
       683.18,
       330.93
      ],
      [
       684.49,
       329.71
      ],
      [
       685.01,
       329.28
      ],
      [
       686.62,
       328.08
      ],
      [
       686.82,
       327.94
      ],
      [
       688.64,
       326.82
      ],
      [
       689.34,
       326.46
      ],
      [
       690.46,
       325.89
      ],
      [
       692.28,
       325.13
      ],
      [
       693.15,
       324.84
      ],
      [
       694.1,
       324.5
      ],
      [
       695.92,
       323.99
      ],
      [
       697.74,
       323.62
      ],
      [
       699.55,
       323.35
      ],
      [
       701.21,
       323.21
      ],
      [
       701.38,
       323.19
      ]
     ]
    ]
   }
  },
  {
   "type": "Feature",
   "properties": {
    "code": "213",
    "h1": 2,
    "h2": 1,
    "h3": 3,
    "macro": "Social Science",
    "meso": "Digital Media & Communication",
    "micro": "Dialogue & Conversational AI",
    "label_x": 755.67,
    "label_y": 415.14
   },
   "geometry": {
    "type": "Polygon",
    "coordinates": [
     [
      [
       711.26,
       398.39
      ],
      [
       713.62,
       398.4
      ],
      [
       714.25,
       398.48
      ],
      [
       715.97,
       398.7
      ],
      [
       718.32,
       399.24
      ],
      [
       720.21,
       399.85
      ],
      [
       720.68,
       400.0
      ],
      [
       723.03,
       400.95
      ],
      [
       723.58,
       401.21
      ],
      [
       725.39,
       402.09
      ],
      [
       726.29,
       402.58
      ],
      [
       727.74,
       403.41
      ],
      [
       728.65,
       403.95
      ],
      [
       730.09,
       404.87
      ],
      [
       730.8,
       405.31
      ],
      [
       732.45,
       406.44
      ],
      [
       732.84,
       406.68
      ],
      [
       734.8,
       408.02
      ],
      [
       734.85,
       408.05
      ],
      [
       737.16,
       409.41
      ],
      [
       739.51,
       410.28
      ],
      [
       741.87,
       410.2
      ],
      [
       744.09,
       409.41
      ],
      [
       744.23,
       409.37
      ],
      [
       746.58,
       408.26
      ],
      [
       746.94,
       408.05
      ],
      [
       748.93,
       407.09
      ],
      [
       749.73,
       406.68
      ],
      [
       751.29,
       406.0
      ],
      [
       752.98,
       405.31
      ],
      [
       753.64,
       405.07
      ],
      [
       756.0,
       404.3
      ],
      [
       757.38,
       403.95
      ],
      [
       758.36,
       403.71
      ],
      [
       760.71,
       403.26
      ],
      [
       763.07,
       402.97
      ],
      [
       765.42,
       402.82
      ],
      [
       767.77,
       402.8
      ],
      [
       770.13,
       402.91
      ],
      [
       772.48,
       403.15
      ],
      [
       774.84,
       403.52
      ],
      [
       776.75,
       403.95
      ],
      [
       777.19,
       404.03
      ],
      [
       779.54,
       404.65
      ],
      [
       781.44,
       405.31
      ],
      [
       781.9,
       405.47
      ],
      [
       784.25,
       406.44
      ],
      [
       784.76,
       406.68
      ],
      [
       786.61,
       407.61
      ],
      [
       787.36,
       408.05
      ],
      [
       788.96,
       409.06
      ],
      [
       789.48,
       409.41
      ],
      [
       791.2,
       410.77
      ],
      [
       791.32,
       410.88
      ],
      [
       792.68,
       412.14
      ],
      [
       793.68,
       413.33
      ],
      [
       793.83,
       413.5
      ],
      [
       794.81,
       414.87
      ],
      [
       795.5,
       416.23
      ],
      [
       795.96,
       417.6
      ],
      [
       796.03,
       417.98
      ],
      [
       796.24,
       418.96
      ],
      [
       796.28,
       420.33
      ],
      [
       796.04,
       421.7
      ],
      [
       796.03,
       421.74
      ],
      [
       795.58,
       423.06
      ],
      [
       794.78,
       424.43
      ],
      [
       793.68,
       425.66
      ],
      [
       793.54,
       425.8
      ],
      [
       791.8,
       427.16
      ],
      [
       791.32,
       427.46
      ],
      [
       789.22,
       428.53
      ],
      [
       788.96,
       428.64
      ],
      [
       786.61,
       429.46
      ],
      [
       784.84,
       429.89
      ],
      [
       784.25,
       430.03
      ],
      [
       781.9,
       430.43
      ],
      [
       779.54,
       430.64
      ],
      [
       777.19,
       430.73
      ],
      [
       774.84,
       430.69
      ],
      [
       772.48,
       430.54
      ],
      [
       770.13,
       430.27
      ],
      [
       767.93,
       429.89
      ],
      [
       767.77,
       429.87
      ],
      [
       765.42,
       429.4
      ],
      [
       763.07,
       428.8
      ],
      [
       762.16,
       428.53
      ],
      [
       760.71,
       428.09
      ],
      [
       758.36,
       427.22
      ],
      [
       758.19,
       427.16
      ],
      [
       756.0,
       426.26
      ],
      [
       754.97,
       425.8
      ],
      [
       753.64,
       425.14
      ],
      [
       752.25,
       424.43
      ],
      [
       751.29,
       423.87
      ],
      [
       749.84,
       423.06
      ],
      [
       748.93,
       422.46
      ],
      [
       747.61,
       421.7
      ],
      [
       746.58,
       420.96
      ],
      [
       745.46,
       420.33
      ],
      [
       744.23,
       419.45
      ],
      [
       743.23,
       418.96
      ],
      [
       741.87,
       418.13
      ],
      [
       740.13,
       417.6
      ],
      [
       739.51,
       417.36
      ],
      [
       737.16,
       417.25
      ],
      [
       734.8,
       417.57
      ],
      [
       734.67,
       417.6
      ],
      [
       732.45,
       417.92
      ],
      [
       730.09,
       418.19
      ],
      [
       727.74,
       418.34
      ],
      [
       725.39,
       418.34
      ],
      [
       723.03,
       418.18
      ],
      [
       720.68,
       417.86
      ],
      [
       719.44,
       417.6
      ],
      [
       718.32,
       417.36
      ],
      [
       715.97,
       416.67
      ],
      [
       714.8,
       416.23
      ],
      [
       713.62,
       415.75
      ],
      [
       711.81,
       414.87
      ],
      [
       711.26,
       414.57
      ],
      [
       709.57,
       413.5
      ],
      [
       708.91,
       413.01
      ],
      [
       707.83,
       412.14
      ],
      [
       706.55,
       410.9
      ],
      [
       706.42,
       410.77
      ],
      [
       705.35,
       409.41
      ],
      [
       704.52,
       408.05
      ],
      [
       704.19,
       407.27
      ],
      [
       703.94,
       406.68
      ],
      [
       703.65,
       405.31
      ],
      [
       703.64,
       403.95
      ],
      [
       703.96,
       402.58
      ],
      [
       704.19,
       402.12
      ],
      [
       704.78,
       401.21
      ],
      [
       706.31,
       399.85
      ],
      [
       706.55,
       399.7
      ],
      [
       708.91,
       398.76
      ],
      [
       710.59,
       398.48
      ],
      [
       711.26,
       398.39
      ]
     ]
    ]
   }
  },
  {
   "type": "Feature",
   "properties": {
    "code": "220",
    "h1": 2,
    "h2": 2,
    "h3": 0,
    "macro": "Social Science",
    "meso": "Politics & Governance",
    "micro": "International Politics & Law",
    "label_x": 686.81,
    "label_y": 556.05
   },
   "geometry": {
    "type": "Polygon",
    "coordinates": [
     [
      [
       674.97,
       531.6
      ],
      [
       676.72,
       531.5
      ],
      [
       678.46,
       531.57
      ],
      [
       679.96,
       531.79
      ],
      [
       680.21,
       531.82
      ],
      [
       681.95,
       532.16
      ],
      [
       683.7,
       532.61
      ],
      [
       685.44,
       533.16
      ],
      [
       685.82,
       533.29
      ],
      [
       687.18,
       533.72
      ],
      [
       688.93,
       534.32
      ],
      [
       690.27,
       534.8
      ],
      [
       690.68,
       534.93
      ],
      [
       692.42,
       535.51
      ],
      [
       694.16,
       536.14
      ],
      [
       694.6,
       536.3
      ],
      [
       695.91,
       536.78
      ],
      [
       697.65,
       537.58
      ],
      [
       698.05,
       537.81
      ],
      [
       699.4,
       538.57
      ],
      [
       700.37,
       539.31
      ],
      [
       701.14,
       539.93
      ],
      [
       702.01,
       540.82
      ],
      [
       702.88,
       541.79
      ],
      [
       703.29,
       542.32
      ],
      [
       704.34,
       543.83
      ],
      [
       704.63,
       544.26
      ],
      [
       705.26,
       545.34
      ],
      [
       706.07,
       546.84
      ],
      [
       706.38,
       547.45
      ],
      [
       706.8,
       548.35
      ],
      [
       707.45,
       549.85
      ],
      [
       708.01,
       551.36
      ],
      [
       708.12,
       551.67
      ],
      [
       708.53,
       552.86
      ],
      [
       708.96,
       554.37
      ],
      [
       709.32,
       555.88
      ],
      [
       709.59,
       557.38
      ],
      [
       709.78,
       558.89
      ],
      [
       709.86,
       560.03
      ],
      [
       709.89,
       560.39
      ],
      [
       709.91,
       561.9
      ],
      [
       709.86,
       562.88
      ],
      [
       709.84,
       563.4
      ],
      [
       709.67,
       564.91
      ],
      [
       709.39,
       566.41
      ],
      [
       708.98,
       567.92
      ],
      [
       708.43,
       569.43
      ],
      [
       708.12,
       570.09
      ],
      [
       707.73,
       570.93
      ],
      [
       706.85,
       572.44
      ],
      [
       706.38,
       573.11
      ],
      [
       705.75,
       573.95
      ],
      [
       704.63,
       575.19
      ],
      [
       704.37,
       575.45
      ],
      [
       702.88,
       576.73
      ],
      [
       702.57,
       576.96
      ],
      [
       701.14,
       577.89
      ],
      [
       700.03,
       578.46
      ],
      [
       699.4,
       578.77
      ],
      [
       697.65,
       579.39
      ],
      [
       695.91,
       579.8
      ],
      [
       694.39,
       579.96
      ],
      [
       694.16,
       579.99
      ],
      [
       692.42,
       580.02
      ],
      [
       691.84,
       579.96
      ],
      [
       690.68,
       579.88
      ],
      [
       688.93,
       579.57
      ],
      [
       687.18,
       579.11
      ],
      [
       685.44,
       578.48
      ],
      [
       685.41,
       578.46
      ],
      [
       683.7,
       577.74
      ],
      [
       682.18,
       576.96
      ],
      [
       681.95,
       576.84
      ],
      [
       680.21,
       575.83
      ],
      [
       679.62,
       575.45
      ],
      [
       678.46,
       574.7
      ],
      [
       677.4,
       573.95
      ],
      [
       676.72,
       573.45
      ],
      [
       675.42,
       572.44
      ],
      [
       674.97,
       572.09
      ],
      [
       673.6,
       570.93
      ],
      [
       673.23,
       570.61
      ],
      [
       671.93,
       569.43
      ],
      [
       671.48,
       569.0
      ],
      [
       670.39,
       567.92
      ],
      [
       669.74,
       567.23
      ],
      [
       668.99,
       566.41
      ],
      [
       668.0,
       565.24
      ],
      [
       667.73,
       564.91
      ],
      [
       666.57,
       563.4
      ],
      [
       666.25,
       562.95
      ],
      [
       665.53,
       561.9
      ],
      [
       664.64,
       560.39
      ],
      [
       664.5,
       560.15
      ],
      [
       663.82,
       558.89
      ],
      [
       663.14,
       557.38
      ],
      [
       662.76,
       556.36
      ],
      [
       662.57,
       555.88
      ],
      [
       662.08,
       554.37
      ],
      [
       661.72,
       552.86
      ],
      [
       661.45,
       551.36
      ],
      [
       661.3,
       549.85
      ],
      [
       661.25,
       548.35
      ],
      [
       661.3,
       546.84
      ],
      [
       661.48,
       545.34
      ],
      [
       661.76,
       543.83
      ],
      [
       662.19,
       542.32
      ],
      [
       662.76,
       540.86
      ],
      [
       662.78,
       540.82
      ],
      [
       663.52,
       539.31
      ],
      [
       664.47,
       537.81
      ],
      [
       664.5,
       537.76
      ],
      [
       665.7,
       536.3
      ],
      [
       666.25,
       535.71
      ],
      [
       667.3,
       534.8
      ],
      [
       668.0,
       534.25
      ],
      [
       669.55,
       533.29
      ],
      [
       669.74,
       533.17
      ],
      [
       671.48,
       532.39
      ],
      [
       673.23,
       531.89
      ],
      [
       673.92,
       531.79
      ],
      [
       674.97,
       531.6
      ]
     ]
    ]
   }
  },
  {
   "type": "Feature",
   "properties": {
    "code": "221",
    "h1": 2,
    "h2": 2,
    "h3": 1,
    "macro": "Social Science",
    "meso": "Politics & Governance",
    "micro": "Science Policy & Knowledge Networks",
    "label_x": 711.91,
    "label_y": 519.68
   },
   "geometry": {
    "type": "Polygon",
    "coordinates": [
     [
      [
       701.01,
       499.66
      ],
      [
       703.17,
       499.35
      ],
      [
       705.33,
       499.18
      ],
      [
       707.48,
       499.14
      ],
      [
       709.64,
       499.23
      ],
      [
       711.8,
       499.44
      ],
      [
       713.96,
       499.79
      ],
      [
       714.98,
       500.02
      ],
      [
       716.12,
       500.25
      ],
      [
       718.27,
       500.82
      ],
      [
       720.43,
       501.6
      ],
      [
       722.59,
       502.45
      ],
      [
       724.03,
       503.18
      ],
      [
       724.75,
       503.54
      ],
      [
       726.77,
       504.75
      ],
      [
       726.91,
       504.84
      ],
      [
       729.03,
       506.34
      ],
      [
       729.06,
       506.36
      ],
      [
       730.95,
       507.91
      ],
      [
       731.22,
       508.16
      ],
      [
       732.6,
       509.48
      ],
      [
       733.38,
       510.36
      ],
      [
       734.01,
       511.06
      ],
      [
       735.19,
       512.64
      ],
      [
       735.53,
       513.19
      ],
      [
       736.22,
       514.21
      ],
      [
       737.03,
       515.79
      ],
      [
       737.62,
       517.37
      ],
      [
       737.69,
       517.66
      ],
      [
       738.07,
       518.95
      ],
      [
       738.31,
       520.52
      ],
      [
       738.33,
       522.1
      ],
      [
       738.14,
       523.67
      ],
      [
       737.71,
       525.25
      ],
      [
       737.69,
       525.28
      ],
      [
       737.12,
       526.83
      ],
      [
       736.26,
       528.41
      ],
      [
       735.53,
       529.41
      ],
      [
       735.12,
       529.98
      ],
      [
       733.69,
       531.56
      ],
      [
       733.38,
       531.86
      ],
      [
       731.9,
       533.13
      ],
      [
       731.22,
       533.66
      ],
      [
       729.61,
       534.71
      ],
      [
       729.06,
       535.04
      ],
      [
       726.91,
       536.15
      ],
      [
       726.57,
       536.29
      ],
      [
       724.75,
       537.06
      ],
      [
       722.59,
       537.75
      ],
      [
       722.12,
       537.87
      ],
      [
       720.43,
       538.32
      ],
      [
       718.27,
       538.71
      ],
      [
       716.12,
       538.96
      ],
      [
       713.96,
       539.04
      ],
      [
       711.8,
       539.0
      ],
      [
       709.64,
       538.8
      ],
      [
       707.48,
       538.45
      ],
      [
       705.33,
       537.93
      ],
      [
       705.13,
       537.87
      ],
      [
       703.17,
       537.29
      ],
      [
       701.01,
       536.43
      ],
      [
       700.73,
       536.29
      ],
      [
       698.86,
       535.4
      ],
      [
       697.68,
       534.71
      ],
      [
       696.7,
       534.12
      ],
      [
       695.31,
       533.13
      ],
      [
       694.54,
       532.55
      ],
      [
       693.35,
       531.56
      ],
      [
       692.38,
       530.67
      ],
      [
       691.69,
       529.98
      ],
      [
       690.26,
       528.41
      ],
      [
       690.23,
       528.36
      ],
      [
       688.94,
       526.83
      ],
      [
       688.07,
       525.6
      ],
      [
       687.82,
       525.25
      ],
      [
       686.78,
       523.67
      ],
      [
       685.96,
       522.1
      ],
      [
       685.91,
       521.98
      ],
      [
       685.21,
       520.52
      ],
      [
       684.64,
       518.95
      ],
      [
       684.26,
       517.37
      ],
      [
       684.06,
       515.79
      ],
      [
       684.05,
       514.21
      ],
      [
       684.23,
       512.64
      ],
      [
       684.63,
       511.06
      ],
      [
       685.3,
       509.48
      ],
      [
       685.91,
       508.47
      ],
      [
       686.24,
       507.91
      ],
      [
       687.51,
       506.34
      ],
      [
       688.07,
       505.78
      ],
      [
       689.18,
       504.75
      ],
      [
       690.23,
       503.95
      ],
      [
       691.4,
       503.18
      ],
      [
       692.38,
       502.59
      ],
      [
       694.44,
       501.6
      ],
      [
       694.54,
       501.55
      ],
      [
       696.7,
       500.72
      ],
      [
       698.86,
       500.12
      ],
      [
       699.37,
       500.02
      ],
      [
       701.01,
       499.66
      ]
     ]
    ]
   }
  },
  {
   "type": "Feature",
   "properties": {
    "code": "222",
    "h1": 2,
    "h2": 2,
    "h3": 2,
    "macro": "Social Science",
    "meso": "Politics & Governance",
    "micro": "Game Theory & Decision Making",
    "label_x": 591.98,
    "label_y": 491.82
   },
   "geometry": {
    "type": "Polygon",
    "coordinates": [
     [
      [
       581.57,
       465.02
      ],
      [
       583.71,
       464.37
      ],
      [
       585.85,
       464.04
      ],
      [
       588.0,
       463.98
      ],
      [
       590.14,
       464.11
      ],
      [
       592.28,
       464.41
      ],
      [
       594.43,
       464.82
      ],
      [
       596.57,
       465.35
      ],
      [
       597.97,
       465.75
      ],
      [
       598.71,
       465.95
      ],
      [
       600.85,
       466.56
      ],
      [
       603.0,
       467.26
      ],
      [
       604.1,
       467.64
      ],
      [
       605.14,
       467.98
      ],
      [
       607.29,
       468.76
      ],
      [
       609.23,
       469.53
      ],
      [
       609.43,
       469.61
      ],
      [
       611.57,
       470.49
      ],
      [
       613.61,
       471.43
      ],
      [
       613.71,
       471.48
      ],
      [
       615.86,
       472.54
      ],
      [
       617.33,
       473.31
      ],
      [
       618.0,
       473.71
      ],
      [
       620.15,
       474.99
      ],
      [
       620.5,
       475.2
      ],
      [
       622.29,
       476.42
      ],
      [
       623.25,
       477.09
      ],
      [
       624.43,
       478.04
      ],
      [
       625.61,
       478.98
      ],
      [
       626.57,
       479.87
      ],
      [
       627.64,
       480.87
      ],
      [
       628.71,
       482.06
      ],
      [
       629.34,
       482.76
      ],
      [
       630.73,
       484.66
      ],
      [
       630.86,
       484.9
      ],
      [
       631.76,
       486.54
      ],
      [
       632.47,
       488.44
      ],
      [
       632.83,
       490.32
      ],
      [
       632.82,
       492.22
      ],
      [
       632.43,
       494.1
      ],
      [
       631.62,
       496.0
      ],
      [
       630.86,
       497.19
      ],
      [
       630.35,
       497.88
      ],
      [
       628.71,
       499.54
      ],
      [
       628.44,
       499.78
      ],
      [
       626.57,
       501.08
      ],
      [
       625.46,
       501.66
      ],
      [
       624.43,
       502.16
      ],
      [
       622.29,
       502.88
      ],
      [
       620.15,
       503.31
      ],
      [
       618.0,
       503.52
      ],
      [
       615.86,
       503.55
      ],
      [
       613.71,
       503.49
      ],
      [
       611.57,
       503.4
      ],
      [
       609.43,
       503.33
      ],
      [
       607.29,
       503.34
      ],
      [
       605.14,
       503.46
      ],
      [
       604.38,
       503.55
      ],
      [
       603.0,
       503.73
      ],
      [
       600.85,
       504.2
      ],
      [
       598.71,
       504.83
      ],
      [
       597.1,
       505.44
      ],
      [
       596.57,
       505.67
      ],
      [
       594.43,
       506.79
      ],
      [
       593.54,
       507.34
      ],
      [
       592.28,
       508.15
      ],
      [
       590.82,
       509.22
      ],
      [
       590.14,
       509.71
      ],
      [
       588.31,
       511.12
      ],
      [
       588.0,
       511.34
      ],
      [
       585.85,
       512.9
      ],
      [
       585.71,
       513.0
      ],
      [
       583.71,
       514.3
      ],
      [
       582.71,
       514.89
      ],
      [
       581.57,
       515.52
      ],
      [
       579.43,
       516.55
      ],
      [
       578.85,
       516.78
      ],
      [
       577.28,
       517.39
      ],
      [
       575.14,
       518.05
      ],
      [
       573.0,
       518.54
      ],
      [
       572.11,
       518.68
      ],
      [
       570.85,
       518.86
      ],
      [
       568.71,
       518.99
      ],
      [
       566.56,
       518.94
      ],
      [
       564.42,
       518.68
      ],
      [
       564.4,
       518.68
      ],
      [
       562.28,
       518.17
      ],
      [
       560.14,
       517.35
      ],
      [
       559.07,
       516.78
      ],
      [
       558.0,
       516.09
      ],
      [
       556.56,
       514.89
      ],
      [
       555.84,
       514.07
      ],
      [
       555.06,
       513.0
      ],
      [
       554.18,
       511.12
      ],
      [
       553.73,
       509.22
      ],
      [
       553.7,
       508.52
      ],
      [
       553.66,
       507.34
      ],
      [
       553.7,
       506.95
      ],
      [
       553.9,
       505.44
      ],
      [
       554.41,
       503.55
      ],
      [
       555.19,
       501.66
      ],
      [
       555.84,
       500.44
      ],
      [
       556.21,
       499.78
      ],
      [
       557.41,
       497.88
      ],
      [
       558.0,
       497.03
      ],
      [
       558.71,
       496.0
      ],
      [
       560.02,
       494.1
      ],
      [
       560.14,
       493.94
      ],
      [
       561.24,
       492.22
      ],
      [
       562.28,
       490.48
      ],
      [
       562.36,
       490.32
      ],
      [
       563.34,
       488.44
      ],
      [
       564.26,
       486.54
      ],
      [
       564.42,
       486.23
      ],
      [
       565.14,
       484.66
      ],
      [
       566.05,
       482.76
      ],
      [
       566.56,
       481.8
      ],
      [
       567.02,
       480.87
      ],
      [
       568.08,
       478.98
      ],
      [
       568.71,
       477.97
      ],
      [
       569.24,
       477.09
      ],
      [
       570.51,
       475.2
      ],
      [
       570.85,
       474.73
      ],
      [
       571.89,
       473.31
      ],
      [
       573.0,
       471.93
      ],
      [
       573.43,
       471.43
      ],
      [
       575.14,
       469.55
      ],
      [
       575.16,
       469.53
      ],
      [
       577.21,
       467.64
      ],
      [
       577.28,
       467.58
      ],
      [
       579.43,
       466.08
      ],
      [
       580.07,
       465.75
      ],
      [
       581.57,
       465.02
      ]
     ]
    ]
   }
  },
  {
   "type": "Feature",
   "properties": {
    "code": "230",
    "h1": 2,
    "h2": 3,
    "h3": 0,
    "macro": "Social Science",
    "meso": "Finance & Stock Market",
    "micro": "Market Forecasting & Algorithmic Trading",
    "label_x": 665.44,
    "label_y": 701.14
   },
   "geometry": {
    "type": "Polygon",
    "coordinates": [
     [
      [
       661.01,
       677.59
      ],
      [
       663.66,
       677.09
      ],
      [
       666.32,
       676.89
      ],
      [
       668.96,
       677.0
      ],
      [
       671.62,
       677.46
      ],
      [
       673.25,
       677.99
      ],
      [
       674.28,
       678.34
      ],
      [
       676.93,
       679.73
      ],
      [
       677.2,
       679.93
      ],
      [
       679.58,
       681.87
      ],
      [
       681.25,
       683.8
      ],
      [
       682.23,
       685.24
      ],
      [
       682.53,
       685.75
      ],
      [
       683.52,
       687.69
      ],
      [
       684.26,
       689.62
      ],
      [
       684.83,
       691.57
      ],
      [
       684.89,
       691.82
      ],
      [
       685.25,
       693.51
      ],
      [
       685.53,
       695.45
      ],
      [
       685.7,
       697.39
      ],
      [
       685.75,
       699.33
      ],
      [
       685.72,
       701.27
      ],
      [
       685.61,
       703.21
      ],
      [
       685.4,
       705.15
      ],
      [
       685.1,
       707.09
      ],
      [
       684.89,
       708.18
      ],
      [
       684.73,
       709.03
      ],
      [
       684.26,
       710.97
      ],
      [
       683.68,
       712.91
      ],
      [
       682.9,
       714.86
      ],
      [
       682.23,
       716.19
      ],
      [
       681.91,
       716.8
      ],
      [
       680.63,
       718.74
      ],
      [
       679.58,
       719.98
      ],
      [
       678.87,
       720.68
      ],
      [
       676.93,
       722.21
      ],
      [
       676.22,
       722.62
      ],
      [
       674.28,
       723.57
      ],
      [
       671.62,
       724.31
      ],
      [
       669.28,
       724.56
      ],
      [
       668.96,
       724.59
      ],
      [
       668.21,
       724.56
      ],
      [
       666.32,
       724.49
      ],
      [
       663.66,
       724.05
      ],
      [
       661.01,
       723.3
      ],
      [
       659.38,
       722.62
      ],
      [
       658.36,
       722.21
      ],
      [
       655.71,
       720.8
      ],
      [
       655.52,
       720.68
      ],
      [
       653.05,
       719.03
      ],
      [
       652.68,
       718.74
      ],
      [
       650.4,
       716.82
      ],
      [
       650.39,
       716.8
      ],
      [
       648.45,
       714.86
      ],
      [
       647.75,
       714.04
      ],
      [
       646.82,
       712.91
      ],
      [
       645.45,
       710.97
      ],
      [
       645.1,
       710.38
      ],
      [
       644.28,
       709.03
      ],
      [
       643.32,
       707.09
      ],
      [
       642.59,
       705.15
      ],
      [
       642.44,
       704.67
      ],
      [
       641.99,
       703.21
      ],
      [
       641.59,
       701.27
      ],
      [
       641.38,
       699.33
      ],
      [
       641.36,
       697.39
      ],
      [
       641.55,
       695.45
      ],
      [
       641.96,
       693.51
      ],
      [
       642.44,
       692.09
      ],
      [
       642.62,
       691.57
      ],
      [
       643.55,
       689.62
      ],
      [
       644.8,
       687.69
      ],
      [
       645.1,
       687.29
      ],
      [
       646.43,
       685.75
      ],
      [
       647.75,
       684.44
      ],
      [
       648.51,
       683.8
      ],
      [
       650.4,
       682.34
      ],
      [
       651.16,
       681.87
      ],
      [
       653.05,
       680.7
      ],
      [
       654.62,
       679.93
      ],
      [
       655.71,
       679.38
      ],
      [
       658.36,
       678.35
      ],
      [
       659.67,
       677.99
      ],
      [
       661.01,
       677.59
      ]
     ]
    ]
   }
  },
  {
   "type": "Feature",
   "properties": {
    "code": "231",
    "h1": 2,
    "h2": 3,
    "h3": 1,
    "macro": "Social Science",
    "meso": "Finance & Stock Market",
    "micro": "Digital Financial Services",
    "label_x": 683.62,
    "label_y": 657.36
   },
   "geometry": {
    "type": "Polygon",
    "coordinates": [
     [
      [
       692.3,
       631.8
      ],
      [
       694.04,
       631.89
      ],
      [
       695.8,
       632.16
      ],
      [
       697.54,
       632.64
      ],
      [
       699.29,
       633.37
      ],
      [
       699.63,
       633.56
      ],
      [
       701.03,
       634.37
      ],
      [
       702.18,
       635.23
      ],
      [
       702.79,
       635.74
      ],
      [
       703.89,
       636.9
      ],
      [
       704.53,
       637.74
      ],
      [
       705.08,
       638.57
      ],
      [
       705.91,
       640.25
      ],
      [
       706.28,
       641.34
      ],
      [
       706.46,
       641.92
      ],
      [
       706.8,
       643.59
      ],
      [
       706.96,
       645.26
      ],
      [
       706.96,
       646.93
      ],
      [
       706.84,
       648.6
      ],
      [
       706.6,
       650.28
      ],
      [
       706.28,
       651.8
      ],
      [
       706.26,
       651.95
      ],
      [
       705.85,
       653.61
      ],
      [
       705.34,
       655.29
      ],
      [
       704.73,
       656.96
      ],
      [
       704.53,
       657.4
      ],
      [
       704.03,
       658.64
      ],
      [
       703.22,
       660.3
      ],
      [
       702.79,
       661.05
      ],
      [
       702.26,
       661.97
      ],
      [
       701.13,
       663.65
      ],
      [
       701.03,
       663.77
      ],
      [
       699.81,
       665.32
      ],
      [
       699.29,
       665.9
      ],
      [
       698.24,
       666.99
      ],
      [
       697.54,
       667.66
      ],
      [
       696.41,
       668.66
      ],
      [
       695.8,
       669.18
      ],
      [
       694.34,
       670.33
      ],
      [
       694.04,
       670.57
      ],
      [
       692.3,
       671.87
      ],
      [
       692.12,
       672.0
      ],
      [
       690.55,
       673.2
      ],
      [
       689.9,
       673.68
      ],
      [
       688.8,
       674.53
      ],
      [
       687.74,
       675.35
      ],
      [
       687.05,
       675.9
      ],
      [
       685.58,
       677.02
      ],
      [
       685.3,
       677.24
      ],
      [
       683.56,
       678.51
      ],
      [
       683.28,
       678.69
      ],
      [
       681.81,
       679.65
      ],
      [
       680.46,
       680.36
      ],
      [
       680.06,
       680.58
      ],
      [
       678.31,
       681.29
      ],
      [
       676.57,
       681.74
      ],
      [
       674.81,
       681.93
      ],
      [
       673.07,
       681.85
      ],
      [
       671.32,
       681.48
      ],
      [
       669.57,
       680.77
      ],
      [
       668.88,
       680.36
      ],
      [
       667.82,
       679.72
      ],
      [
       666.56,
       678.69
      ],
      [
       666.07,
       678.27
      ],
      [
       664.9,
       677.02
      ],
      [
       664.32,
       676.36
      ],
      [
       663.57,
       675.35
      ],
      [
       662.58,
       673.88
      ],
      [
       662.44,
       673.68
      ],
      [
       661.49,
       672.0
      ],
      [
       660.82,
       670.66
      ],
      [
       660.67,
       670.33
      ],
      [
       659.95,
       668.66
      ],
      [
       659.35,
       666.99
      ],
      [
       659.08,
       666.05
      ],
      [
       658.86,
       665.32
      ],
      [
       658.46,
       663.65
      ],
      [
       658.19,
       661.97
      ],
      [
       658.05,
       660.3
      ],
      [
       658.06,
       658.64
      ],
      [
       658.23,
       656.96
      ],
      [
       658.58,
       655.29
      ],
      [
       659.08,
       653.88
      ],
      [
       659.18,
       653.61
      ],
      [
       660.09,
       651.95
      ],
      [
       660.82,
       650.95
      ],
      [
       661.44,
       650.28
      ],
      [
       662.58,
       649.25
      ],
      [
       663.48,
       648.6
      ],
      [
       664.32,
       648.05
      ],
      [
       666.07,
       647.12
      ],
      [
       666.5,
       646.93
      ],
      [
       667.82,
       646.3
      ],
      [
       669.57,
       645.48
      ],
      [
       670.0,
       645.26
      ],
      [
       671.32,
       644.54
      ],
      [
       672.84,
       643.59
      ],
      [
       673.07,
       643.44
      ],
      [
       674.81,
       642.11
      ],
      [
       675.05,
       641.92
      ],
      [
       676.57,
       640.6
      ],
      [
       676.96,
       640.25
      ],
      [
       678.31,
       639.0
      ],
      [
       678.79,
       638.57
      ],
      [
       680.06,
       637.42
      ],
      [
       680.69,
       636.9
      ],
      [
       681.81,
       635.94
      ],
      [
       682.81,
       635.23
      ],
      [
       683.56,
       634.67
      ],
      [
       685.3,
       633.64
      ],
      [
       685.48,
       633.56
      ],
      [
       687.05,
       632.8
      ],
      [
       688.8,
       632.25
      ],
      [
       690.55,
       631.92
      ],
      [
       691.07,
       631.89
      ],
      [
       692.3,
       631.8
      ]
     ]
    ]
   }
  },
  {
   "type": "Feature",
   "properties": {
    "code": "232",
    "h1": 2,
    "h2": 3,
    "h3": 2,
    "macro": "Social Science",
    "meso": "Finance & Stock Market",
    "micro": "Macroeconomic Financial Policy",
    "label_x": 719.52,
    "label_y": 630.7
   },
   "geometry": {
    "type": "Polygon",
    "coordinates": [
     [
      [
       704.38,
       608.68
      ],
      [
       706.51,
       608.04
      ],
      [
       708.64,
       607.68
      ],
      [
       710.78,
       607.54
      ],
      [
       712.91,
       607.61
      ],
      [
       715.04,
       607.86
      ],
      [
       717.17,
       608.28
      ],
      [
       719.31,
       608.87
      ],
      [
       720.0,
       609.11
      ],
      [
       721.44,
       609.6
      ],
      [
       723.57,
       610.48
      ],
      [
       724.46,
       610.91
      ],
      [
       725.7,
       611.51
      ],
      [
       727.84,
       612.68
      ],
      [
       727.88,
       612.7
      ],
      [
       729.97,
       613.98
      ],
      [
       730.74,
       614.5
      ],
      [
       732.11,
       615.46
      ],
      [
       733.22,
       616.3
      ],
      [
       734.23,
       617.11
      ],
      [
       735.39,
       618.09
      ],
      [
       736.37,
       618.99
      ],
      [
       737.3,
       619.89
      ],
      [
       738.5,
       621.19
      ],
      [
       738.96,
       621.68
      ],
      [
       740.36,
       623.48
      ],
      [
       740.64,
       623.9
      ],
      [
       741.53,
       625.28
      ],
      [
       742.43,
       627.07
      ],
      [
       742.77,
       628.02
      ],
      [
       743.08,
       628.86
      ],
      [
       743.48,
       630.66
      ],
      [
       743.63,
       632.46
      ],
      [
       743.55,
       634.26
      ],
      [
       743.25,
       636.05
      ],
      [
       742.77,
       637.84
      ],
      [
       742.16,
       639.64
      ],
      [
       741.4,
       641.44
      ],
      [
       740.64,
       642.93
      ],
      [
       740.48,
       643.23
      ],
      [
       739.38,
       645.03
      ],
      [
       738.5,
       646.18
      ],
      [
       737.98,
       646.82
      ],
      [
       736.37,
       648.43
      ],
      [
       736.15,
       648.62
      ],
      [
       734.23,
       650.0
      ],
      [
       733.47,
       650.42
      ],
      [
       732.11,
       651.09
      ],
      [
       729.97,
       651.82
      ],
      [
       728.14,
       652.21
      ],
      [
       727.84,
       652.27
      ],
      [
       725.7,
       652.5
      ],
      [
       723.57,
       652.51
      ],
      [
       721.44,
       652.34
      ],
      [
       720.68,
       652.21
      ],
      [
       719.31,
       651.99
      ],
      [
       717.17,
       651.49
      ],
      [
       715.04,
       650.79
      ],
      [
       714.13,
       650.42
      ],
      [
       712.91,
       649.92
      ],
      [
       710.78,
       648.85
      ],
      [
       710.38,
       648.62
      ],
      [
       708.64,
       647.57
      ],
      [
       707.56,
       646.82
      ],
      [
       706.51,
       646.05
      ],
      [
       705.26,
       645.03
      ],
      [
       704.38,
       644.24
      ],
      [
       703.34,
       643.23
      ],
      [
       702.25,
       642.06
      ],
      [
       701.69,
       641.44
      ],
      [
       700.28,
       639.64
      ],
      [
       700.11,
       639.4
      ],
      [
       699.03,
       637.84
      ],
      [
       697.99,
       636.05
      ],
      [
       697.98,
       636.04
      ],
      [
       697.04,
       634.26
      ],
      [
       696.26,
       632.46
      ],
      [
       695.84,
       631.27
      ],
      [
       695.62,
       630.66
      ],
      [
       695.09,
       628.86
      ],
      [
       694.7,
       627.07
      ],
      [
       694.45,
       625.28
      ],
      [
       694.36,
       623.48
      ],
      [
       694.43,
       621.68
      ],
      [
       694.66,
       619.89
      ],
      [
       695.11,
       618.09
      ],
      [
       695.82,
       616.3
      ],
      [
       695.84,
       616.24
      ],
      [
       696.83,
       614.5
      ],
      [
       697.98,
       612.99
      ],
      [
       698.24,
       612.7
      ],
      [
       700.11,
       611.0
      ],
      [
       700.23,
       610.91
      ],
      [
       702.25,
       609.63
      ],
      [
       703.36,
       609.11
      ],
      [
       704.38,
       608.68
      ]
     ]
    ]
   }
  },
  {
   "type": "Feature",
   "properties": {
    "code": "240",
    "h1": 2,
    "h2": 4,
    "h3": 0,
    "macro": "Social Science",
    "meso": "Business & Management",
    "micro": "Risk Analytics & Decision Modeling",
    "label_x": 617.68,
    "label_y": 558.99
   },
   "geometry": {
    "type": "Polygon",
    "coordinates": [
     [
      [
       580.38,
       500.09
      ],
      [
       582.53,
       499.87
      ],
      [
       584.69,
       499.75
      ],
      [
       586.84,
       499.73
      ],
      [
       589.0,
       499.82
      ],
      [
       591.16,
       499.99
      ],
      [
       593.31,
       500.27
      ],
      [
       594.36,
       500.45
      ],
      [
       595.46,
       500.63
      ],
      [
       597.62,
       501.09
      ],
      [
       599.78,
       501.65
      ],
      [
       601.02,
       502.01
      ],
      [
       601.93,
       502.3
      ],
      [
       604.09,
       503.06
      ],
      [
       605.43,
       503.59
      ],
      [
       606.25,
       503.94
      ],
      [
       608.4,
       504.93
      ],
      [
       608.86,
       505.16
      ],
      [
       610.55,
       506.09
      ],
      [
       611.68,
       506.73
      ],
      [
       612.71,
       507.41
      ],
      [
       614.05,
       508.3
      ],
      [
       614.87,
       508.94
      ],
      [
       616.06,
       509.88
      ],
      [
       617.02,
       510.79
      ],
      [
       617.74,
       511.45
      ],
      [
       619.11,
       513.02
      ],
      [
       619.18,
       513.13
      ],
      [
       620.2,
       514.59
      ],
      [
       620.98,
       516.16
      ],
      [
       621.34,
       517.39
      ],
      [
       621.44,
       517.73
      ],
      [
       621.59,
       519.3
      ],
      [
       621.37,
       520.88
      ],
      [
       621.34,
       520.96
      ],
      [
       620.78,
       522.46
      ],
      [
       619.8,
       524.02
      ],
      [
       619.18,
       524.82
      ],
      [
       618.5,
       525.6
      ],
      [
       617.02,
       527.16
      ],
      [
       617.0,
       527.17
      ],
      [
       615.64,
       528.74
      ],
      [
       614.94,
       530.31
      ],
      [
       615.76,
       531.89
      ],
      [
       617.02,
       532.52
      ],
      [
       619.0,
       533.46
      ],
      [
       619.18,
       533.51
      ],
      [
       621.34,
       534.09
      ],
      [
       623.48,
       534.67
      ],
      [
       624.81,
       535.03
      ],
      [
       625.64,
       535.2
      ],
      [
       627.8,
       535.63
      ],
      [
       629.96,
       536.1
      ],
      [
       632.11,
       536.6
      ],
      [
       632.14,
       536.61
      ],
      [
       634.26,
       537.02
      ],
      [
       636.42,
       537.5
      ],
      [
       638.57,
       538.05
      ],
      [
       639.0,
       538.17
      ],
      [
       640.73,
       538.61
      ],
      [
       642.89,
       539.25
      ],
      [
       644.29,
       539.75
      ],
      [
       645.05,
       540.0
      ],
      [
       647.19,
       540.83
      ],
      [
       648.26,
       541.32
      ],
      [
       649.36,
       541.8
      ],
      [
       651.38,
       542.89
      ],
      [
       651.51,
       542.96
      ],
      [
       653.66,
       544.29
      ],
      [
       653.91,
       544.46
      ],
      [
       655.82,
       545.85
      ],
      [
       656.05,
       546.04
      ],
      [
       657.9,
       547.61
      ],
      [
       657.98,
       547.67
      ],
      [
       659.53,
       549.18
      ],
      [
       660.12,
       549.8
      ],
      [
       660.99,
       550.75
      ],
      [
       662.27,
       552.32
      ],
      [
       662.28,
       552.35
      ],
      [
       663.44,
       553.89
      ],
      [
       664.44,
       555.45
      ],
      [
       664.45,
       555.47
      ],
      [
       665.39,
       557.04
      ],
      [
       666.17,
       558.61
      ],
      [
       666.6,
       559.62
      ],
      [
       666.85,
       560.18
      ],
      [
       667.41,
       561.76
      ],
      [
       667.85,
       563.33
      ],
      [
       668.14,
       564.9
      ],
      [
       668.29,
       566.48
      ],
      [
       668.3,
       568.05
      ],
      [
       668.15,
       569.62
      ],
      [
       667.84,
       571.19
      ],
      [
       667.37,
       572.77
      ],
      [
       666.71,
       574.33
      ],
      [
       666.6,
       574.56
      ],
      [
       665.93,
       575.91
      ],
      [
       664.97,
       577.48
      ],
      [
       664.44,
       578.23
      ],
      [
       663.88,
       579.05
      ],
      [
       662.68,
       580.62
      ],
      [
       662.28,
       581.1
      ],
      [
       661.4,
       582.2
      ],
      [
       660.12,
       583.68
      ],
      [
       660.05,
       583.77
      ],
      [
       658.72,
       585.34
      ],
      [
       657.98,
       586.24
      ],
      [
       657.42,
       586.91
      ],
      [
       656.21,
       588.49
      ],
      [
       655.82,
       589.06
      ],
      [
       655.14,
       590.05
      ],
      [
       654.23,
       591.63
      ],
      [
       653.66,
       592.88
      ],
      [
       653.51,
       593.2
      ],
      [
       652.98,
       594.77
      ],
      [
       652.62,
       596.34
      ],
      [
       652.42,
       597.92
      ],
      [
       652.34,
       599.5
      ],
      [
       652.34,
       601.06
      ],
      [
       652.4,
       602.64
      ],
      [
       652.48,
       604.21
      ],
      [
       652.54,
       605.78
      ],
      [
       652.57,
       607.35
      ],
      [
       652.53,
       608.93
      ],
      [
       652.39,
       610.5
      ],
      [
       652.13,
       612.07
      ],
      [
       651.72,
       613.64
      ],
      [
       651.51,
       614.2
      ],
      [
       651.07,
       615.21
      ],
      [
       650.13,
       616.79
      ],
      [
       649.36,
       617.77
      ],
      [
       648.77,
       618.36
      ],
      [
       647.19,
       619.61
      ],
      [
       646.64,
       619.93
      ],
      [
       645.05,
       620.69
      ],
      [
       642.89,
       621.34
      ],
      [
       641.69,
       621.5
      ],
      [
       640.73,
       621.61
      ],
      [
       638.57,
       621.61
      ],
      [
       637.74,
       621.5
      ],
      [
       636.42,
       621.33
      ],
      [
       634.26,
       620.78
      ],
      [
       632.11,
       619.98
      ],
      [
       632.01,
       619.93
      ],
      [
       629.96,
       618.84
      ],
      [
       629.21,
       618.36
      ],
      [
       627.8,
       617.34
      ],
      [
       627.13,
       616.79
      ],
      [
       625.64,
       615.37
      ],
      [
       625.5,
       615.21
      ],
      [
       624.2,
       613.64
      ],
      [
       623.48,
       612.64
      ],
      [
       623.11,
       612.07
      ],
      [
       622.21,
       610.5
      ],
      [
       621.42,
       608.93
      ],
      [
       621.34,
       608.73
      ],
      [
       620.75,
       607.35
      ],
      [
       620.15,
       605.78
      ],
      [
       619.57,
       604.21
      ],
      [
       619.18,
       603.17
      ],
      [
       618.98,
       602.64
      ],
      [
       618.36,
       601.06
      ],
      [
       617.65,
       599.5
      ],
      [
       617.02,
       598.34
      ],
      [
       616.79,
       597.92
      ],
      [
       615.76,
       596.34
      ],
      [
       614.87,
       595.23
      ],
      [
       614.5,
       594.77
      ],
      [
       612.96,
       593.2
      ],
      [
       612.71,
       592.99
      ],
      [
       611.14,
       591.63
      ],
      [
       610.55,
       591.2
      ],
      [
       609.03,
       590.05
      ],
      [
       608.4,
       589.64
      ],
      [
       606.67,
       588.49
      ],
      [
       606.25,
       588.23
      ],
      [
       604.11,
       586.91
      ],
      [
       604.09,
       586.91
      ],
      [
       601.93,
       585.66
      ],
      [
       601.39,
       585.34
      ],
      [
       599.78,
       584.45
      ],
      [
       598.6,
       583.77
      ],
      [
       597.62,
       583.23
      ],
      [
       595.82,
       582.2
      ],
      [
       595.46,
       581.99
      ],
      [
       593.31,
       580.75
      ],
      [
       593.09,
       580.62
      ],
      [
       591.16,
       579.48
      ],
      [
       590.44,
       579.05
      ],
      [
       589.0,
       578.17
      ],
      [
       587.9,
       577.48
      ],
      [
       586.84,
       576.79
      ],
      [
       585.48,
       575.91
      ],
      [
       584.69,
       575.36
      ],
      [
       583.21,
       574.33
      ],
      [
       582.53,
       573.84
      ],
      [
       581.06,
       572.77
      ],
      [
       580.38,
       572.21
      ],
      [
       579.05,
       571.19
      ],
      [
       578.22,
       570.47
      ],
      [
       577.18,
       569.62
      ],
      [
       576.07,
       568.57
      ],
      [
       575.46,
       568.05
      ],
      [
       573.91,
       566.48
      ],
      [
       572.46,
       564.9
      ],
      [
       571.75,
       563.93
      ],
      [
       571.25,
       563.33
      ],
      [
       570.25,
       561.76
      ],
      [
       569.61,
       560.2
      ],
      [
       569.6,
       560.18
      ],
      [
       569.16,
       558.61
      ],
      [
       569.14,
       557.04
      ],
      [
       569.53,
       555.47
      ],
      [
       569.61,
       555.32
      ],
      [
       570.16,
       553.89
      ],
      [
       571.11,
       552.32
      ],
      [
       571.75,
       551.54
      ],
      [
       572.3,
       550.75
      ],
      [
       573.67,
       549.18
      ],
      [
       573.91,
       548.95
      ],
      [
       575.15,
       547.61
      ],
      [
       576.07,
       546.74
      ],
      [
       576.78,
       546.04
      ],
      [
       578.22,
       544.74
      ],
      [
       578.52,
       544.46
      ],
      [
       580.36,
       542.89
      ],
      [
       580.38,
       542.88
      ],
      [
       582.27,
       541.32
      ],
      [
       582.53,
       541.09
      ],
      [
       584.23,
       539.75
      ],
      [
       584.69,
       539.34
      ],
      [
       586.17,
       538.17
      ],
      [
       586.84,
       537.51
      ],
      [
       587.94,
       536.61
      ],
      [
       589.0,
       535.29
      ],
      [
       589.26,
       535.03
      ],
      [
       589.71,
       533.46
      ],
      [
       589.0,
       532.31
      ],
      [
       588.75,
       531.89
      ],
      [
       586.84,
       530.61
      ],
      [
       586.46,
       530.31
      ],
      [
       584.69,
       529.46
      ],
      [
       583.37,
       528.74
      ],
      [
       582.53,
       528.38
      ],
      [
       580.38,
       527.34
      ],
      [
       580.06,
       527.17
      ],
      [
       578.22,
       526.3
      ],
      [
       576.9,
       525.6
      ],
      [
       576.07,
       525.18
      ],
      [
       574.01,
       524.02
      ],
      [
       573.91,
       523.97
      ],
      [
       571.75,
       522.63
      ],
      [
       571.49,
       522.46
      ],
      [
       569.61,
       521.08
      ],
      [
       569.34,
       520.88
      ],
      [
       567.57,
       519.3
      ],
      [
       567.45,
       519.18
      ],
      [
       566.15,
       517.73
      ],
      [
       565.29,
       516.47
      ],
      [
       565.09,
       516.16
      ],
      [
       564.35,
       514.59
      ],
      [
       563.96,
       513.02
      ],
      [
       563.89,
       511.45
      ],
      [
       564.16,
       509.88
      ],
      [
       564.79,
       508.3
      ],
      [
       565.29,
       507.53
      ],
      [
       565.84,
       506.73
      ],
      [
       567.38,
       505.16
      ],
      [
       567.45,
       505.1
      ],
      [
       569.57,
       503.59
      ],
      [
       569.61,
       503.56
      ],
      [
       571.75,
       502.45
      ],
      [
       572.8,
       502.01
      ],
      [
       573.91,
       501.6
      ],
      [
       576.07,
       500.95
      ],
      [
       578.22,
       500.45
      ],
      [
       580.38,
       500.09
      ]
     ]
    ]
   }
  },
  {
   "type": "Feature",
   "properties": {
    "code": "241",
    "h1": 2,
    "h2": 4,
    "h3": 1,
    "macro": "Social Science",
    "meso": "Business & Management",
    "micro": "Smart Manufacturing",
    "label_x": 613.44,
    "label_y": 615.45
   },
   "geometry": {
    "type": "Polygon",
    "coordinates": [
     [
      [
       600.45,
       594.13
      ],
      [
       602.78,
       593.79
      ],
      [
       605.1,
       593.52
      ],
      [
       607.42,
       593.3
      ],
      [
       609.75,
       593.14
      ],
      [
       612.07,
       593.04
      ],
      [
       614.39,
       592.99
      ],
      [
       616.72,
       593.0
      ],
      [
       619.04,
       593.06
      ],
      [
       621.36,
       593.18
      ],
      [
       623.69,
       593.36
      ],
      [
       626.01,
       593.59
      ],
      [
       628.33,
       593.91
      ],
      [
       630.17,
       594.2
      ],
      [
       630.66,
       594.28
      ],
      [
       632.98,
       594.68
      ],
      [
       635.3,
       595.16
      ],
      [
       637.62,
       595.72
      ],
      [
       638.55,
       595.98
      ],
      [
       639.94,
       596.34
      ],
      [
       642.27,
       597.01
      ],
      [
       644.51,
       597.76
      ],
      [
       644.59,
       597.79
      ],
      [
       646.92,
       598.56
      ],
      [
       649.24,
       599.46
      ],
      [
       649.43,
       599.54
      ],
      [
       651.56,
       600.37
      ],
      [
       653.69,
       601.32
      ],
      [
       653.89,
       601.4
      ],
      [
       656.21,
       602.47
      ],
      [
       657.44,
       603.09
      ],
      [
       658.53,
       603.66
      ],
      [
       660.66,
       604.87
      ],
      [
       660.86,
       605.0
      ],
      [
       663.18,
       606.52
      ],
      [
       663.37,
       606.65
      ],
      [
       665.5,
       608.38
      ],
      [
       665.55,
       608.43
      ],
      [
       667.25,
       610.2
      ],
      [
       667.82,
       611.08
      ],
      [
       668.42,
       611.99
      ],
      [
       669.11,
       613.77
      ],
      [
       669.32,
       615.54
      ],
      [
       669.03,
       617.32
      ],
      [
       668.21,
       619.1
      ],
      [
       667.82,
       619.62
      ],
      [
       666.89,
       620.88
      ],
      [
       665.5,
       622.17
      ],
      [
       664.97,
       622.65
      ],
      [
       663.18,
       623.93
      ],
      [
       662.43,
       624.43
      ],
      [
       660.86,
       625.32
      ],
      [
       659.14,
       626.21
      ],
      [
       658.53,
       626.5
      ],
      [
       656.21,
       627.51
      ],
      [
       655.0,
       627.99
      ],
      [
       653.89,
       628.41
      ],
      [
       651.56,
       629.21
      ],
      [
       649.72,
       629.77
      ],
      [
       649.24,
       629.92
      ],
      [
       646.92,
       630.59
      ],
      [
       644.59,
       631.17
      ],
      [
       642.85,
       631.55
      ],
      [
       642.27,
       631.69
      ],
      [
       639.94,
       632.2
      ],
      [
       637.62,
       632.64
      ],
      [
       635.3,
       633.02
      ],
      [
       633.23,
       633.32
      ],
      [
       632.98,
       633.36
      ],
      [
       630.66,
       633.72
      ],
      [
       628.33,
       634.02
      ],
      [
       626.01,
       634.29
      ],
      [
       623.69,
       634.51
      ],
      [
       621.36,
       634.7
      ],
      [
       619.04,
       634.86
      ],
      [
       616.72,
       634.99
      ],
      [
       614.39,
       635.09
      ],
      [
       613.78,
       635.1
      ],
      [
       612.07,
       635.17
      ],
      [
       609.75,
       635.23
      ],
      [
       607.42,
       635.24
      ],
      [
       605.1,
       635.23
      ],
      [
       602.78,
       635.17
      ],
      [
       600.98,
       635.1
      ],
      [
       600.45,
       635.09
      ],
      [
       598.13,
       634.98
      ],
      [
       595.81,
       634.82
      ],
      [
       593.48,
       634.62
      ],
      [
       591.16,
       634.38
      ],
      [
       588.84,
       634.06
      ],
      [
       586.52,
       633.68
      ],
      [
       584.7,
       633.32
      ],
      [
       584.19,
       633.23
      ],
      [
       581.87,
       632.74
      ],
      [
       579.55,
       632.16
      ],
      [
       577.5,
       631.55
      ],
      [
       577.22,
       631.46
      ],
      [
       574.9,
       630.7
      ],
      [
       572.58,
       629.8
      ],
      [
       572.51,
       629.77
      ],
      [
       570.25,
       628.79
      ],
      [
       568.62,
       627.99
      ],
      [
       567.93,
       627.62
      ],
      [
       565.61,
       626.29
      ],
      [
       565.47,
       626.21
      ],
      [
       563.28,
       624.76
      ],
      [
       562.81,
       624.43
      ],
      [
       560.96,
       622.96
      ],
      [
       560.57,
       622.65
      ],
      [
       558.74,
       620.88
      ],
      [
       558.64,
       620.75
      ],
      [
       557.25,
       619.1
      ],
      [
       556.31,
       617.41
      ],
      [
       556.26,
       617.32
      ],
      [
       555.7,
       615.54
      ],
      [
       555.72,
       613.77
      ],
      [
       556.31,
       612.2
      ],
      [
       556.39,
       611.99
      ],
      [
       557.66,
       610.2
      ],
      [
       558.64,
       609.34
      ],
      [
       559.64,
       608.43
      ],
      [
       560.96,
       607.54
      ],
      [
       562.28,
       606.65
      ],
      [
       563.28,
       606.09
      ],
      [
       565.55,
       604.87
      ],
      [
       565.61,
       604.85
      ],
      [
       567.93,
       603.72
      ],
      [
       569.32,
       603.09
      ],
      [
       570.25,
       602.69
      ],
      [
       572.58,
       601.74
      ],
      [
       573.66,
       601.32
      ],
      [
       574.9,
       600.84
      ],
      [
       577.22,
       600.0
      ],
      [
       578.58,
       599.54
      ],
      [
       579.55,
       599.21
      ],
      [
       581.87,
       598.45
      ],
      [
       584.19,
       597.77
      ],
      [
       584.22,
       597.76
      ],
      [
       586.52,
       597.08
      ],
      [
       588.84,
       596.47
      ],
      [
       590.92,
       595.98
      ],
      [
       591.16,
       595.93
      ],
      [
       593.48,
       595.37
      ],
      [
       595.81,
       594.9
      ],
      [
       598.13,
       594.49
      ],
      [
       600.01,
       594.2
      ],
      [
       600.45,
       594.13
      ]
     ]
    ]
   }
  },
  {
   "type": "Feature",
   "properties": {
    "code": "242",
    "h1": 2,
    "h2": 4,
    "h3": 2,
    "macro": "Social Science",
    "meso": "Business & Management",
    "micro": "Organizational Performance",
    "label_x": 800.37,
    "label_y": 599.41
   },
   "geometry": {
    "type": "Polygon",
    "coordinates": [
     [
      [
       795.97,
       578.46
      ],
      [
       798.02,
       578.52
      ],
      [
       800.07,
       578.68
      ],
      [
       802.13,
       578.96
      ],
      [
       804.18,
       579.36
      ],
      [
       806.23,
       579.93
      ],
      [
       807.16,
       580.25
      ],
      [
       808.27,
       580.61
      ],
      [
       810.32,
       581.46
      ],
      [
       811.32,
       581.98
      ],
      [
       812.38,
       582.53
      ],
      [
       814.23,
       583.71
      ],
      [
       814.42,
       583.85
      ],
      [
       816.46,
       585.45
      ],
      [
       816.48,
       585.45
      ],
      [
       818.29,
       587.17
      ],
      [
       818.53,
       587.43
      ],
      [
       819.82,
       588.9
      ],
      [
       820.58,
       589.92
      ],
      [
       821.1,
       590.63
      ],
      [
       822.19,
       592.36
      ],
      [
       822.62,
       593.17
      ],
      [
       823.14,
       594.09
      ],
      [
       823.94,
       595.82
      ],
      [
       824.57,
       597.55
      ],
      [
       824.68,
       597.93
      ],
      [
       825.11,
       599.29
      ],
      [
       825.5,
       601.02
      ],
      [
       825.74,
       602.75
      ],
      [
       825.8,
       604.48
      ],
      [
       825.69,
       606.2
      ],
      [
       825.38,
       607.93
      ],
      [
       824.79,
       609.66
      ],
      [
       824.68,
       609.9
      ],
      [
       823.94,
       611.39
      ],
      [
       822.67,
       613.12
      ],
      [
       822.62,
       613.18
      ],
      [
       820.85,
       614.86
      ],
      [
       820.58,
       615.06
      ],
      [
       818.53,
       616.34
      ],
      [
       818.0,
       616.59
      ],
      [
       816.48,
       617.25
      ],
      [
       814.42,
       617.88
      ],
      [
       812.38,
       618.28
      ],
      [
       812.05,
       618.32
      ],
      [
       810.32,
       618.53
      ],
      [
       808.27,
       618.64
      ],
      [
       806.23,
       618.62
      ],
      [
       804.18,
       618.47
      ],
      [
       802.9,
       618.32
      ],
      [
       802.13,
       618.23
      ],
      [
       800.07,
       617.92
      ],
      [
       798.02,
       617.51
      ],
      [
       795.97,
       617.0
      ],
      [
       794.59,
       616.59
      ],
      [
       793.93,
       616.4
      ],
      [
       791.88,
       615.75
      ],
      [
       789.83,
       614.96
      ],
      [
       789.56,
       614.86
      ],
      [
       787.77,
       614.12
      ],
      [
       785.73,
       613.12
      ],
      [
       785.72,
       613.12
      ],
      [
       783.67,
       612.03
      ],
      [
       782.62,
       611.39
      ],
      [
       781.62,
       610.74
      ],
      [
       780.12,
       609.66
      ],
      [
       779.57,
       609.22
      ],
      [
       778.07,
       607.93
      ],
      [
       777.52,
       607.37
      ],
      [
       776.4,
       606.2
      ],
      [
       775.48,
       605.0
      ],
      [
       775.07,
       604.48
      ],
      [
       774.01,
       602.75
      ],
      [
       773.42,
       601.41
      ],
      [
       773.23,
       601.02
      ],
      [
       772.67,
       599.29
      ],
      [
       772.34,
       597.55
      ],
      [
       772.25,
       595.82
      ],
      [
       772.39,
       594.09
      ],
      [
       772.76,
       592.36
      ],
      [
       773.4,
       590.63
      ],
      [
       773.42,
       590.59
      ],
      [
       774.25,
       588.9
      ],
      [
       775.45,
       587.17
      ],
      [
       775.48,
       587.15
      ],
      [
       776.97,
       585.45
      ],
      [
       777.52,
       584.93
      ],
      [
       778.97,
       583.71
      ],
      [
       779.57,
       583.27
      ],
      [
       781.62,
       581.98
      ],
      [
       781.62,
       581.98
      ],
      [
       783.67,
       580.94
      ],
      [
       785.43,
       580.25
      ],
      [
       785.72,
       580.14
      ],
      [
       787.77,
       579.48
      ],
      [
       789.83,
       579.02
      ],
      [
       791.88,
       578.71
      ],
      [
       793.93,
       578.53
      ],
      [
       794.26,
       578.52
      ],
      [
       795.97,
       578.46
      ]
     ]
    ]
   }
  },
  {
   "type": "Feature",
   "properties": {
    "code": "243",
    "h1": 2,
    "h2": 4,
    "h3": 3,
    "macro": "Social Science",
    "meso": "Business & Management",
    "micro": "Enterprise Digitization",
    "label_x": 686.61,
    "label_y": 598.31
   },
   "geometry": {
    "type": "Polygon",
    "coordinates": [
     [
      [
       672.97,
       581.03
      ],
      [
       674.89,
       580.72
      ],
      [
       676.8,
       580.52
      ],
      [
       678.71,
       580.43
      ],
      [
       680.62,
       580.43
      ],
      [
       682.53,
       580.52
      ],
      [
       684.45,
       580.7
      ],
      [
       686.36,
       580.96
      ],
      [
       688.09,
       581.27
      ],
      [
       688.28,
       581.3
      ],
      [
       690.19,
       581.7
      ],
      [
       692.1,
       582.17
      ],
      [
       693.93,
       582.71
      ],
      [
       694.01,
       582.74
      ],
      [
       695.93,
       583.35
      ],
      [
       697.84,
       584.04
      ],
      [
       698.12,
       584.16
      ],
      [
       699.75,
       584.8
      ],
      [
       701.59,
       585.59
      ],
      [
       701.66,
       585.63
      ],
      [
       703.57,
       586.53
      ],
      [
       704.64,
       587.04
      ],
      [
       705.49,
       587.5
      ],
      [
       707.4,
       588.48
      ],
      [
       709.32,
       589.5
      ],
      [
       710.21,
       589.93
      ],
      [
       711.23,
       590.45
      ],
      [
       713.14,
       591.26
      ],
      [
       713.47,
       591.37
      ],
      [
       715.05,
       591.91
      ],
      [
       716.97,
       592.41
      ],
      [
       718.88,
       592.8
      ],
      [
       718.96,
       592.81
      ],
      [
       720.79,
       593.14
      ],
      [
       722.71,
       593.49
      ],
      [
       724.62,
       593.86
      ],
      [
       726.26,
       594.25
      ],
      [
       726.53,
       594.32
      ],
      [
       728.44,
       594.9
      ],
      [
       730.36,
       595.63
      ],
      [
       730.49,
       595.7
      ],
      [
       732.27,
       596.64
      ],
      [
       733.03,
       597.14
      ],
      [
       734.18,
       598.08
      ],
      [
       734.7,
       598.59
      ],
      [
       735.71,
       600.03
      ],
      [
       736.09,
       601.17
      ],
      [
       736.19,
       601.46
      ],
      [
       736.11,
       602.91
      ],
      [
       736.09,
       602.94
      ],
      [
       735.36,
       604.35
      ],
      [
       734.18,
       605.45
      ],
      [
       733.7,
       605.8
      ],
      [
       732.27,
       606.49
      ],
      [
       730.36,
       607.13
      ],
      [
       729.83,
       607.24
      ],
      [
       728.44,
       607.48
      ],
      [
       726.53,
       607.64
      ],
      [
       724.62,
       607.68
      ],
      [
       722.71,
       607.58
      ],
      [
       720.79,
       607.41
      ],
      [
       719.46,
       607.24
      ],
      [
       718.88,
       607.16
      ],
      [
       716.97,
       606.84
      ],
      [
       715.05,
       606.54
      ],
      [
       713.14,
       606.29
      ],
      [
       711.23,
       606.15
      ],
      [
       709.32,
       606.18
      ],
      [
       707.4,
       606.42
      ],
      [
       705.49,
       606.88
      ],
      [
       704.46,
       607.24
      ],
      [
       703.57,
       607.53
      ],
      [
       701.66,
       608.3
      ],
      [
       700.81,
       608.68
      ],
      [
       699.75,
       609.13
      ],
      [
       697.84,
       609.97
      ],
      [
       697.48,
       610.13
      ],
      [
       695.93,
       610.77
      ],
      [
       694.01,
       611.45
      ],
      [
       693.63,
       611.57
      ],
      [
       692.1,
       612.04
      ],
      [
       690.19,
       612.5
      ],
      [
       688.28,
       612.83
      ],
      [
       686.62,
       613.02
      ],
      [
       686.36,
       613.05
      ],
      [
       684.45,
       613.16
      ],
      [
       682.53,
       613.18
      ],
      [
       680.62,
       613.12
      ],
      [
       679.28,
       613.02
      ],
      [
       678.71,
       612.98
      ],
      [
       676.8,
       612.78
      ],
      [
       674.89,
       612.54
      ],
      [
       672.97,
       612.23
      ],
      [
       671.06,
       611.88
      ],
      [
       669.64,
       611.57
      ],
      [
       669.14,
       611.48
      ],
      [
       667.23,
       611.07
      ],
      [
       665.32,
       610.62
      ],
      [
       663.45,
       610.13
      ],
      [
       663.41,
       610.12
      ],
      [
       661.49,
       609.61
      ],
      [
       659.58,
       609.05
      ],
      [
       658.4,
       608.68
      ],
      [
       657.67,
       608.45
      ],
      [
       655.76,
       607.8
      ],
      [
       654.26,
       607.24
      ],
      [
       653.85,
       607.08
      ],
      [
       651.93,
       606.27
      ],
      [
       650.9,
       605.8
      ],
      [
       650.02,
       605.35
      ],
      [
       648.24,
       604.35
      ],
      [
       648.11,
       604.26
      ],
      [
       646.19,
       602.91
      ],
      [
       644.66,
       601.46
      ],
      [
       644.28,
       600.94
      ],
      [
       643.62,
       600.03
      ],
      [
       643.03,
       598.59
      ],
      [
       642.88,
       597.14
      ],
      [
       643.18,
       595.7
      ],
      [
       643.92,
       594.25
      ],
      [
       644.28,
       593.83
      ],
      [
       645.16,
       592.81
      ],
      [
       646.19,
       591.94
      ],
      [
       646.92,
       591.37
      ],
      [
       648.11,
       590.61
      ],
      [
       649.25,
       589.93
      ],
      [
       650.02,
       589.52
      ],
      [
       651.93,
       588.59
      ],
      [
       652.16,
       588.48
      ],
      [
       653.85,
       587.73
      ],
      [
       655.55,
       587.04
      ],
      [
       655.76,
       586.95
      ],
      [
       657.67,
       586.18
      ],
      [
       659.2,
       585.59
      ],
      [
       659.58,
       585.44
      ],
      [
       661.49,
       584.69
      ],
      [
       662.95,
       584.16
      ],
      [
       663.41,
       583.96
      ],
      [
       665.32,
       583.24
      ],
      [
       666.89,
       582.71
      ],
      [
       667.23,
       582.58
      ],
      [
       669.14,
       581.96
      ],
      [
       671.06,
       581.45
      ],
      [
       671.94,
       581.27
      ],
      [
       672.97,
       581.03
      ]
     ]
    ]
   }
  },
  {
   "type": "Feature",
   "properties": {
    "code": "244",
    "h1": 2,
    "h2": 4,
    "h3": 4,
    "macro": "Social Science",
    "meso": "Business & Management",
    "micro": "Digital Marketing & Consumer Behavior",
    "label_x": 784.76,
    "label_y": 551.63
   },
   "geometry": {
    "type": "Polygon",
    "coordinates": [
     [
      [
       774.31,
       526.42
      ],
      [
       775.93,
       525.93
      ],
      [
       777.55,
       525.62
      ],
      [
       779.18,
       525.46
      ],
      [
       780.8,
       525.45
      ],
      [
       782.42,
       525.57
      ],
      [
       784.04,
       525.85
      ],
      [
       785.67,
       526.28
      ],
      [
       787.29,
       526.9
      ],
      [
       787.5,
       527.0
      ],
      [
       788.91,
       527.64
      ],
      [
       790.53,
       528.61
      ],
      [
       790.99,
       528.95
      ],
      [
       792.16,
       529.75
      ],
      [
       793.44,
       530.88
      ],
      [
       793.77,
       531.16
      ],
      [
       795.39,
       532.81
      ],
      [
       795.39,
       532.82
      ],
      [
       797.01,
       534.75
      ],
      [
       798.42,
       536.68
      ],
      [
       798.64,
       537.01
      ],
      [
       799.64,
       538.61
      ],
      [
       800.26,
       539.72
      ],
      [
       800.71,
       540.55
      ],
      [
       801.63,
       542.49
      ],
      [
       801.88,
       543.07
      ],
      [
       802.46,
       544.42
      ],
      [
       803.16,
       546.35
      ],
      [
       803.5,
       547.5
      ],
      [
       803.75,
       548.29
      ],
      [
       804.26,
       550.23
      ],
      [
       804.65,
       552.16
      ],
      [
       804.93,
       554.09
      ],
      [
       805.1,
       556.03
      ],
      [
       805.12,
       556.88
      ],
      [
       805.16,
       557.96
      ],
      [
       805.12,
       559.22
      ],
      [
       805.11,
       559.89
      ],
      [
       804.92,
       561.83
      ],
      [
       804.58,
       563.77
      ],
      [
       804.04,
       565.7
      ],
      [
       803.5,
       567.06
      ],
      [
       803.27,
       567.63
      ],
      [
       802.21,
       569.57
      ],
      [
       801.88,
       570.04
      ],
      [
       800.71,
       571.51
      ],
      [
       800.26,
       571.98
      ],
      [
       798.64,
       573.35
      ],
      [
       798.5,
       573.44
      ],
      [
       797.01,
       574.36
      ],
      [
       795.39,
       575.06
      ],
      [
       794.33,
       575.37
      ],
      [
       793.77,
       575.54
      ],
      [
       792.16,
       575.85
      ],
      [
       790.53,
       575.99
      ],
      [
       788.91,
       575.98
      ],
      [
       787.29,
       575.83
      ],
      [
       785.67,
       575.54
      ],
      [
       785.03,
       575.37
      ],
      [
       784.04,
       575.15
      ],
      [
       782.42,
       574.64
      ],
      [
       780.8,
       573.99
      ],
      [
       779.68,
       573.44
      ],
      [
       779.18,
       573.21
      ],
      [
       777.55,
       572.33
      ],
      [
       776.29,
       571.51
      ],
      [
       775.93,
       571.27
      ],
      [
       774.31,
       570.1
      ],
      [
       773.66,
       569.57
      ],
      [
       772.69,
       568.75
      ],
      [
       771.51,
       567.63
      ],
      [
       771.07,
       567.19
      ],
      [
       769.7,
       565.7
      ],
      [
       769.44,
       565.4
      ],
      [
       768.16,
       563.77
      ],
      [
       767.83,
       563.29
      ],
      [
       766.83,
       561.83
      ],
      [
       766.21,
       560.73
      ],
      [
       765.73,
       559.89
      ],
      [
       764.81,
       557.96
      ],
      [
       764.59,
       557.36
      ],
      [
       764.03,
       556.03
      ],
      [
       763.44,
       554.09
      ],
      [
       763.0,
       552.16
      ],
      [
       762.96,
       551.88
      ],
      [
       762.67,
       550.23
      ],
      [
       762.47,
       548.29
      ],
      [
       762.41,
       546.35
      ],
      [
       762.47,
       544.42
      ],
      [
       762.68,
       542.49
      ],
      [
       762.96,
       540.94
      ],
      [
       763.03,
       540.55
      ],
      [
       763.5,
       538.61
      ],
      [
       764.17,
       536.68
      ],
      [
       764.59,
       535.75
      ],
      [
       765.04,
       534.75
      ],
      [
       766.19,
       532.81
      ],
      [
       766.21,
       532.79
      ],
      [
       767.69,
       530.88
      ],
      [
       767.83,
       530.72
      ],
      [
       769.44,
       529.18
      ],
      [
       769.75,
       528.95
      ],
      [
       771.07,
       527.99
      ],
      [
       772.69,
       527.12
      ],
      [
       772.96,
       527.0
      ],
      [
       774.31,
       526.42
      ]
     ]
    ]
   }
  },
  {
   "type": "Feature",
   "properties": {
    "code": "245",
    "h1": 2,
    "h2": 4,
    "h3": 5,
    "macro": "Social Science",
    "meso": "Business & Management",
    "micro": "Psychographic Profiling & Personalization",
    "label_x": 638.53,
    "label_y": 503.8
   },
   "geometry": {
    "type": "Polygon",
    "coordinates": [
     [
      [
       621.99,
       482.22
      ],
      [
       624.16,
       481.45
      ],
      [
       626.33,
       480.99
      ],
      [
       628.51,
       480.78
      ],
      [
       630.69,
       480.76
      ],
      [
       632.86,
       480.92
      ],
      [
       635.03,
       481.23
      ],
      [
       637.21,
       481.71
      ],
      [
       639.39,
       482.4
      ],
      [
       639.39,
       482.41
      ],
      [
       641.56,
       483.13
      ],
      [
       643.73,
       484.07
      ],
      [
       644.58,
       484.52
      ],
      [
       645.91,
       485.16
      ],
      [
       648.09,
       486.46
      ],
      [
       648.32,
       486.63
      ],
      [
       650.26,
       487.92
      ],
      [
       651.32,
       488.74
      ],
      [
       652.43,
       489.66
      ],
      [
       653.76,
       490.85
      ],
      [
       654.61,
       491.7
      ],
      [
       655.8,
       492.96
      ],
      [
       656.79,
       494.17
      ],
      [
       657.5,
       495.07
      ],
      [
       658.88,
       497.18
      ],
      [
       658.96,
       497.33
      ],
      [
       660.09,
       499.3
      ],
      [
       660.96,
       501.41
      ],
      [
       661.14,
       501.98
      ],
      [
       661.67,
       503.51
      ],
      [
       662.15,
       505.62
      ],
      [
       662.39,
       507.73
      ],
      [
       662.4,
       509.84
      ],
      [
       662.17,
       511.95
      ],
      [
       661.64,
       514.07
      ],
      [
       661.14,
       515.33
      ],
      [
       660.81,
       516.18
      ],
      [
       659.6,
       518.29
      ],
      [
       658.96,
       519.11
      ],
      [
       657.84,
       520.4
      ],
      [
       656.79,
       521.37
      ],
      [
       655.22,
       522.51
      ],
      [
       654.61,
       522.91
      ],
      [
       652.43,
       524.02
      ],
      [
       650.62,
       524.62
      ],
      [
       650.26,
       524.75
      ],
      [
       648.09,
       525.27
      ],
      [
       645.91,
       525.52
      ],
      [
       643.73,
       525.56
      ],
      [
       641.56,
       525.41
      ],
      [
       639.39,
       525.06
      ],
      [
       637.66,
       524.62
      ],
      [
       637.21,
       524.53
      ],
      [
       635.03,
       523.88
      ],
      [
       632.86,
       523.0
      ],
      [
       631.89,
       522.51
      ],
      [
       630.69,
       521.94
      ],
      [
       628.51,
       520.65
      ],
      [
       628.15,
       520.4
      ],
      [
       626.33,
       519.17
      ],
      [
       625.23,
       518.29
      ],
      [
       624.16,
       517.4
      ],
      [
       622.84,
       516.18
      ],
      [
       621.99,
       515.32
      ],
      [
       620.82,
       514.07
      ],
      [
       619.8,
       512.86
      ],
      [
       619.09,
       511.95
      ],
      [
       617.64,
       509.84
      ],
      [
       617.63,
       509.84
      ],
      [
       616.31,
       507.73
      ],
      [
       615.46,
       505.96
      ],
      [
       615.28,
       505.62
      ],
      [
       614.37,
       503.51
      ],
      [
       613.71,
       501.41
      ],
      [
       613.28,
       499.3
      ],
      [
       613.01,
       497.18
      ],
      [
       612.99,
       495.07
      ],
      [
       613.25,
       492.96
      ],
      [
       613.28,
       492.85
      ],
      [
       613.77,
       490.85
      ],
      [
       614.68,
       488.74
      ],
      [
       615.46,
       487.51
      ],
      [
       616.07,
       486.63
      ],
      [
       617.63,
       484.97
      ],
      [
       618.15,
       484.52
      ],
      [
       619.8,
       483.32
      ],
      [
       621.6,
       482.41
      ],
      [
       621.99,
       482.22
      ]
     ]
    ]
   }
  },
  {
   "type": "Feature",
   "properties": {
    "code": "250",
    "h1": 2,
    "h2": 5,
    "h3": 0,
    "macro": "Social Science",
    "meso": "Urban Development",
    "micro": "Sustainable Development",
    "label_x": 735.39,
    "label_y": 581.87
   },
   "geometry": {
    "type": "Polygon",
    "coordinates": [
     [
      [
       702.14,
       544.13
      ],
      [
       704.68,
       543.88
      ],
      [
       707.21,
       543.71
      ],
      [
       709.74,
       543.62
      ],
      [
       712.26,
       543.61
      ],
      [
       714.8,
       543.66
      ],
      [
       717.33,
       543.78
      ],
      [
       719.87,
       543.95
      ],
      [
       722.39,
       544.2
      ],
      [
       723.51,
       544.32
      ],
      [
       724.93,
       544.47
      ],
      [
       727.46,
       544.79
      ],
      [
       729.99,
       545.16
      ],
      [
       732.51,
       545.58
      ],
      [
       735.05,
       546.07
      ],
      [
       735.56,
       546.16
      ],
      [
       737.59,
       546.55
      ],
      [
       740.11,
       547.1
      ],
      [
       742.64,
       547.69
      ],
      [
       743.9,
       548.0
      ],
      [
       745.18,
       548.32
      ],
      [
       747.71,
       548.98
      ],
      [
       750.23,
       549.72
      ],
      [
       750.69,
       549.85
      ],
      [
       752.76,
       550.47
      ],
      [
       755.3,
       551.3
      ],
      [
       756.42,
       551.7
      ],
      [
       757.84,
       552.19
      ],
      [
       760.36,
       553.15
      ],
      [
       761.31,
       553.54
      ],
      [
       762.89,
       554.2
      ],
      [
       765.43,
       555.36
      ],
      [
       765.47,
       555.39
      ],
      [
       767.95,
       556.62
      ],
      [
       769.07,
       557.23
      ],
      [
       770.48,
       558.05
      ],
      [
       772.13,
       559.07
      ],
      [
       773.01,
       559.66
      ],
      [
       774.76,
       560.91
      ],
      [
       775.55,
       561.54
      ],
      [
       777.03,
       562.76
      ],
      [
       778.08,
       563.71
      ],
      [
       779.01,
       564.61
      ],
      [
       780.61,
       566.32
      ],
      [
       780.72,
       566.45
      ],
      [
       782.27,
       568.29
      ],
      [
       783.14,
       569.47
      ],
      [
       783.62,
       570.13
      ],
      [
       784.84,
       571.98
      ],
      [
       785.68,
       573.39
      ],
      [
       785.92,
       573.82
      ],
      [
       786.92,
       575.67
      ],
      [
       787.8,
       577.52
      ],
      [
       788.2,
       578.46
      ],
      [
       788.59,
       579.36
      ],
      [
       789.32,
       581.2
      ],
      [
       789.95,
       583.04
      ],
      [
       790.49,
       584.89
      ],
      [
       790.73,
       585.84
      ],
      [
       790.98,
       586.73
      ],
      [
       791.38,
       588.57
      ],
      [
       791.69,
       590.42
      ],
      [
       791.92,
       592.26
      ],
      [
       792.05,
       594.11
      ],
      [
       792.09,
       595.95
      ],
      [
       792.01,
       597.79
      ],
      [
       791.82,
       599.63
      ],
      [
       791.5,
       601.48
      ],
      [
       791.04,
       603.33
      ],
      [
       790.73,
       604.21
      ],
      [
       790.42,
       605.17
      ],
      [
       789.62,
       607.02
      ],
      [
       788.61,
       608.86
      ],
      [
       788.2,
       609.45
      ],
      [
       787.34,
       610.7
      ],
      [
       785.74,
       612.54
      ],
      [
       785.68,
       612.61
      ],
      [
       783.73,
       614.39
      ],
      [
       783.14,
       614.85
      ],
      [
       781.12,
       616.23
      ],
      [
       780.61,
       616.54
      ],
      [
       778.08,
       617.85
      ],
      [
       777.55,
       618.07
      ],
      [
       775.55,
       618.87
      ],
      [
       773.01,
       619.66
      ],
      [
       771.93,
       619.92
      ],
      [
       770.48,
       620.25
      ],
      [
       767.95,
       620.69
      ],
      [
       765.43,
       620.99
      ],
      [
       762.89,
       621.16
      ],
      [
       760.36,
       621.23
      ],
      [
       757.84,
       621.19
      ],
      [
       755.3,
       621.05
      ],
      [
       752.76,
       620.84
      ],
      [
       750.23,
       620.54
      ],
      [
       747.71,
       620.16
      ],
      [
       746.38,
       619.92
      ],
      [
       745.18,
       619.71
      ],
      [
       742.64,
       619.21
      ],
      [
       740.11,
       618.62
      ],
      [
       738.02,
       618.07
      ],
      [
       737.59,
       617.96
      ],
      [
       735.05,
       617.27
      ],
      [
       732.51,
       616.49
      ],
      [
       731.76,
       616.23
      ],
      [
       729.99,
       615.66
      ],
      [
       727.46,
       614.76
      ],
      [
       726.48,
       614.39
      ],
      [
       724.93,
       613.81
      ],
      [
       722.39,
       612.79
      ],
      [
       721.82,
       612.54
      ],
      [
       719.87,
       611.73
      ],
      [
       717.62,
       610.7
      ],
      [
       717.33,
       610.57
      ],
      [
       714.8,
       609.38
      ],
      [
       713.75,
       608.86
      ],
      [
       712.26,
       608.12
      ],
      [
       710.18,
       607.02
      ],
      [
       709.74,
       606.78
      ],
      [
       707.21,
       605.38
      ],
      [
       706.84,
       605.17
      ],
      [
       704.68,
       603.92
      ],
      [
       703.69,
       603.33
      ],
      [
       702.14,
       602.38
      ],
      [
       700.74,
       601.48
      ],
      [
       699.62,
       600.74
      ],
      [
       697.96,
       599.63
      ],
      [
       697.08,
       599.03
      ],
      [
       695.34,
       597.79
      ],
      [
       694.55,
       597.21
      ],
      [
       692.86,
       595.95
      ],
      [
       692.02,
       595.29
      ],
      [
       690.52,
       594.11
      ],
      [
       689.49,
       593.24
      ],
      [
       688.32,
       592.26
      ],
      [
       686.96,
       591.04
      ],
      [
       686.26,
       590.42
      ],
      [
       684.43,
       588.65
      ],
      [
       684.34,
       588.57
      ],
      [
       682.53,
       586.73
      ],
      [
       681.9,
       586.01
      ],
      [
       680.86,
       584.89
      ],
      [
       679.37,
       583.05
      ],
      [
       679.35,
       583.04
      ],
      [
       677.93,
       581.2
      ],
      [
       676.83,
       579.55
      ],
      [
       676.69,
       579.36
      ],
      [
       675.56,
       577.52
      ],
      [
       674.62,
       575.67
      ],
      [
       674.3,
       574.93
      ],
      [
       673.8,
       573.82
      ],
      [
       673.13,
       571.98
      ],
      [
       672.65,
       570.13
      ],
      [
       672.35,
       568.29
      ],
      [
       672.23,
       566.45
      ],
      [
       672.3,
       564.61
      ],
      [
       672.6,
       562.76
      ],
      [
       673.12,
       560.91
      ],
      [
       673.92,
       559.07
      ],
      [
       674.3,
       558.4
      ],
      [
       674.99,
       557.23
      ],
      [
       676.39,
       555.39
      ],
      [
       676.83,
       554.91
      ],
      [
       678.18,
       553.54
      ],
      [
       679.37,
       552.53
      ],
      [
       680.43,
       551.7
      ],
      [
       681.9,
       550.7
      ],
      [
       683.28,
       549.85
      ],
      [
       684.43,
       549.21
      ],
      [
       686.95,
       548.0
      ],
      [
       686.96,
       548.0
      ],
      [
       689.49,
       547.0
      ],
      [
       692.02,
       546.16
      ],
      [
       692.03,
       546.16
      ],
      [
       694.55,
       545.48
      ],
      [
       697.08,
       544.92
      ],
      [
       699.62,
       544.47
      ],
      [
       700.76,
       544.32
      ],
      [
       702.14,
       544.13
      ]
     ]
    ]
   }
  },
  {
   "type": "Feature",
   "properties": {
    "code": "251",
    "h1": 2,
    "h2": 5,
    "h3": 1,
    "macro": "Social Science",
    "meso": "Urban Development",
    "micro": "Tourism",
    "label_x": 756.52,
    "label_y": 524.61
   },
   "geometry": {
    "type": "Polygon",
    "coordinates": [
     [
      [
       741.45,
       505.2
      ],
      [
       744.92,
       504.68
      ],
      [
       748.39,
       504.57
      ],
      [
       751.88,
       504.8
      ],
      [
       755.34,
       505.36
      ],
      [
       757.51,
       505.93
      ],
      [
       758.82,
       506.24
      ],
      [
       762.3,
       507.4
      ],
      [
       763.51,
       507.93
      ],
      [
       765.76,
       508.86
      ],
      [
       767.83,
       509.93
      ],
      [
       769.24,
       510.66
      ],
      [
       771.34,
       511.92
      ],
      [
       772.72,
       512.79
      ],
      [
       774.32,
       513.93
      ],
      [
       776.19,
       515.37
      ],
      [
       776.87,
       515.92
      ],
      [
       779.07,
       517.92
      ],
      [
       779.67,
       518.54
      ],
      [
       780.98,
       519.92
      ],
      [
       782.54,
       521.92
      ],
      [
       783.14,
       522.9
      ],
      [
       783.81,
       523.91
      ],
      [
       784.79,
       525.92
      ],
      [
       785.4,
       527.91
      ],
      [
       785.65,
       529.91
      ],
      [
       785.5,
       531.91
      ],
      [
       784.84,
       533.91
      ],
      [
       783.55,
       535.91
      ],
      [
       783.14,
       536.33
      ],
      [
       781.38,
       537.91
      ],
      [
       779.67,
       538.99
      ],
      [
       777.7,
       539.9
      ],
      [
       776.19,
       540.49
      ],
      [
       772.72,
       541.42
      ],
      [
       769.56,
       541.91
      ],
      [
       769.24,
       541.95
      ],
      [
       765.76,
       542.21
      ],
      [
       762.3,
       542.21
      ],
      [
       758.82,
       541.96
      ],
      [
       758.39,
       541.91
      ],
      [
       755.34,
       541.52
      ],
      [
       751.88,
       540.86
      ],
      [
       748.39,
       539.9
      ],
      [
       744.92,
       538.74
      ],
      [
       742.98,
       537.91
      ],
      [
       741.45,
       537.22
      ],
      [
       738.99,
       535.91
      ],
      [
       737.97,
       535.31
      ],
      [
       735.84,
       533.91
      ],
      [
       734.5,
       532.88
      ],
      [
       733.29,
       531.91
      ],
      [
       731.26,
       529.91
      ],
      [
       731.03,
       529.62
      ],
      [
       729.56,
       527.91
      ],
      [
       728.28,
       525.92
      ],
      [
       727.55,
       524.32
      ],
      [
       727.35,
       523.91
      ],
      [
       726.7,
       521.92
      ],
      [
       726.43,
       519.92
      ],
      [
       726.53,
       517.92
      ],
      [
       727.02,
       515.92
      ],
      [
       727.55,
       514.75
      ],
      [
       727.93,
       513.93
      ],
      [
       729.31,
       511.92
      ],
      [
       731.03,
       510.18
      ],
      [
       731.32,
       509.93
      ],
      [
       734.19,
       507.93
      ],
      [
       734.5,
       507.74
      ],
      [
       737.97,
       506.18
      ],
      [
       738.84,
       505.93
      ],
      [
       741.45,
       505.2
      ]
     ]
    ]
   }
  },
  {
   "type": "Feature",
   "properties": {
    "code": "260",
    "h1": 2,
    "h2": 6,
    "h3": 0,
    "macro": "Social Science",
    "meso": "Ethical & Creative AI",
    "micro": "Artificial Cognition & Ethics",
    "label_x": 627.44,
    "label_y": 462.29
   },
   "geometry": {
    "type": "Polygon",
    "coordinates": [
     [
      [
       595.68,
       425.25
      ],
      [
       597.77,
       425.05
      ],
      [
       599.86,
       425.2
      ],
      [
       600.11,
       425.25
      ],
      [
       601.95,
       425.62
      ],
      [
       604.03,
       426.28
      ],
      [
       604.69,
       426.56
      ],
      [
       606.12,
       427.14
      ],
      [
       607.53,
       427.87
      ],
      [
       608.21,
       428.21
      ],
      [
       609.84,
       429.18
      ],
      [
       610.3,
       429.44
      ],
      [
       611.88,
       430.48
      ],
      [
       612.39,
       430.82
      ],
      [
       613.74,
       431.79
      ],
      [
       614.48,
       432.33
      ],
      [
       615.48,
       433.1
      ],
      [
       616.57,
       433.95
      ],
      [
       617.15,
       434.41
      ],
      [
       618.66,
       435.63
      ],
      [
       618.76,
       435.72
      ],
      [
       620.37,
       437.03
      ],
      [
       620.75,
       437.33
      ],
      [
       621.98,
       438.34
      ],
      [
       622.83,
       439.03
      ],
      [
       623.6,
       439.64
      ],
      [
       624.92,
       440.7
      ],
      [
       625.25,
       440.95
      ],
      [
       626.96,
       442.26
      ],
      [
       627.01,
       442.3
      ],
      [
       628.75,
       443.57
      ],
      [
       629.1,
       443.81
      ],
      [
       630.62,
       444.88
      ],
      [
       631.18,
       445.26
      ],
      [
       632.57,
       446.18
      ],
      [
       633.27,
       446.66
      ],
      [
       634.55,
       447.5
      ],
      [
       635.36,
       448.02
      ],
      [
       636.55,
       448.8
      ],
      [
       637.45,
       449.4
      ],
      [
       638.53,
       450.11
      ],
      [
       639.53,
       450.79
      ],
      [
       640.48,
       451.41
      ],
      [
       641.62,
       452.21
      ],
      [
       642.36,
       452.73
      ],
      [
       643.72,
       453.7
      ],
      [
       644.18,
       454.04
      ],
      [
       645.81,
       455.27
      ],
      [
       645.89,
       455.34
      ],
      [
       647.56,
       456.66
      ],
      [
       647.89,
       456.93
      ],
      [
       649.14,
       457.96
      ],
      [
       649.98,
       458.7
      ],
      [
       650.63,
       459.27
      ],
      [
       652.01,
       460.57
      ],
      [
       652.07,
       460.63
      ],
      [
       653.38,
       461.89
      ],
      [
       654.16,
       462.74
      ],
      [
       654.61,
       463.2
      ],
      [
       655.76,
       464.5
      ],
      [
       656.25,
       465.12
      ],
      [
       656.84,
       465.81
      ],
      [
       657.81,
       467.12
      ],
      [
       658.33,
       467.93
      ],
      [
       658.69,
       468.43
      ],
      [
       659.5,
       469.73
      ],
      [
       660.19,
       471.04
      ],
      [
       660.42,
       471.56
      ],
      [
       660.82,
       472.36
      ],
      [
       661.37,
       473.66
      ],
      [
       661.81,
       474.97
      ],
      [
       662.16,
       476.27
      ],
      [
       662.43,
       477.59
      ],
      [
       662.51,
       478.11
      ],
      [
       662.64,
       478.9
      ],
      [
       662.78,
       480.2
      ],
      [
       662.84,
       481.52
      ],
      [
       662.84,
       482.82
      ],
      [
       662.75,
       484.13
      ],
      [
       662.59,
       485.43
      ],
      [
       662.51,
       485.97
      ],
      [
       662.39,
       486.75
      ],
      [
       662.11,
       488.06
      ],
      [
       661.77,
       489.36
      ],
      [
       661.37,
       490.67
      ],
      [
       660.91,
       491.98
      ],
      [
       660.42,
       493.25
      ],
      [
       660.41,
       493.29
      ],
      [
       659.82,
       494.59
      ],
      [
       659.16,
       495.9
      ],
      [
       658.44,
       497.21
      ],
      [
       658.33,
       497.39
      ],
      [
       657.47,
       498.52
      ],
      [
       656.32,
       499.83
      ],
      [
       656.25,
       499.91
      ],
      [
       654.16,
       501.13
      ],
      [
       652.07,
       501.47
      ],
      [
       650.07,
       501.13
      ],
      [
       649.98,
       501.12
      ],
      [
       647.89,
       500.23
      ],
      [
       647.3,
       499.83
      ],
      [
       645.81,
       498.84
      ],
      [
       645.44,
       498.52
      ],
      [
       643.95,
       497.21
      ],
      [
       643.72,
       497.01
      ],
      [
       642.66,
       495.9
      ],
      [
       641.62,
       494.82
      ],
      [
       641.44,
       494.59
      ],
      [
       640.33,
       493.29
      ],
      [
       639.53,
       492.38
      ],
      [
       639.23,
       491.98
      ],
      [
       638.15,
       490.67
      ],
      [
       637.45,
       489.82
      ],
      [
       637.08,
       489.36
      ],
      [
       636.0,
       488.06
      ],
      [
       635.36,
       487.3
      ],
      [
       634.9,
       486.75
      ],
      [
       633.76,
       485.43
      ],
      [
       633.27,
       484.91
      ],
      [
       632.56,
       484.13
      ],
      [
       631.31,
       482.82
      ],
      [
       631.18,
       482.7
      ],
      [
       629.95,
       481.52
      ],
      [
       629.1,
       480.72
      ],
      [
       628.51,
       480.2
      ],
      [
       627.01,
       478.94
      ],
      [
       626.95,
       478.9
      ],
      [
       625.22,
       477.59
      ],
      [
       624.92,
       477.36
      ],
      [
       623.31,
       476.27
      ],
      [
       622.83,
       475.96
      ],
      [
       621.2,
       474.97
      ],
      [
       620.75,
       474.69
      ],
      [
       618.88,
       473.66
      ],
      [
       618.66,
       473.54
      ],
      [
       616.57,
       472.47
      ],
      [
       616.33,
       472.36
      ],
      [
       614.48,
       471.44
      ],
      [
       613.69,
       471.04
      ],
      [
       612.39,
       470.39
      ],
      [
       611.15,
       469.73
      ],
      [
       610.3,
       469.27
      ],
      [
       608.84,
       468.43
      ],
      [
       608.21,
       468.05
      ],
      [
       606.78,
       467.12
      ],
      [
       606.12,
       466.67
      ],
      [
       604.97,
       465.81
      ],
      [
       604.03,
       465.07
      ],
      [
       603.38,
       464.5
      ],
      [
       601.96,
       463.2
      ],
      [
       601.95,
       463.18
      ],
      [
       600.68,
       461.89
      ],
      [
       599.86,
       460.98
      ],
      [
       599.51,
       460.57
      ],
      [
       598.44,
       459.27
      ],
      [
       597.77,
       458.39
      ],
      [
       597.45,
       457.96
      ],
      [
       596.52,
       456.66
      ],
      [
       595.68,
       455.35
      ],
      [
       595.68,
       455.34
      ],
      [
       594.85,
       454.04
      ],
      [
       594.09,
       452.73
      ],
      [
       593.6,
       451.83
      ],
      [
       593.36,
       451.41
      ],
      [
       592.66,
       450.11
      ],
      [
       592.02,
       448.8
      ],
      [
       591.51,
       447.66
      ],
      [
       591.43,
       447.5
      ],
      [
       590.84,
       446.18
      ],
      [
       590.31,
       444.88
      ],
      [
       589.84,
       443.57
      ],
      [
       589.43,
       442.26
      ],
      [
       589.42,
       442.24
      ],
      [
       589.03,
       440.95
      ],
      [
       588.71,
       439.64
      ],
      [
       588.45,
       438.34
      ],
      [
       588.27,
       437.03
      ],
      [
       588.18,
       435.72
      ],
      [
       588.19,
       434.41
      ],
      [
       588.31,
       433.1
      ],
      [
       588.58,
       431.79
      ],
      [
       589.01,
       430.48
      ],
      [
       589.42,
       429.66
      ],
      [
       589.69,
       429.18
      ],
      [
       590.71,
       427.87
      ],
      [
       591.51,
       427.11
      ],
      [
       592.32,
       426.56
      ],
      [
       593.6,
       425.86
      ],
      [
       595.64,
       425.25
      ],
      [
       595.68,
       425.25
      ]
     ]
    ]
   }
  },
  {
   "type": "Feature",
   "properties": {
    "code": "261",
    "h1": 2,
    "h2": 6,
    "h3": 1,
    "macro": "Social Science",
    "meso": "Ethical & Creative AI",
    "micro": "Digital Art",
    "label_x": 748.33,
    "label_y": 472.94
   },
   "geometry": {
    "type": "Polygon",
    "coordinates": [
     [
      [
       732.52,
       457.16
      ],
      [
       735.77,
       456.86
      ],
      [
       739.01,
       456.73
      ],
      [
       742.26,
       456.78
      ],
      [
       745.51,
       457.0
      ],
      [
       747.4,
       457.23
      ],
      [
       748.75,
       457.37
      ],
      [
       752.0,
       457.87
      ],
      [
       755.25,
       458.57
      ],
      [
       756.95,
       459.04
      ],
      [
       758.49,
       459.44
      ],
      [
       761.74,
       460.48
      ],
      [
       762.73,
       460.85
      ],
      [
       764.98,
       461.71
      ],
      [
       767.16,
       462.67
      ],
      [
       768.23,
       463.17
      ],
      [
       770.78,
       464.48
      ],
      [
       771.48,
       464.88
      ],
      [
       773.87,
       466.29
      ],
      [
       774.72,
       466.88
      ],
      [
       776.55,
       468.1
      ],
      [
       777.97,
       469.27
      ],
      [
       778.86,
       469.92
      ],
      [
       780.83,
       471.73
      ],
      [
       781.22,
       472.2
      ],
      [
       782.56,
       473.54
      ],
      [
       783.86,
       475.35
      ],
      [
       784.46,
       476.77
      ],
      [
       784.69,
       477.17
      ],
      [
       784.94,
       478.98
      ],
      [
       784.46,
       480.23
      ],
      [
       784.25,
       480.79
      ],
      [
       782.26,
       482.6
      ],
      [
       781.22,
       483.14
      ],
      [
       778.17,
       484.41
      ],
      [
       777.97,
       484.48
      ],
      [
       774.72,
       485.39
      ],
      [
       771.48,
       486.05
      ],
      [
       770.41,
       486.23
      ],
      [
       768.23,
       486.58
      ],
      [
       764.98,
       486.98
      ],
      [
       761.74,
       487.23
      ],
      [
       758.49,
       487.34
      ],
      [
       755.25,
       487.31
      ],
      [
       752.0,
       487.13
      ],
      [
       748.75,
       486.81
      ],
      [
       745.51,
       486.32
      ],
      [
       745.0,
       486.23
      ],
      [
       742.26,
       485.76
      ],
      [
       739.01,
       485.06
      ],
      [
       736.57,
       484.41
      ],
      [
       735.77,
       484.21
      ],
      [
       732.52,
       483.29
      ],
      [
       730.52,
       482.6
      ],
      [
       729.28,
       482.18
      ],
      [
       726.03,
       480.93
      ],
      [
       725.71,
       480.79
      ],
      [
       722.78,
       479.48
      ],
      [
       721.75,
       478.98
      ],
      [
       719.54,
       477.77
      ],
      [
       718.48,
       477.17
      ],
      [
       716.3,
       475.68
      ],
      [
       715.8,
       475.35
      ],
      [
       713.63,
       473.54
      ],
      [
       713.04,
       472.89
      ],
      [
       711.94,
       471.73
      ],
      [
       710.75,
       469.92
      ],
      [
       710.12,
       468.1
      ],
      [
       710.13,
       466.29
      ],
      [
       710.97,
       464.48
      ],
      [
       713.04,
       462.67
      ],
      [
       716.3,
       461.03
      ],
      [
       716.68,
       460.85
      ],
      [
       719.54,
       459.87
      ],
      [
       722.38,
       459.04
      ],
      [
       722.78,
       458.95
      ],
      [
       726.03,
       458.18
      ],
      [
       729.28,
       457.59
      ],
      [
       731.98,
       457.23
      ],
      [
       732.52,
       457.16
      ]
     ]
    ]
   }
  },
  {
   "type": "Feature",
   "properties": {
    "code": "262",
    "h1": 2,
    "h2": 6,
    "h3": 2,
    "macro": "Social Science",
    "meso": "Ethical & Creative AI",
    "micro": "Virtual Reality",
    "label_x": 676.11,
    "label_y": 442.38
   },
   "geometry": {
    "type": "Polygon",
    "coordinates": [
     [
      [
       626.19,
       404.75
      ],
      [
       628.36,
       404.37
      ],
      [
       630.53,
       404.14
      ],
      [
       632.7,
       404.03
      ],
      [
       634.87,
       404.03
      ],
      [
       637.03,
       404.13
      ],
      [
       639.21,
       404.33
      ],
      [
       641.38,
       404.61
      ],
      [
       643.55,
       404.99
      ],
      [
       643.93,
       405.07
      ],
      [
       645.71,
       405.42
      ],
      [
       647.89,
       405.94
      ],
      [
       649.81,
       406.48
      ],
      [
       650.05,
       406.55
      ],
      [
       652.23,
       407.21
      ],
      [
       654.2,
       407.91
      ],
      [
       654.39,
       407.97
      ],
      [
       656.56,
       408.77
      ],
      [
       657.87,
       409.32
      ],
      [
       658.73,
       409.68
      ],
      [
       660.9,
       410.65
      ],
      [
       661.07,
       410.74
      ],
      [
       663.07,
       411.69
      ],
      [
       663.96,
       412.16
      ],
      [
       665.24,
       412.81
      ],
      [
       666.61,
       413.57
      ],
      [
       667.41,
       414.01
      ],
      [
       669.07,
       414.99
      ],
      [
       669.58,
       415.29
      ],
      [
       671.4,
       416.4
      ],
      [
       671.75,
       416.61
      ],
      [
       673.64,
       417.82
      ],
      [
       673.92,
       418.0
      ],
      [
       675.8,
       419.25
      ],
      [
       676.08,
       419.42
      ],
      [
       677.92,
       420.66
      ],
      [
       678.25,
       420.88
      ],
      [
       680.01,
       422.08
      ],
      [
       680.42,
       422.36
      ],
      [
       682.07,
       423.49
      ],
      [
       682.59,
       423.85
      ],
      [
       684.14,
       424.91
      ],
      [
       684.76,
       425.34
      ],
      [
       686.19,
       426.33
      ],
      [
       686.93,
       426.84
      ],
      [
       688.25,
       427.74
      ],
      [
       689.1,
       428.34
      ],
      [
       690.3,
       429.16
      ],
      [
       691.26,
       429.84
      ],
      [
       692.35,
       430.58
      ],
      [
       693.44,
       431.34
      ],
      [
       694.39,
       432.0
      ],
      [
       695.61,
       432.85
      ],
      [
       696.43,
       433.42
      ],
      [
       697.78,
       434.36
      ],
      [
       698.47,
       434.83
      ],
      [
       699.94,
       435.87
      ],
      [
       700.49,
       436.25
      ],
      [
       702.12,
       437.38
      ],
      [
       702.53,
       437.66
      ],
      [
       704.28,
       438.89
      ],
      [
       704.57,
       439.08
      ],
      [
       706.45,
       440.38
      ],
      [
       706.63,
       440.5
      ],
      [
       708.62,
       441.85
      ],
      [
       708.73,
       441.91
      ],
      [
       710.79,
       443.28
      ],
      [
       710.88,
       443.34
      ],
      [
       712.96,
       444.68
      ],
      [
       713.07,
       444.75
      ],
      [
       715.13,
       446.04
      ],
      [
       715.35,
       446.17
      ],
      [
       717.3,
       447.36
      ],
      [
       717.69,
       447.58
      ],
      [
       719.47,
       448.64
      ],
      [
       720.11,
       449.0
      ],
      [
       721.64,
       449.88
      ],
      [
       722.62,
       450.42
      ],
      [
       723.81,
       451.09
      ],
      [
       725.21,
       451.84
      ],
      [
       725.97,
       452.26
      ],
      [
       727.89,
       453.25
      ],
      [
       728.14,
       453.39
      ],
      [
       730.31,
       454.49
      ],
      [
       730.7,
       454.67
      ],
      [
       732.48,
       455.55
      ],
      [
       733.66,
       456.09
      ],
      [
       734.65,
       456.57
      ],
      [
       736.78,
       457.51
      ],
      [
       736.82,
       457.52
      ],
      [
       738.99,
       458.46
      ],
      [
       740.17,
       458.92
      ],
      [
       741.16,
       459.36
      ],
      [
       743.33,
       460.2
      ],
      [
       743.73,
       460.34
      ],
      [
       745.49,
       461.05
      ],
      [
       747.39,
       461.75
      ],
      [
       747.67,
       461.88
      ],
      [
       749.83,
       462.78
      ],
      [
       750.81,
       463.18
      ],
      [
       752.0,
       463.77
      ],
      [
       753.7,
       464.59
      ],
      [
       754.17,
       464.9
      ],
      [
       755.89,
       466.01
      ],
      [
       756.34,
       466.44
      ],
      [
       757.34,
       467.43
      ],
      [
       758.06,
       468.84
      ],
      [
       757.87,
       470.26
      ],
      [
       756.34,
       471.68
      ],
      [
       754.17,
       472.39
      ],
      [
       752.0,
       472.8
      ],
      [
       749.83,
       473.05
      ],
      [
       749.2,
       473.09
      ],
      [
       747.67,
       473.17
      ],
      [
       745.49,
       473.23
      ],
      [
       743.33,
       473.26
      ],
      [
       741.16,
       473.29
      ],
      [
       738.99,
       473.33
      ],
      [
       736.82,
       473.38
      ],
      [
       734.65,
       473.43
      ],
      [
       732.48,
       473.5
      ],
      [
       730.31,
       473.56
      ],
      [
       728.14,
       473.62
      ],
      [
       725.97,
       473.68
      ],
      [
       723.81,
       473.72
      ],
      [
       721.64,
       473.75
      ],
      [
       719.47,
       473.75
      ],
      [
       717.3,
       473.71
      ],
      [
       715.13,
       473.65
      ],
      [
       712.96,
       473.56
      ],
      [
       710.79,
       473.43
      ],
      [
       708.62,
       473.26
      ],
      [
       706.9,
       473.09
      ],
      [
       706.45,
       473.05
      ],
      [
       704.28,
       472.8
      ],
      [
       702.12,
       472.5
      ],
      [
       699.94,
       472.14
      ],
      [
       697.78,
       471.74
      ],
      [
       697.48,
       471.68
      ],
      [
       695.61,
       471.29
      ],
      [
       693.44,
       470.77
      ],
      [
       691.54,
       470.26
      ],
      [
       691.26,
       470.19
      ],
      [
       689.1,
       469.57
      ],
      [
       686.93,
       468.88
      ],
      [
       686.82,
       468.84
      ],
      [
       684.76,
       468.16
      ],
      [
       682.69,
       467.43
      ],
      [
       682.59,
       467.39
      ],
      [
       680.42,
       466.62
      ],
      [
       678.82,
       466.01
      ],
      [
       678.25,
       465.8
      ],
      [
       676.08,
       465.0
      ],
      [
       675.07,
       464.59
      ],
      [
       673.92,
       464.17
      ],
      [
       671.75,
       463.33
      ],
      [
       671.37,
       463.18
      ],
      [
       669.58,
       462.5
      ],
      [
       667.75,
       461.75
      ],
      [
       667.41,
       461.63
      ],
      [
       665.24,
       460.78
      ],
      [
       664.21,
       460.34
      ],
      [
       663.07,
       459.88
      ],
      [
       660.9,
       458.96
      ],
      [
       660.82,
       458.92
      ],
      [
       658.73,
       458.04
      ],
      [
       657.58,
       457.51
      ],
      [
       656.56,
       457.05
      ],
      [
       654.55,
       456.09
      ],
      [
       654.39,
       456.02
      ],
      [
       652.23,
       454.95
      ],
      [
       651.69,
       454.67
      ],
      [
       650.05,
       453.82
      ],
      [
       649.03,
       453.25
      ],
      [
       647.89,
       452.62
      ],
      [
       646.53,
       451.84
      ],
      [
       645.71,
       451.35
      ],
      [
       644.21,
       450.42
      ],
      [
       643.55,
       450.0
      ],
      [
       642.01,
       449.0
      ],
      [
       641.38,
       448.57
      ],
      [
       639.93,
       447.58
      ],
      [
       639.21,
       447.07
      ],
      [
       637.96,
       446.17
      ],
      [
       637.03,
       445.48
      ],
      [
       636.07,
       444.75
      ],
      [
       634.87,
       443.82
      ],
      [
       634.24,
       443.34
      ],
      [
       632.7,
       442.09
      ],
      [
       632.49,
       441.91
      ],
      [
       630.77,
       440.5
      ],
      [
       630.53,
       440.29
      ],
      [
       629.09,
       439.08
      ],
      [
       628.36,
       438.45
      ],
      [
       627.45,
       437.66
      ],
      [
       626.19,
       436.53
      ],
      [
       625.87,
       436.25
      ],
      [
       624.32,
       434.83
      ],
      [
       624.03,
       434.55
      ],
      [
       622.81,
       433.42
      ],
      [
       621.86,
       432.46
      ],
      [
       621.38,
       432.0
      ],
      [
       620.0,
       430.58
      ],
      [
       619.69,
       430.23
      ],
      [
       618.69,
       429.16
      ],
      [
       617.51,
       427.75
      ],
      [
       617.51,
       427.74
      ],
      [
       616.39,
       426.33
      ],
      [
       615.42,
       424.91
      ],
      [
       615.35,
       424.79
      ],
      [
       614.53,
       423.49
      ],
      [
       613.82,
       422.08
      ],
      [
       613.25,
       420.66
      ],
      [
       613.18,
       420.4
      ],
      [
       612.83,
       419.25
      ],
      [
       612.59,
       417.82
      ],
      [
       612.54,
       416.4
      ],
      [
       612.71,
       414.99
      ],
      [
       613.12,
       413.57
      ],
      [
       613.18,
       413.44
      ],
      [
       613.78,
       412.16
      ],
      [
       614.77,
       410.74
      ],
      [
       615.35,
       410.11
      ],
      [
       616.14,
       409.32
      ],
      [
       617.51,
       408.25
      ],
      [
       618.03,
       407.91
      ],
      [
       619.69,
       406.95
      ],
      [
       620.68,
       406.48
      ],
      [
       621.86,
       405.99
      ],
      [
       624.03,
       405.27
      ],
      [
       624.85,
       405.07
      ],
      [
       626.19,
       404.75
      ]
     ]
    ]
   }
  },
  {
   "type": "Feature",
   "properties": {
    "code": "300",
    "h1": 3,
    "h2": 0,
    "h3": 0,
    "macro": "Natural Science",
    "meso": "Climate & Hydrology",
    "micro": "Tectonics & Geology",
    "label_x": 233.76,
    "label_y": 450.79
   },
   "geometry": {
    "type": "Polygon",
    "coordinates": [
     [
      [
       236.71,
       431.25
      ],
      [
       240.11,
       431.26
      ],
      [
       242.72,
       431.41
      ],
      [
       243.53,
       431.45
      ],
      [
       246.95,
       431.8
      ],
      [
       250.35,
       432.39
      ],
      [
       253.29,
       433.19
      ],
      [
       253.77,
       433.33
      ],
      [
       257.17,
       434.85
      ],
      [
       257.38,
       434.98
      ],
      [
       259.67,
       436.76
      ],
      [
       260.59,
       437.89
      ],
      [
       261.05,
       438.55
      ],
      [
       261.8,
       440.34
      ],
      [
       262.1,
       442.12
      ],
      [
       262.04,
       443.91
      ],
      [
       261.67,
       445.7
      ],
      [
       261.03,
       447.48
      ],
      [
       260.59,
       448.35
      ],
      [
       260.18,
       449.27
      ],
      [
       259.15,
       451.06
      ],
      [
       257.88,
       452.84
      ],
      [
       257.17,
       453.68
      ],
      [
       256.43,
       454.63
      ],
      [
       254.79,
       456.41
      ],
      [
       253.77,
       457.38
      ],
      [
       252.92,
       458.21
      ],
      [
       250.82,
       459.99
      ],
      [
       250.35,
       460.35
      ],
      [
       248.47,
       461.78
      ],
      [
       246.95,
       462.8
      ],
      [
       245.74,
       463.56
      ],
      [
       243.53,
       464.86
      ],
      [
       242.57,
       465.35
      ],
      [
       240.11,
       466.57
      ],
      [
       238.74,
       467.13
      ],
      [
       236.71,
       467.97
      ],
      [
       233.69,
       468.93
      ],
      [
       233.29,
       469.05
      ],
      [
       229.88,
       469.87
      ],
      [
       226.47,
       470.34
      ],
      [
       223.06,
       470.47
      ],
      [
       219.65,
       470.18
      ],
      [
       216.23,
       469.34
      ],
      [
       215.24,
       468.93
      ],
      [
       212.82,
       467.73
      ],
      [
       211.97,
       467.13
      ],
      [
       209.9,
       465.35
      ],
      [
       209.41,
       464.8
      ],
      [
       208.44,
       463.56
      ],
      [
       207.39,
       461.78
      ],
      [
       206.66,
       459.99
      ],
      [
       206.2,
       458.21
      ],
      [
       206.0,
       456.83
      ],
      [
       205.93,
       456.41
      ],
      [
       205.86,
       454.63
      ],
      [
       206.0,
       452.84
      ],
      [
       206.29,
       451.06
      ],
      [
       206.77,
       449.27
      ],
      [
       207.45,
       447.48
      ],
      [
       208.34,
       445.7
      ],
      [
       209.41,
       444.02
      ],
      [
       209.48,
       443.91
      ],
      [
       210.8,
       442.12
      ],
      [
       212.45,
       440.34
      ],
      [
       212.82,
       439.98
      ],
      [
       214.44,
       438.55
      ],
      [
       216.23,
       437.2
      ],
      [
       216.9,
       436.76
      ],
      [
       219.65,
       435.16
      ],
      [
       220.04,
       434.98
      ],
      [
       223.06,
       433.66
      ],
      [
       224.53,
       433.19
      ],
      [
       226.47,
       432.58
      ],
      [
       229.88,
       431.86
      ],
      [
       233.29,
       431.45
      ],
      [
       234.18,
       431.41
      ],
      [
       236.71,
       431.25
      ]
     ]
    ]
   }
  },
  {
   "type": "Feature",
   "properties": {
    "code": "301",
    "h1": 3,
    "h2": 0,
    "h3": 1,
    "macro": "Natural Science",
    "meso": "Climate & Hydrology",
    "micro": "Topography & Earth-Observation",
    "label_x": 333.65,
    "label_y": 355.91
   },
   "geometry": {
    "type": "Polygon",
    "coordinates": [
     [
      [
       289.82,
       334.45
      ],
      [
       292.11,
       334.12
      ],
      [
       294.38,
       333.97
      ],
      [
       296.66,
       333.96
      ],
      [
       298.95,
       334.08
      ],
      [
       301.23,
       334.3
      ],
      [
       303.51,
       334.59
      ],
      [
       303.66,
       334.62
      ],
      [
       305.79,
       334.95
      ],
      [
       308.07,
       335.36
      ],
      [
       310.36,
       335.83
      ],
      [
       310.91,
       335.96
      ],
      [
       312.64,
       336.35
      ],
      [
       314.92,
       336.9
      ],
      [
       316.52,
       337.32
      ],
      [
       317.2,
       337.48
      ],
      [
       319.48,
       338.07
      ],
      [
       321.67,
       338.66
      ],
      [
       321.76,
       338.68
      ],
      [
       324.03,
       339.26
      ],
      [
       326.32,
       339.81
      ],
      [
       327.23,
       340.0
      ],
      [
       328.6,
       340.3
      ],
      [
       330.88,
       340.71
      ],
      [
       333.16,
       341.08
      ],
      [
       335.27,
       341.35
      ],
      [
       335.45,
       341.37
      ],
      [
       337.73,
       341.59
      ],
      [
       340.01,
       341.78
      ],
      [
       342.29,
       341.93
      ],
      [
       344.57,
       342.07
      ],
      [
       346.86,
       342.21
      ],
      [
       349.14,
       342.34
      ],
      [
       351.41,
       342.5
      ],
      [
       353.69,
       342.7
      ],
      [
       355.98,
       342.93
      ],
      [
       358.26,
       343.26
      ],
      [
       360.54,
       343.71
      ],
      [
       361.8,
       344.05
      ],
      [
       362.82,
       344.32
      ],
      [
       365.1,
       345.15
      ],
      [
       365.64,
       345.39
      ],
      [
       367.38,
       346.25
      ],
      [
       368.21,
       346.73
      ],
      [
       369.66,
       347.71
      ],
      [
       370.13,
       348.08
      ],
      [
       371.64,
       349.42
      ],
      [
       371.95,
       349.75
      ],
      [
       372.83,
       350.77
      ],
      [
       373.78,
       352.12
      ],
      [
       374.23,
       352.91
      ],
      [
       374.52,
       353.46
      ],
      [
       375.08,
       354.81
      ],
      [
       375.47,
       356.15
      ],
      [
       375.7,
       357.5
      ],
      [
       375.78,
       358.85
      ],
      [
       375.73,
       360.19
      ],
      [
       375.56,
       361.54
      ],
      [
       375.27,
       362.88
      ],
      [
       374.88,
       364.23
      ],
      [
       374.41,
       365.57
      ],
      [
       374.23,
       366.05
      ],
      [
       373.89,
       366.93
      ],
      [
       373.32,
       368.27
      ],
      [
       372.7,
       369.61
      ],
      [
       372.03,
       370.96
      ],
      [
       371.95,
       371.12
      ],
      [
       371.3,
       372.3
      ],
      [
       370.47,
       373.66
      ],
      [
       369.66,
       374.85
      ],
      [
       369.54,
       375.0
      ],
      [
       368.34,
       376.34
      ],
      [
       367.38,
       377.25
      ],
      [
       366.72,
       377.69
      ],
      [
       365.1,
       378.61
      ],
      [
       363.66,
       379.03
      ],
      [
       362.82,
       379.25
      ],
      [
       360.54,
       379.41
      ],
      [
       358.26,
       379.24
      ],
      [
       357.16,
       379.03
      ],
      [
       355.98,
       378.83
      ],
      [
       353.69,
       378.25
      ],
      [
       351.89,
       377.69
      ],
      [
       351.41,
       377.55
      ],
      [
       349.14,
       376.8
      ],
      [
       347.87,
       376.34
      ],
      [
       346.86,
       376.01
      ],
      [
       344.57,
       375.21
      ],
      [
       343.94,
       375.0
      ],
      [
       342.29,
       374.47
      ],
      [
       340.01,
       373.75
      ],
      [
       339.69,
       373.66
      ],
      [
       337.73,
       373.1
      ],
      [
       335.45,
       372.52
      ],
      [
       334.53,
       372.3
      ],
      [
       333.16,
       372.01
      ],
      [
       330.88,
       371.55
      ],
      [
       328.6,
       371.11
      ],
      [
       327.82,
       370.96
      ],
      [
       326.32,
       370.68
      ],
      [
       324.03,
       370.2
      ],
      [
       321.81,
       369.61
      ],
      [
       321.76,
       369.6
      ],
      [
       319.48,
       368.88
      ],
      [
       317.98,
       368.27
      ],
      [
       317.2,
       367.96
      ],
      [
       315.1,
       366.93
      ],
      [
       314.92,
       366.84
      ],
      [
       312.67,
       365.57
      ],
      [
       312.64,
       365.56
      ],
      [
       310.44,
       364.23
      ],
      [
       310.36,
       364.18
      ],
      [
       308.28,
       362.88
      ],
      [
       308.07,
       362.76
      ],
      [
       306.12,
       361.54
      ],
      [
       305.79,
       361.34
      ],
      [
       303.89,
       360.19
      ],
      [
       303.51,
       359.96
      ],
      [
       301.62,
       358.85
      ],
      [
       301.23,
       358.62
      ],
      [
       299.32,
       357.5
      ],
      [
       298.95,
       357.29
      ],
      [
       297.0,
       356.15
      ],
      [
       296.66,
       355.96
      ],
      [
       294.75,
       354.81
      ],
      [
       294.38,
       354.59
      ],
      [
       292.61,
       353.46
      ],
      [
       292.11,
       353.12
      ],
      [
       290.62,
       352.12
      ],
      [
       289.82,
       351.53
      ],
      [
       288.82,
       350.77
      ],
      [
       287.54,
       349.7
      ],
      [
       287.21,
       349.42
      ],
      [
       285.79,
       348.08
      ],
      [
       285.26,
       347.48
      ],
      [
       284.57,
       346.73
      ],
      [
       283.57,
       345.39
      ],
      [
       282.98,
       344.36
      ],
      [
       282.78,
       344.05
      ],
      [
       282.24,
       342.7
      ],
      [
       281.97,
       341.35
      ],
      [
       282.04,
       340.0
      ],
      [
       282.51,
       338.66
      ],
      [
       282.98,
       337.99
      ],
      [
       283.54,
       337.32
      ],
      [
       285.26,
       336.04
      ],
      [
       285.39,
       335.96
      ],
      [
       287.54,
       335.06
      ],
      [
       289.1,
       334.62
      ],
      [
       289.82,
       334.45
      ]
     ]
    ]
   }
  },
  {
   "type": "Feature",
   "properties": {
    "code": "302",
    "h1": 3,
    "h2": 0,
    "h3": 2,
    "macro": "Natural Science",
    "meso": "Climate & Hydrology",
    "micro": "Hydrology & Marine Science",
    "label_x": 247.18,
    "label_y": 396.66
   },
   "geometry": {
    "type": "Polygon",
    "coordinates": [
     [
      [
       238.0,
       373.23
      ],
      [
       240.3,
       372.76
      ],
      [
       242.6,
       372.51
      ],
      [
       244.91,
       372.5
      ],
      [
       247.22,
       372.74
      ],
      [
       249.52,
       373.27
      ],
      [
       250.24,
       373.54
      ],
      [
       251.82,
       374.11
      ],
      [
       253.69,
       375.04
      ],
      [
       254.13,
       375.28
      ],
      [
       256.09,
       376.55
      ],
      [
       256.43,
       376.8
      ],
      [
       258.01,
       378.06
      ],
      [
       258.75,
       378.71
      ],
      [
       259.64,
       379.57
      ],
      [
       261.05,
       381.08
      ],
      [
       262.34,
       382.59
      ],
      [
       263.36,
       383.99
      ],
      [
       263.44,
       384.09
      ],
      [
       264.46,
       385.61
      ],
      [
       265.33,
       387.11
      ],
      [
       265.66,
       387.79
      ],
      [
       266.11,
       388.62
      ],
      [
       266.76,
       390.13
      ],
      [
       267.28,
       391.64
      ],
      [
       267.65,
       393.15
      ],
      [
       267.89,
       394.66
      ],
      [
       267.97,
       395.54
      ],
      [
       268.02,
       396.16
      ],
      [
       268.05,
       397.68
      ],
      [
       267.97,
       399.0
      ],
      [
       267.95,
       399.18
      ],
      [
       267.8,
       400.69
      ],
      [
       267.58,
       402.2
      ],
      [
       267.32,
       403.71
      ],
      [
       267.01,
       405.22
      ],
      [
       266.67,
       406.73
      ],
      [
       266.3,
       408.23
      ],
      [
       265.9,
       409.75
      ],
      [
       265.66,
       410.59
      ],
      [
       265.48,
       411.25
      ],
      [
       265.0,
       412.77
      ],
      [
       264.46,
       414.27
      ],
      [
       263.83,
       415.77
      ],
      [
       263.36,
       416.76
      ],
      [
       263.04,
       417.29
      ],
      [
       261.99,
       418.79
      ],
      [
       261.05,
       419.9
      ],
      [
       260.49,
       420.3
      ],
      [
       258.75,
       421.39
      ],
      [
       257.02,
       421.81
      ],
      [
       256.43,
       421.95
      ],
      [
       254.13,
       421.92
      ],
      [
       253.57,
       421.81
      ],
      [
       251.82,
       421.51
      ],
      [
       249.52,
       420.77
      ],
      [
       248.51,
       420.3
      ],
      [
       247.22,
       419.77
      ],
      [
       245.44,
       418.79
      ],
      [
       244.91,
       418.54
      ],
      [
       242.91,
       417.29
      ],
      [
       242.6,
       417.12
      ],
      [
       240.67,
       415.77
      ],
      [
       240.3,
       415.54
      ],
      [
       238.63,
       414.27
      ],
      [
       238.0,
       413.81
      ],
      [
       236.74,
       412.77
      ],
      [
       235.69,
       411.89
      ],
      [
       234.99,
       411.25
      ],
      [
       233.39,
       409.75
      ],
      [
       233.38,
       409.74
      ],
      [
       231.9,
       408.23
      ],
      [
       231.08,
       407.32
      ],
      [
       230.56,
       406.73
      ],
      [
       229.32,
       405.22
      ],
      [
       228.77,
       404.48
      ],
      [
       228.2,
       403.71
      ],
      [
       227.18,
       402.2
      ],
      [
       226.47,
       401.0
      ],
      [
       226.28,
       400.69
      ],
      [
       225.42,
       399.18
      ],
      [
       224.7,
       397.68
      ],
      [
       224.16,
       396.36
      ],
      [
       224.07,
       396.16
      ],
      [
       223.49,
       394.66
      ],
      [
       223.02,
       393.15
      ],
      [
       222.66,
       391.64
      ],
      [
       222.42,
       390.13
      ],
      [
       222.29,
       388.62
      ],
      [
       222.3,
       387.11
      ],
      [
       222.47,
       385.61
      ],
      [
       222.8,
       384.09
      ],
      [
       223.38,
       382.59
      ],
      [
       224.16,
       381.2
      ],
      [
       224.23,
       381.08
      ],
      [
       225.42,
       379.57
      ],
      [
       226.47,
       378.57
      ],
      [
       227.08,
       378.06
      ],
      [
       228.77,
       376.89
      ],
      [
       229.36,
       376.55
      ],
      [
       231.08,
       375.65
      ],
      [
       232.49,
       375.04
      ],
      [
       233.38,
       374.66
      ],
      [
       235.69,
       373.86
      ],
      [
       236.91,
       373.54
      ],
      [
       238.0,
       373.23
      ]
     ]
    ]
   }
  },
  {
   "type": "Feature",
   "properties": {
    "code": "303",
    "h1": 3,
    "h2": 0,
    "h3": 3,
    "macro": "Natural Science",
    "meso": "Climate & Hydrology",
    "micro": "Ecosystem Ecology",
    "label_x": 279.11,
    "label_y": 324.58
   },
   "geometry": {
    "type": "Polygon",
    "coordinates": [
     [
      [
       275.86,
       302.64
      ],
      [
       278.41,
       302.02
      ],
      [
       280.98,
       301.64
      ],
      [
       283.53,
       301.48
      ],
      [
       286.08,
       301.56
      ],
      [
       288.64,
       301.9
      ],
      [
       291.19,
       302.57
      ],
      [
       292.82,
       303.21
      ],
      [
       293.75,
       303.62
      ],
      [
       296.3,
       305.18
      ],
      [
       296.54,
       305.36
      ],
      [
       298.8,
       307.51
      ],
      [
       298.86,
       307.58
      ],
      [
       300.36,
       309.67
      ],
      [
       301.4,
       311.82
      ],
      [
       301.41,
       311.86
      ],
      [
       302.09,
       313.97
      ],
      [
       302.47,
       316.12
      ],
      [
       302.56,
       318.27
      ],
      [
       302.41,
       320.42
      ],
      [
       302.01,
       322.57
      ],
      [
       301.41,
       324.58
      ],
      [
       301.38,
       324.72
      ],
      [
       300.57,
       326.87
      ],
      [
       299.51,
       329.02
      ],
      [
       298.86,
       330.13
      ],
      [
       298.24,
       331.17
      ],
      [
       296.73,
       333.32
      ],
      [
       296.3,
       333.88
      ],
      [
       294.98,
       335.47
      ],
      [
       293.75,
       336.84
      ],
      [
       292.95,
       337.62
      ],
      [
       291.19,
       339.27
      ],
      [
       290.58,
       339.78
      ],
      [
       288.64,
       341.31
      ],
      [
       287.71,
       341.93
      ],
      [
       286.08,
       343.0
      ],
      [
       284.01,
       344.07
      ],
      [
       283.53,
       344.33
      ],
      [
       280.98,
       345.39
      ],
      [
       278.41,
       346.11
      ],
      [
       277.75,
       346.23
      ],
      [
       275.86,
       346.57
      ],
      [
       273.31,
       346.75
      ],
      [
       270.75,
       346.64
      ],
      [
       268.28,
       346.23
      ],
      [
       268.2,
       346.21
      ],
      [
       265.64,
       345.46
      ],
      [
       263.09,
       344.25
      ],
      [
       262.8,
       344.07
      ],
      [
       260.53,
       342.46
      ],
      [
       259.97,
       341.93
      ],
      [
       258.07,
       339.78
      ],
      [
       257.98,
       339.66
      ],
      [
       256.73,
       337.62
      ],
      [
       255.78,
       335.47
      ],
      [
       255.42,
       334.36
      ],
      [
       255.12,
       333.32
      ],
      [
       254.69,
       331.17
      ],
      [
       254.49,
       329.02
      ],
      [
       254.5,
       326.87
      ],
      [
       254.7,
       324.72
      ],
      [
       255.14,
       322.57
      ],
      [
       255.42,
       321.64
      ],
      [
       255.77,
       320.42
      ],
      [
       256.61,
       318.27
      ],
      [
       257.76,
       316.12
      ],
      [
       257.98,
       315.79
      ],
      [
       259.15,
       313.97
      ],
      [
       260.53,
       312.28
      ],
      [
       260.92,
       311.82
      ],
      [
       263.09,
       309.67
      ],
      [
       265.64,
       307.61
      ],
      [
       265.77,
       307.51
      ],
      [
       268.2,
       305.93
      ],
      [
       269.24,
       305.36
      ],
      [
       270.75,
       304.57
      ],
      [
       273.31,
       303.5
      ],
      [
       274.17,
       303.21
      ],
      [
       275.86,
       302.64
      ]
     ]
    ]
   }
  },
  {
   "type": "Feature",
   "properties": {
    "code": "304",
    "h1": 3,
    "h2": 0,
    "h3": 4,
    "macro": "Natural Science",
    "meso": "Climate & Hydrology",
    "micro": "Climate & Atmospheric Prediction",
    "label_x": 269.07,
    "label_y": 432.59
   },
   "geometry": {
    "type": "Polygon",
    "coordinates": [
     [
      [
       246.2,
       399.07
      ],
      [
       248.55,
       398.89
      ],
      [
       250.91,
       398.96
      ],
      [
       252.36,
       399.13
      ],
      [
       253.27,
       399.23
      ],
      [
       255.63,
       399.68
      ],
      [
       257.98,
       400.31
      ],
      [
       259.01,
       400.66
      ],
      [
       260.34,
       401.1
      ],
      [
       262.7,
       402.06
      ],
      [
       262.95,
       402.18
      ],
      [
       265.06,
       403.19
      ],
      [
       266.01,
       403.71
      ],
      [
       267.42,
       404.51
      ],
      [
       268.57,
       405.23
      ],
      [
       269.77,
       406.04
      ],
      [
       270.78,
       406.77
      ],
      [
       272.13,
       407.83
      ],
      [
       272.69,
       408.29
      ],
      [
       274.35,
       409.82
      ],
      [
       274.49,
       409.95
      ],
      [
       275.84,
       411.34
      ],
      [
       276.85,
       412.55
      ],
      [
       277.11,
       412.86
      ],
      [
       278.25,
       414.39
      ],
      [
       279.19,
       415.92
      ],
      [
       279.2,
       415.94
      ],
      [
       280.07,
       417.45
      ],
      [
       280.8,
       418.97
      ],
      [
       281.42,
       420.5
      ],
      [
       281.56,
       420.9
      ],
      [
       281.98,
       422.02
      ],
      [
       282.5,
       423.55
      ],
      [
       282.94,
       425.08
      ],
      [
       283.35,
       426.6
      ],
      [
       283.73,
       428.13
      ],
      [
       283.92,
       428.88
      ],
      [
       284.12,
       429.66
      ],
      [
       284.52,
       431.18
      ],
      [
       284.94,
       432.71
      ],
      [
       285.4,
       434.24
      ],
      [
       285.91,
       435.76
      ],
      [
       286.28,
       436.75
      ],
      [
       286.49,
       437.29
      ],
      [
       287.16,
       438.82
      ],
      [
       287.91,
       440.34
      ],
      [
       288.63,
       441.61
      ],
      [
       288.78,
       441.87
      ],
      [
       289.73,
       443.4
      ],
      [
       290.78,
       444.92
      ],
      [
       290.99,
       445.21
      ],
      [
       291.88,
       446.45
      ],
      [
       293.03,
       447.98
      ],
      [
       293.35,
       448.38
      ],
      [
       294.2,
       449.5
      ],
      [
       295.35,
       451.03
      ],
      [
       295.71,
       451.51
      ],
      [
       296.47,
       452.55
      ],
      [
       297.53,
       454.08
      ],
      [
       298.06,
       454.89
      ],
      [
       298.53,
       455.61
      ],
      [
       299.43,
       457.14
      ],
      [
       300.22,
       458.66
      ],
      [
       300.42,
       459.12
      ],
      [
       300.88,
       460.19
      ],
      [
       301.39,
       461.71
      ],
      [
       301.72,
       463.23
      ],
      [
       301.82,
       464.77
      ],
      [
       301.64,
       466.29
      ],
      [
       301.09,
       467.82
      ],
      [
       300.42,
       468.79
      ],
      [
       299.84,
       469.34
      ],
      [
       298.06,
       470.41
      ],
      [
       296.07,
       470.87
      ],
      [
       295.71,
       470.93
      ],
      [
       293.35,
       470.87
      ],
      [
       290.99,
       470.4
      ],
      [
       288.63,
       469.6
      ],
      [
       288.08,
       469.34
      ],
      [
       286.28,
       468.52
      ],
      [
       285.07,
       467.82
      ],
      [
       283.92,
       467.16
      ],
      [
       282.64,
       466.29
      ],
      [
       281.56,
       465.54
      ],
      [
       280.58,
       464.77
      ],
      [
       279.2,
       463.65
      ],
      [
       278.74,
       463.23
      ],
      [
       277.09,
       461.71
      ],
      [
       276.85,
       461.48
      ],
      [
       275.57,
       460.19
      ],
      [
       274.49,
       459.04
      ],
      [
       274.13,
       458.66
      ],
      [
       272.79,
       457.14
      ],
      [
       272.13,
       456.36
      ],
      [
       271.48,
       455.61
      ],
      [
       270.22,
       454.08
      ],
      [
       269.77,
       453.54
      ],
      [
       268.95,
       452.55
      ],
      [
       267.67,
       451.03
      ],
      [
       267.42,
       450.73
      ],
      [
       266.34,
       449.5
      ],
      [
       265.06,
       448.1
      ],
      [
       264.94,
       447.98
      ],
      [
       263.45,
       446.45
      ],
      [
       262.7,
       445.73
      ],
      [
       261.86,
       444.92
      ],
      [
       260.34,
       443.55
      ],
      [
       260.17,
       443.4
      ],
      [
       258.4,
       441.87
      ],
      [
       257.98,
       441.54
      ],
      [
       256.57,
       440.34
      ],
      [
       255.63,
       439.57
      ],
      [
       254.73,
       438.82
      ],
      [
       253.27,
       437.59
      ],
      [
       252.93,
       437.29
      ],
      [
       251.19,
       435.76
      ],
      [
       250.91,
       435.52
      ],
      [
       249.53,
       434.24
      ],
      [
       248.55,
       433.29
      ],
      [
       247.98,
       432.71
      ],
      [
       246.54,
       431.18
      ],
      [
       246.2,
       430.8
      ],
      [
       245.2,
       429.66
      ],
      [
       243.98,
       428.13
      ],
      [
       243.84,
       427.93
      ],
      [
       242.85,
       426.6
      ],
      [
       241.84,
       425.08
      ],
      [
       241.48,
       424.48
      ],
      [
       240.91,
       423.55
      ],
      [
       240.06,
       422.02
      ],
      [
       239.31,
       420.5
      ],
      [
       239.12,
       420.06
      ],
      [
       238.62,
       418.97
      ],
      [
       238.02,
       417.45
      ],
      [
       237.5,
       415.92
      ],
      [
       237.08,
       414.39
      ],
      [
       236.77,
       412.91
      ],
      [
       236.75,
       412.86
      ],
      [
       236.52,
       411.34
      ],
      [
       236.41,
       409.82
      ],
      [
       236.46,
       408.29
      ],
      [
       236.69,
       406.77
      ],
      [
       236.77,
       406.48
      ],
      [
       237.15,
       405.23
      ],
      [
       237.93,
       403.71
      ],
      [
       239.12,
       402.19
      ],
      [
       239.14,
       402.18
      ],
      [
       241.18,
       400.66
      ],
      [
       241.48,
       400.48
      ],
      [
       243.84,
       399.55
      ],
      [
       245.85,
       399.13
      ],
      [
       246.2,
       399.07
      ]
     ]
    ]
   }
  },
  {
   "type": "Feature",
   "properties": {
    "code": "310",
    "h1": 3,
    "h2": 1,
    "h3": 0,
    "macro": "Natural Science",
    "meso": "Material Science",
    "micro": "Flow, Wind & Heat Modeling",
    "label_x": 216.59,
    "label_y": 527.93
   },
   "geometry": {
    "type": "Polygon",
    "coordinates": [
     [
      [
       220.76,
       506.89
      ],
      [
       222.53,
       506.82
      ],
      [
       224.29,
       506.82
      ],
      [
       226.05,
       506.89
      ],
      [
       226.95,
       506.96
      ],
      [
       227.81,
       507.02
      ],
      [
       229.57,
       507.2
      ],
      [
       231.34,
       507.44
      ],
      [
       233.1,
       507.76
      ],
      [
       234.87,
       508.18
      ],
      [
       236.63,
       508.7
      ],
      [
       236.85,
       508.77
      ],
      [
       238.39,
       509.34
      ],
      [
       240.16,
       510.18
      ],
      [
       240.87,
       510.59
      ],
      [
       241.92,
       511.3
      ],
      [
       243.23,
       512.39
      ],
      [
       243.68,
       512.89
      ],
      [
       244.73,
       514.21
      ],
      [
       245.45,
       515.5
      ],
      [
       245.72,
       516.03
      ],
      [
       246.34,
       517.84
      ],
      [
       246.7,
       519.65
      ],
      [
       246.84,
       521.47
      ],
      [
       246.82,
       523.28
      ],
      [
       246.66,
       525.09
      ],
      [
       246.37,
       526.91
      ],
      [
       245.95,
       528.72
      ],
      [
       245.45,
       530.34
      ],
      [
       245.39,
       530.54
      ],
      [
       244.72,
       532.35
      ],
      [
       243.85,
       534.16
      ],
      [
       243.68,
       534.45
      ],
      [
       242.8,
       535.98
      ],
      [
       241.92,
       537.22
      ],
      [
       241.5,
       537.79
      ],
      [
       240.16,
       539.3
      ],
      [
       239.85,
       539.6
      ],
      [
       238.39,
       540.91
      ],
      [
       237.75,
       541.42
      ],
      [
       236.63,
       542.21
      ],
      [
       234.87,
       543.23
      ],
      [
       233.1,
       544.07
      ],
      [
       231.34,
       544.71
      ],
      [
       230.16,
       545.04
      ],
      [
       229.57,
       545.21
      ],
      [
       227.81,
       545.59
      ],
      [
       226.05,
       545.86
      ],
      [
       224.29,
       546.03
      ],
      [
       222.53,
       546.11
      ],
      [
       220.76,
       546.14
      ],
      [
       219.0,
       546.11
      ],
      [
       217.23,
       546.04
      ],
      [
       215.47,
       545.93
      ],
      [
       213.71,
       545.81
      ],
      [
       211.94,
       545.68
      ],
      [
       210.18,
       545.53
      ],
      [
       208.42,
       545.37
      ],
      [
       206.65,
       545.2
      ],
      [
       205.12,
       545.04
      ],
      [
       204.89,
       545.02
      ],
      [
       203.13,
       544.86
      ],
      [
       201.36,
       544.66
      ],
      [
       199.6,
       544.43
      ],
      [
       197.84,
       544.18
      ],
      [
       196.07,
       543.86
      ],
      [
       194.31,
       543.49
      ],
      [
       193.29,
       543.23
      ],
      [
       192.54,
       543.05
      ],
      [
       190.78,
       542.53
      ],
      [
       189.02,
       541.89
      ],
      [
       187.93,
       541.42
      ],
      [
       187.26,
       541.09
      ],
      [
       185.5,
       540.09
      ],
      [
       184.75,
       539.6
      ],
      [
       183.73,
       538.75
      ],
      [
       182.73,
       537.79
      ],
      [
       181.97,
       536.7
      ],
      [
       181.48,
       535.98
      ],
      [
       180.82,
       534.16
      ],
      [
       180.68,
       532.35
      ],
      [
       180.94,
       530.54
      ],
      [
       181.59,
       528.72
      ],
      [
       181.97,
       528.04
      ],
      [
       182.55,
       526.91
      ],
      [
       183.73,
       525.23
      ],
      [
       183.82,
       525.09
      ],
      [
       185.33,
       523.28
      ],
      [
       185.5,
       523.12
      ],
      [
       187.11,
       521.47
      ],
      [
       187.26,
       521.33
      ],
      [
       189.02,
       519.75
      ],
      [
       189.14,
       519.65
      ],
      [
       190.78,
       518.32
      ],
      [
       191.42,
       517.84
      ],
      [
       192.54,
       517.01
      ],
      [
       194.02,
       516.03
      ],
      [
       194.31,
       515.83
      ],
      [
       196.07,
       514.73
      ],
      [
       196.98,
       514.21
      ],
      [
       197.84,
       513.71
      ],
      [
       199.6,
       512.79
      ],
      [
       200.42,
       512.39
      ],
      [
       201.36,
       511.92
      ],
      [
       203.13,
       511.13
      ],
      [
       204.54,
       510.59
      ],
      [
       204.89,
       510.43
      ],
      [
       206.65,
       509.75
      ],
      [
       208.42,
       509.18
      ],
      [
       209.85,
       508.77
      ],
      [
       210.18,
       508.66
      ],
      [
       211.94,
       508.18
      ],
      [
       213.71,
       507.78
      ],
      [
       215.47,
       507.46
      ],
      [
       217.23,
       507.21
      ],
      [
       219.0,
       507.03
      ],
      [
       219.98,
       506.96
      ],
      [
       220.76,
       506.89
      ]
     ]
    ]
   }
  },
  {
   "type": "Feature",
   "properties": {
    "code": "311",
    "h1": 3,
    "h2": 1,
    "h3": 1,
    "macro": "Natural Science",
    "meso": "Material Science",
    "micro": "Material Strength, Damage & Fabrication",
    "label_x": 258.84,
    "label_y": 521.76
   },
   "geometry": {
    "type": "Polygon",
    "coordinates": [
     [
      [
       247.13,
       497.23
      ],
      [
       248.6,
       496.73
      ],
      [
       250.08,
       496.41
      ],
      [
       251.55,
       496.25
      ],
      [
       253.03,
       496.22
      ],
      [
       254.5,
       496.32
      ],
      [
       255.98,
       496.54
      ],
      [
       257.46,
       496.87
      ],
      [
       258.93,
       497.29
      ],
      [
       259.7,
       497.56
      ],
      [
       260.41,
       497.8
      ],
      [
       261.88,
       498.37
      ],
      [
       263.36,
       499.02
      ],
      [
       263.48,
       499.08
      ],
      [
       264.83,
       499.73
      ],
      [
       266.31,
       500.51
      ],
      [
       266.49,
       500.6
      ],
      [
       267.78,
       501.33
      ],
      [
       269.11,
       502.12
      ],
      [
       269.26,
       502.22
      ],
      [
       270.74,
       503.16
      ],
      [
       271.48,
       503.65
      ],
      [
       272.22,
       504.15
      ],
      [
       273.65,
       505.17
      ],
      [
       273.69,
       505.2
      ],
      [
       275.16,
       506.29
      ],
      [
       275.72,
       506.69
      ],
      [
       276.64,
       507.41
      ],
      [
       277.67,
       508.21
      ],
      [
       278.11,
       508.58
      ],
      [
       279.52,
       509.73
      ],
      [
       279.59,
       509.8
      ],
      [
       281.07,
       511.11
      ],
      [
       281.23,
       511.25
      ],
      [
       282.54,
       512.56
      ],
      [
       282.75,
       512.79
      ],
      [
       284.02,
       514.26
      ],
      [
       284.05,
       514.3
      ],
      [
       285.11,
       515.83
      ],
      [
       285.49,
       516.52
      ],
      [
       285.92,
       517.35
      ],
      [
       286.51,
       518.87
      ],
      [
       286.88,
       520.4
      ],
      [
       286.97,
       521.34
      ],
      [
       287.02,
       521.92
      ],
      [
       286.97,
       523.44
      ],
      [
       286.71,
       524.96
      ],
      [
       286.26,
       526.48
      ],
      [
       285.61,
       528.0
      ],
      [
       285.49,
       528.22
      ],
      [
       284.76,
       529.54
      ],
      [
       284.02,
       530.63
      ],
      [
       283.72,
       531.05
      ],
      [
       282.54,
       532.51
      ],
      [
       282.48,
       532.57
      ],
      [
       281.07,
       534.07
      ],
      [
       281.03,
       534.1
      ],
      [
       279.59,
       535.41
      ],
      [
       279.36,
       535.62
      ],
      [
       278.11,
       536.61
      ],
      [
       277.4,
       537.15
      ],
      [
       276.64,
       537.68
      ],
      [
       275.16,
       538.63
      ],
      [
       275.1,
       538.67
      ],
      [
       273.69,
       539.48
      ],
      [
       272.28,
       540.19
      ],
      [
       272.22,
       540.22
      ],
      [
       270.74,
       540.88
      ],
      [
       269.26,
       541.45
      ],
      [
       268.47,
       541.71
      ],
      [
       267.78,
       541.94
      ],
      [
       266.31,
       542.36
      ],
      [
       264.83,
       542.7
      ],
      [
       263.36,
       542.98
      ],
      [
       261.88,
       543.18
      ],
      [
       261.32,
       543.23
      ],
      [
       260.41,
       543.32
      ],
      [
       258.93,
       543.42
      ],
      [
       257.46,
       543.45
      ],
      [
       255.98,
       543.43
      ],
      [
       254.5,
       543.34
      ],
      [
       253.37,
       543.23
      ],
      [
       253.03,
       543.21
      ],
      [
       251.55,
       543.02
      ],
      [
       250.08,
       542.79
      ],
      [
       248.6,
       542.49
      ],
      [
       247.13,
       542.11
      ],
      [
       245.82,
       541.71
      ],
      [
       245.66,
       541.66
      ],
      [
       244.17,
       541.17
      ],
      [
       242.7,
       540.57
      ],
      [
       241.91,
       540.19
      ],
      [
       241.22,
       539.87
      ],
      [
       239.75,
       539.05
      ],
      [
       239.14,
       538.67
      ],
      [
       238.27,
       538.09
      ],
      [
       237.04,
       537.15
      ],
      [
       236.8,
       536.94
      ],
      [
       235.42,
       535.62
      ],
      [
       235.32,
       535.52
      ],
      [
       234.14,
       534.1
      ],
      [
       233.85,
       533.66
      ],
      [
       233.15,
       532.57
      ],
      [
       232.41,
       531.05
      ],
      [
       232.37,
       530.93
      ],
      [
       231.84,
       529.54
      ],
      [
       231.45,
       528.0
      ],
      [
       231.21,
       526.48
      ],
      [
       231.09,
       524.96
      ],
      [
       231.09,
       523.44
      ],
      [
       231.19,
       521.92
      ],
      [
       231.37,
       520.4
      ],
      [
       231.66,
       518.87
      ],
      [
       232.04,
       517.35
      ],
      [
       232.37,
       516.28
      ],
      [
       232.5,
       515.83
      ],
      [
       233.02,
       514.3
      ],
      [
       233.64,
       512.79
      ],
      [
       233.85,
       512.34
      ],
      [
       234.32,
       511.25
      ],
      [
       235.1,
       509.73
      ],
      [
       235.32,
       509.33
      ],
      [
       235.95,
       508.21
      ],
      [
       236.8,
       506.83
      ],
      [
       236.88,
       506.69
      ],
      [
       237.92,
       505.17
      ],
      [
       238.27,
       504.68
      ],
      [
       239.07,
       503.65
      ],
      [
       239.75,
       502.82
      ],
      [
       240.39,
       502.12
      ],
      [
       241.22,
       501.23
      ],
      [
       241.92,
       500.6
      ],
      [
       242.7,
       499.9
      ],
      [
       243.81,
       499.08
      ],
      [
       244.17,
       498.8
      ],
      [
       245.66,
       497.91
      ],
      [
       246.44,
       497.56
      ],
      [
       247.13,
       497.23
      ]
     ]
    ]
   }
  },
  {
   "type": "Feature",
   "properties": {
    "code": "312",
    "h1": 3,
    "h2": 1,
    "h3": 2,
    "macro": "Natural Science",
    "meso": "Material Science",
    "micro": "Polymers, Photonics & Biomaterials",
    "label_x": 167.23,
    "label_y": 578.09
   },
   "geometry": {
    "type": "Polygon",
    "coordinates": [
     [
      [
       183.36,
       528.79
      ],
      [
       185.4,
       528.15
      ],
      [
       187.45,
       527.7
      ],
      [
       189.5,
       527.41
      ],
      [
       191.55,
       527.32
      ],
      [
       193.6,
       527.47
      ],
      [
       195.64,
       527.92
      ],
      [
       197.69,
       528.78
      ],
      [
       198.87,
       529.57
      ],
      [
       199.74,
       530.28
      ],
      [
       201.1,
       531.84
      ],
      [
       201.79,
       532.96
      ],
      [
       202.37,
       534.11
      ],
      [
       203.14,
       536.39
      ],
      [
       203.58,
       538.66
      ],
      [
       203.77,
       540.93
      ],
      [
       203.77,
       543.21
      ],
      [
       203.64,
       545.48
      ],
      [
       203.37,
       547.76
      ],
      [
       202.98,
       550.03
      ],
      [
       202.48,
       552.3
      ],
      [
       201.87,
       554.58
      ],
      [
       201.79,
       554.81
      ],
      [
       201.22,
       556.85
      ],
      [
       200.46,
       559.13
      ],
      [
       199.74,
       561.0
      ],
      [
       199.6,
       561.4
      ],
      [
       198.74,
       563.68
      ],
      [
       197.74,
       565.95
      ],
      [
       197.69,
       566.04
      ],
      [
       196.76,
       568.22
      ],
      [
       195.64,
       570.46
      ],
      [
       195.63,
       570.5
      ],
      [
       194.54,
       572.77
      ],
      [
       193.6,
       574.5
      ],
      [
       193.33,
       575.05
      ],
      [
       192.09,
       577.32
      ],
      [
       191.55,
       578.25
      ],
      [
       190.81,
       579.59
      ],
      [
       189.5,
       581.76
      ],
      [
       189.44,
       581.87
      ],
      [
       188.09,
       584.14
      ],
      [
       187.45,
       585.11
      ],
      [
       186.66,
       586.42
      ],
      [
       185.4,
       588.29
      ],
      [
       185.16,
       588.69
      ],
      [
       183.63,
       590.96
      ],
      [
       183.36,
       591.35
      ],
      [
       182.08,
       593.24
      ],
      [
       181.31,
       594.3
      ],
      [
       180.47,
       595.51
      ],
      [
       179.26,
       597.13
      ],
      [
       178.78,
       597.79
      ],
      [
       177.22,
       599.84
      ],
      [
       177.05,
       600.06
      ],
      [
       175.27,
       602.34
      ],
      [
       175.17,
       602.47
      ],
      [
       173.46,
       604.61
      ],
      [
       173.12,
       605.01
      ],
      [
       171.57,
       606.88
      ],
      [
       171.08,
       607.46
      ],
      [
       169.61,
       609.16
      ],
      [
       169.03,
       609.82
      ],
      [
       167.57,
       611.43
      ],
      [
       166.98,
       612.07
      ],
      [
       165.43,
       613.71
      ],
      [
       164.93,
       614.24
      ],
      [
       163.2,
       615.98
      ],
      [
       162.88,
       616.3
      ],
      [
       160.83,
       618.25
      ],
      [
       158.79,
       620.14
      ],
      [
       158.32,
       620.53
      ],
      [
       156.74,
       621.91
      ],
      [
       155.6,
       622.8
      ],
      [
       154.69,
       623.55
      ],
      [
       152.64,
       625.04
      ],
      [
       152.59,
       625.07
      ],
      [
       150.59,
       626.44
      ],
      [
       149.04,
       627.35
      ],
      [
       148.56,
       627.66
      ],
      [
       146.5,
       628.73
      ],
      [
       144.45,
       629.58
      ],
      [
       144.3,
       629.62
      ],
      [
       142.41,
       630.23
      ],
      [
       140.35,
       630.59
      ],
      [
       138.31,
       630.59
      ],
      [
       136.26,
       630.1
      ],
      [
       135.38,
       629.62
      ],
      [
       134.22,
       628.86
      ],
      [
       132.88,
       627.35
      ],
      [
       132.17,
       626.21
      ],
      [
       131.64,
       625.07
      ],
      [
       130.92,
       622.8
      ],
      [
       130.49,
       620.53
      ],
      [
       130.28,
       618.25
      ],
      [
       130.23,
       615.98
      ],
      [
       130.31,
       613.71
      ],
      [
       130.49,
       611.43
      ],
      [
       130.76,
       609.16
      ],
      [
       131.11,
       606.88
      ],
      [
       131.55,
       604.61
      ],
      [
       132.07,
       602.34
      ],
      [
       132.17,
       601.97
      ],
      [
       132.62,
       600.06
      ],
      [
       133.22,
       597.79
      ],
      [
       133.91,
       595.51
      ],
      [
       134.22,
       594.63
      ],
      [
       134.64,
       593.24
      ],
      [
       135.41,
       590.96
      ],
      [
       136.26,
       588.71
      ],
      [
       136.26,
       588.69
      ],
      [
       137.1,
       586.42
      ],
      [
       138.03,
       584.14
      ],
      [
       138.31,
       583.53
      ],
      [
       138.98,
       581.87
      ],
      [
       140.01,
       579.59
      ],
      [
       140.35,
       578.86
      ],
      [
       141.04,
       577.32
      ],
      [
       142.16,
       575.05
      ],
      [
       142.41,
       574.57
      ],
      [
       143.27,
       572.77
      ],
      [
       144.45,
       570.59
      ],
      [
       144.5,
       570.5
      ],
      [
       145.69,
       568.22
      ],
      [
       146.5,
       566.82
      ],
      [
       146.98,
       565.95
      ],
      [
       148.33,
       563.68
      ],
      [
       148.56,
       563.3
      ],
      [
       149.68,
       561.4
      ],
      [
       150.59,
       559.96
      ],
      [
       151.12,
       559.13
      ],
      [
       152.64,
       556.85
      ],
      [
       152.64,
       556.84
      ],
      [
       154.16,
       554.58
      ],
      [
       154.69,
       553.82
      ],
      [
       155.77,
       552.3
      ],
      [
       156.74,
       550.99
      ],
      [
       157.47,
       550.03
      ],
      [
       158.79,
       548.35
      ],
      [
       159.27,
       547.76
      ],
      [
       160.83,
       545.86
      ],
      [
       161.16,
       545.48
      ],
      [
       162.88,
       543.52
      ],
      [
       163.18,
       543.21
      ],
      [
       164.93,
       541.34
      ],
      [
       165.34,
       540.93
      ],
      [
       166.98,
       539.3
      ],
      [
       167.7,
       538.66
      ],
      [
       169.03,
       537.44
      ],
      [
       170.33,
       536.39
      ],
      [
       171.08,
       535.76
      ],
      [
       173.12,
       534.25
      ],
      [
       173.33,
       534.11
      ],
      [
       175.17,
       532.82
      ],
      [
       176.87,
       531.84
      ],
      [
       177.22,
       531.62
      ],
      [
       179.26,
       530.5
      ],
      [
       181.31,
       529.61
      ],
      [
       181.43,
       529.57
      ],
      [
       183.36,
       528.79
      ]
     ]
    ]
   }
  },
  {
   "type": "Feature",
   "properties": {
    "code": "320",
    "h1": 3,
    "h2": 2,
    "h3": 0,
    "macro": "Natural Science",
    "meso": "Energy & Thermodynamics",
    "micro": "Petroleum Mapping & Extraction",
    "label_x": 259.65,
    "label_y": 479.39
   },
   "geometry": {
    "type": "Polygon",
    "coordinates": [
     [
      [
       248.35,
       457.06
      ],
      [
       250.97,
       456.66
      ],
      [
       253.6,
       456.48
      ],
      [
       256.23,
       456.48
      ],
      [
       258.86,
       456.68
      ],
      [
       261.48,
       457.07
      ],
      [
       263.31,
       457.51
      ],
      [
       264.11,
       457.7
      ],
      [
       266.73,
       458.59
      ],
      [
       267.76,
       459.05
      ],
      [
       269.37,
       459.83
      ],
      [
       270.63,
       460.59
      ],
      [
       271.99,
       461.51
      ],
      [
       272.8,
       462.13
      ],
      [
       274.51,
       463.68
      ],
      [
       274.62,
       463.79
      ],
      [
       275.96,
       465.22
      ],
      [
       277.13,
       466.77
      ],
      [
       277.24,
       466.95
      ],
      [
       278.15,
       468.3
      ],
      [
       278.98,
       469.85
      ],
      [
       279.63,
       471.39
      ],
      [
       279.88,
       472.12
      ],
      [
       280.16,
       472.94
      ],
      [
       280.57,
       474.48
      ],
      [
       280.81,
       476.02
      ],
      [
       280.94,
       477.56
      ],
      [
       280.95,
       479.11
      ],
      [
       280.87,
       480.65
      ],
      [
       280.72,
       482.2
      ],
      [
       280.53,
       483.73
      ],
      [
       280.32,
       485.28
      ],
      [
       280.1,
       486.82
      ],
      [
       279.88,
       488.3
      ],
      [
       279.87,
       488.37
      ],
      [
       279.64,
       489.9
      ],
      [
       279.37,
       491.45
      ],
      [
       279.02,
       492.99
      ],
      [
       278.57,
       494.54
      ],
      [
       277.96,
       496.08
      ],
      [
       277.24,
       497.44
      ],
      [
       277.14,
       497.62
      ],
      [
       275.99,
       499.16
      ],
      [
       274.62,
       500.53
      ],
      [
       274.36,
       500.71
      ],
      [
       271.99,
       502.07
      ],
      [
       271.41,
       502.25
      ],
      [
       269.37,
       502.81
      ],
      [
       266.73,
       502.97
      ],
      [
       264.11,
       502.71
      ],
      [
       262.18,
       502.25
      ],
      [
       261.48,
       502.11
      ],
      [
       258.86,
       501.23
      ],
      [
       257.68,
       500.71
      ],
      [
       256.23,
       500.09
      ],
      [
       254.45,
       499.16
      ],
      [
       253.6,
       498.74
      ],
      [
       251.75,
       497.62
      ],
      [
       250.97,
       497.15
      ],
      [
       249.38,
       496.08
      ],
      [
       248.35,
       495.35
      ],
      [
       247.26,
       494.54
      ],
      [
       245.72,
       493.28
      ],
      [
       245.37,
       492.99
      ],
      [
       243.67,
       491.45
      ],
      [
       243.09,
       490.87
      ],
      [
       242.12,
       489.9
      ],
      [
       240.79,
       488.37
      ],
      [
       240.47,
       487.94
      ],
      [
       239.57,
       486.82
      ],
      [
       238.54,
       485.28
      ],
      [
       237.84,
       484.03
      ],
      [
       237.66,
       483.73
      ],
      [
       236.86,
       482.2
      ],
      [
       236.21,
       480.65
      ],
      [
       235.7,
       479.11
      ],
      [
       235.31,
       477.56
      ],
      [
       235.22,
       477.07
      ],
      [
       234.98,
       476.02
      ],
      [
       234.77,
       474.48
      ],
      [
       234.69,
       472.94
      ],
      [
       234.73,
       471.39
      ],
      [
       234.9,
       469.85
      ],
      [
       235.22,
       468.3
      ],
      [
       235.66,
       466.77
      ],
      [
       236.29,
       465.22
      ],
      [
       237.18,
       463.68
      ],
      [
       237.84,
       462.79
      ],
      [
       238.38,
       462.13
      ],
      [
       240.03,
       460.59
      ],
      [
       240.47,
       460.25
      ],
      [
       242.45,
       459.05
      ],
      [
       243.09,
       458.71
      ],
      [
       245.72,
       457.72
      ],
      [
       246.55,
       457.51
      ],
      [
       248.35,
       457.06
      ]
     ]
    ]
   }
  },
  {
   "type": "Feature",
   "properties": {
    "code": "321",
    "h1": 3,
    "h2": 2,
    "h3": 1,
    "macro": "Natural Science",
    "meso": "Energy & Thermodynamics",
    "micro": "Environmental Engineering",
    "label_x": 165.75,
    "label_y": 445.52
   },
   "geometry": {
    "type": "Polygon",
    "coordinates": [
     [
      [
       149.26,
       422.24
      ],
      [
       151.03,
       421.83
      ],
      [
       152.81,
       421.53
      ],
      [
       154.57,
       421.32
      ],
      [
       156.34,
       421.21
      ],
      [
       158.11,
       421.19
      ],
      [
       159.88,
       421.26
      ],
      [
       161.65,
       421.42
      ],
      [
       163.43,
       421.68
      ],
      [
       165.2,
       422.03
      ],
      [
       166.97,
       422.5
      ],
      [
       167.68,
       422.74
      ],
      [
       168.74,
       423.05
      ],
      [
       170.51,
       423.67
      ],
      [
       172.28,
       424.44
      ],
      [
       172.61,
       424.6
      ],
      [
       174.05,
       425.25
      ],
      [
       175.82,
       426.2
      ],
      [
       176.26,
       426.46
      ],
      [
       177.6,
       427.22
      ],
      [
       179.26,
       428.32
      ],
      [
       179.37,
       428.39
      ],
      [
       181.14,
       429.63
      ],
      [
       181.85,
       430.19
      ],
      [
       182.91,
       431.02
      ],
      [
       184.12,
       432.04
      ],
      [
       184.68,
       432.55
      ],
      [
       186.11,
       433.91
      ],
      [
       186.45,
       434.25
      ],
      [
       187.89,
       435.77
      ],
      [
       188.22,
       436.16
      ],
      [
       189.47,
       437.63
      ],
      [
       189.98,
       438.34
      ],
      [
       190.86,
       439.49
      ],
      [
       191.76,
       440.92
      ],
      [
       192.05,
       441.36
      ],
      [
       193.09,
       443.21
      ],
      [
       193.53,
       444.23
      ],
      [
       193.94,
       445.07
      ],
      [
       194.63,
       446.94
      ],
      [
       195.12,
       448.8
      ],
      [
       195.3,
       449.92
      ],
      [
       195.44,
       450.66
      ],
      [
       195.59,
       452.52
      ],
      [
       195.52,
       454.38
      ],
      [
       195.3,
       455.89
      ],
      [
       195.25,
       456.24
      ],
      [
       194.77,
       458.11
      ],
      [
       193.99,
       459.97
      ],
      [
       193.53,
       460.77
      ],
      [
       192.86,
       461.83
      ],
      [
       191.76,
       463.18
      ],
      [
       191.25,
       463.69
      ],
      [
       189.98,
       464.79
      ],
      [
       188.83,
       465.55
      ],
      [
       188.22,
       465.93
      ],
      [
       186.45,
       466.77
      ],
      [
       184.68,
       467.34
      ],
      [
       184.36,
       467.41
      ],
      [
       182.91,
       467.79
      ],
      [
       181.14,
       468.09
      ],
      [
       179.37,
       468.27
      ],
      [
       177.6,
       468.35
      ],
      [
       175.82,
       468.34
      ],
      [
       174.05,
       468.26
      ],
      [
       172.28,
       468.09
      ],
      [
       170.51,
       467.85
      ],
      [
       168.74,
       467.51
      ],
      [
       168.32,
       467.41
      ],
      [
       166.97,
       467.16
      ],
      [
       165.2,
       466.74
      ],
      [
       163.43,
       466.24
      ],
      [
       161.65,
       465.62
      ],
      [
       161.5,
       465.55
      ],
      [
       159.88,
       465.01
      ],
      [
       158.11,
       464.31
      ],
      [
       156.81,
       463.69
      ],
      [
       156.34,
       463.51
      ],
      [
       154.57,
       462.69
      ],
      [
       153.0,
       461.83
      ],
      [
       152.81,
       461.74
      ],
      [
       151.03,
       460.79
      ],
      [
       149.75,
       459.97
      ],
      [
       149.26,
       459.69
      ],
      [
       147.49,
       458.53
      ],
      [
       146.91,
       458.11
      ],
      [
       145.72,
       457.27
      ],
      [
       144.41,
       456.24
      ],
      [
       143.95,
       455.88
      ],
      [
       142.23,
       454.38
      ],
      [
       142.18,
       454.33
      ],
      [
       140.41,
       452.62
      ],
      [
       140.3,
       452.52
      ],
      [
       138.64,
       450.67
      ],
      [
       138.62,
       450.66
      ],
      [
       137.17,
       448.8
      ],
      [
       136.87,
       448.34
      ],
      [
       135.93,
       446.94
      ],
      [
       135.1,
       445.33
      ],
      [
       134.96,
       445.07
      ],
      [
       134.16,
       443.21
      ],
      [
       133.63,
       441.36
      ],
      [
       133.32,
       439.49
      ],
      [
       133.25,
       437.63
      ],
      [
       133.32,
       436.88
      ],
      [
       133.43,
       435.77
      ],
      [
       133.9,
       433.91
      ],
      [
       134.71,
       432.04
      ],
      [
       135.1,
       431.41
      ],
      [
       135.89,
       430.19
      ],
      [
       136.87,
       429.05
      ],
      [
       137.56,
       428.32
      ],
      [
       138.64,
       427.36
      ],
      [
       139.84,
       426.46
      ],
      [
       140.41,
       426.06
      ],
      [
       142.18,
       425.0
      ],
      [
       142.97,
       424.6
      ],
      [
       143.95,
       424.1
      ],
      [
       145.72,
       423.36
      ],
      [
       147.49,
       422.78
      ],
      [
       147.64,
       422.74
      ],
      [
       149.26,
       422.24
      ]
     ]
    ]
   }
  },
  {
   "type": "Feature",
   "properties": {
    "code": "330",
    "h1": 3,
    "h2": 3,
    "h3": 0,
    "macro": "Natural Science",
    "meso": "Agriculture & Forestry",
    "micro": "Forest Ecosystems",
    "label_x": 257.12,
    "label_y": 357.61
   },
   "geometry": {
    "type": "Polygon",
    "coordinates": [
     [
      [
       246.52,
       335.9
      ],
      [
       250.07,
       335.83
      ],
      [
       253.62,
       336.17
      ],
      [
       254.87,
       336.42
      ],
      [
       257.18,
       336.86
      ],
      [
       260.74,
       337.98
      ],
      [
       261.95,
       338.54
      ],
      [
       264.3,
       339.62
      ],
      [
       265.97,
       340.65
      ],
      [
       267.85,
       341.89
      ],
      [
       268.98,
       342.77
      ],
      [
       271.41,
       344.86
      ],
      [
       271.44,
       344.89
      ],
      [
       273.66,
       347.0
      ],
      [
       274.97,
       348.45
      ],
      [
       275.57,
       349.12
      ],
      [
       277.31,
       351.24
      ],
      [
       278.52,
       352.97
      ],
      [
       278.82,
       353.35
      ],
      [
       280.24,
       355.47
      ],
      [
       281.38,
       357.59
      ],
      [
       282.09,
       359.2
      ],
      [
       282.34,
       359.7
      ],
      [
       283.15,
       361.82
      ],
      [
       283.68,
       363.94
      ],
      [
       283.91,
       366.05
      ],
      [
       283.8,
       368.17
      ],
      [
       283.26,
       370.28
      ],
      [
       282.1,
       372.4
      ],
      [
       282.09,
       372.42
      ],
      [
       279.66,
       374.52
      ],
      [
       278.52,
       375.18
      ],
      [
       274.97,
       376.26
      ],
      [
       271.45,
       376.63
      ],
      [
       271.41,
       376.64
      ],
      [
       267.85,
       376.63
      ],
      [
       264.3,
       376.41
      ],
      [
       260.74,
       376.04
      ],
      [
       257.18,
       375.51
      ],
      [
       253.62,
       374.8
      ],
      [
       252.56,
       374.52
      ],
      [
       250.07,
       373.89
      ],
      [
       246.52,
       372.64
      ],
      [
       245.95,
       372.4
      ],
      [
       242.95,
       371.02
      ],
      [
       241.68,
       370.28
      ],
      [
       239.4,
       368.84
      ],
      [
       238.51,
       368.17
      ],
      [
       236.06,
       366.05
      ],
      [
       235.84,
       365.83
      ],
      [
       234.1,
       363.94
      ],
      [
       232.59,
       361.82
      ],
      [
       232.28,
       361.27
      ],
      [
       231.39,
       359.7
      ],
      [
       230.48,
       357.59
      ],
      [
       229.87,
       355.47
      ],
      [
       229.51,
       353.35
      ],
      [
       229.43,
       351.24
      ],
      [
       229.62,
       349.12
      ],
      [
       230.15,
       347.0
      ],
      [
       231.06,
       344.89
      ],
      [
       232.28,
       343.02
      ],
      [
       232.45,
       342.77
      ],
      [
       234.4,
       340.65
      ],
      [
       235.84,
       339.49
      ],
      [
       237.37,
       338.54
      ],
      [
       239.4,
       337.51
      ],
      [
       242.95,
       336.43
      ],
      [
       242.99,
       336.42
      ],
      [
       246.52,
       335.9
      ]
     ]
    ]
   }
  },
  {
   "type": "Feature",
   "properties": {
    "code": "331",
    "h1": 3,
    "h2": 3,
    "h3": 1,
    "macro": "Natural Science",
    "meso": "Agriculture & Forestry",
    "micro": "Soil & Microbiome Monitoring",
    "label_x": 216.51,
    "label_y": 361.01
   },
   "geometry": {
    "type": "Polygon",
    "coordinates": [
     [
      [
       190.12,
       334.67
      ],
      [
       191.97,
       334.49
      ],
      [
       193.82,
       334.62
      ],
      [
       195.66,
       334.99
      ],
      [
       196.8,
       335.33
      ],
      [
       197.51,
       335.55
      ],
      [
       199.35,
       336.25
      ],
      [
       201.2,
       337.04
      ],
      [
       203.05,
       337.91
      ],
      [
       204.87,
       338.87
      ],
      [
       204.89,
       338.88
      ],
      [
       206.74,
       339.85
      ],
      [
       208.59,
       340.82
      ],
      [
       210.43,
       341.82
      ],
      [
       211.55,
       342.41
      ],
      [
       212.28,
       342.77
      ],
      [
       214.13,
       343.58
      ],
      [
       215.98,
       344.35
      ],
      [
       217.82,
       345.07
      ],
      [
       219.66,
       345.76
      ],
      [
       220.25,
       345.96
      ],
      [
       221.51,
       346.34
      ],
      [
       223.35,
       346.88
      ],
      [
       225.2,
       347.46
      ],
      [
       227.05,
       348.12
      ],
      [
       228.9,
       348.89
      ],
      [
       230.18,
       349.51
      ],
      [
       230.75,
       349.76
      ],
      [
       232.59,
       350.7
      ],
      [
       234.43,
       351.82
      ],
      [
       236.14,
       353.05
      ],
      [
       236.28,
       353.16
      ],
      [
       238.12,
       354.78
      ],
      [
       239.84,
       356.59
      ],
      [
       239.97,
       356.8
      ],
      [
       241.82,
       359.93
      ],
      [
       241.94,
       360.14
      ],
      [
       242.79,
       363.68
      ],
      [
       242.64,
       367.23
      ],
      [
       241.82,
       370.12
      ],
      [
       241.65,
       370.77
      ],
      [
       239.97,
       374.2
      ],
      [
       239.91,
       374.31
      ],
      [
       238.12,
       376.78
      ],
      [
       237.24,
       377.86
      ],
      [
       236.28,
       378.82
      ],
      [
       234.43,
       380.41
      ],
      [
       233.03,
       381.41
      ],
      [
       232.59,
       381.7
      ],
      [
       230.75,
       382.76
      ],
      [
       228.9,
       383.57
      ],
      [
       227.05,
       384.17
      ],
      [
       225.2,
       384.56
      ],
      [
       223.35,
       384.75
      ],
      [
       221.51,
       384.75
      ],
      [
       219.66,
       384.57
      ],
      [
       217.82,
       384.16
      ],
      [
       215.98,
       383.52
      ],
      [
       214.13,
       382.6
      ],
      [
       212.38,
       381.41
      ],
      [
       212.28,
       381.35
      ],
      [
       210.43,
       379.96
      ],
      [
       208.59,
       378.16
      ],
      [
       208.32,
       377.86
      ],
      [
       206.74,
       376.11
      ],
      [
       205.37,
       374.31
      ],
      [
       204.89,
       373.67
      ],
      [
       203.05,
       370.91
      ],
      [
       202.96,
       370.77
      ],
      [
       201.2,
       367.92
      ],
      [
       200.78,
       367.23
      ],
      [
       199.35,
       364.76
      ],
      [
       198.72,
       363.68
      ],
      [
       197.51,
       361.59
      ],
      [
       196.62,
       360.14
      ],
      [
       195.66,
       358.5
      ],
      [
       194.45,
       356.59
      ],
      [
       193.82,
       355.52
      ],
      [
       192.21,
       353.05
      ],
      [
       191.97,
       352.61
      ],
      [
       190.12,
       349.61
      ],
      [
       190.05,
       349.51
      ],
      [
       188.27,
       346.11
      ],
      [
       188.19,
       345.96
      ],
      [
       186.88,
       342.41
      ],
      [
       186.43,
       338.87
      ],
      [
       188.27,
       335.34
      ],
      [
       188.28,
       335.33
      ],
      [
       190.12,
       334.67
      ]
     ]
    ]
   }
  },
  {
   "type": "Feature",
   "properties": {
    "code": "332",
    "h1": 3,
    "h2": 3,
    "h3": 2,
    "macro": "Natural Science",
    "meso": "Agriculture & Forestry",
    "micro": "Crop Disease & Species Classifier",
    "label_x": 165.69,
    "label_y": 263.79
   },
   "geometry": {
    "type": "Polygon",
    "coordinates": [
     [
      [
       145.72,
       236.94
      ],
      [
       147.44,
       236.61
      ],
      [
       149.16,
       236.54
      ],
      [
       150.89,
       236.65
      ],
      [
       152.61,
       236.94
      ],
      [
       153.14,
       237.08
      ],
      [
       154.34,
       237.34
      ],
      [
       156.06,
       237.84
      ],
      [
       157.78,
       238.48
      ],
      [
       159.5,
       239.27
      ],
      [
       159.68,
       239.37
      ],
      [
       161.23,
       240.08
      ],
      [
       162.95,
       241.03
      ],
      [
       163.93,
       241.66
      ],
      [
       164.67,
       242.09
      ],
      [
       166.39,
       243.2
      ],
      [
       167.4,
       243.95
      ],
      [
       168.12,
       244.45
      ],
      [
       169.84,
       245.79
      ],
      [
       170.38,
       246.25
      ],
      [
       171.57,
       247.2
      ],
      [
       173.02,
       248.54
      ],
      [
       173.29,
       248.77
      ],
      [
       175.01,
       250.42
      ],
      [
       175.41,
       250.82
      ],
      [
       176.74,
       252.18
      ],
      [
       177.59,
       253.11
      ],
      [
       178.47,
       254.11
      ],
      [
       179.55,
       255.4
      ],
      [
       180.19,
       256.2
      ],
      [
       181.34,
       257.69
      ],
      [
       181.91,
       258.48
      ],
      [
       182.98,
       259.98
      ],
      [
       183.63,
       261.02
      ],
      [
       184.46,
       262.27
      ],
      [
       185.35,
       263.87
      ],
      [
       185.77,
       264.57
      ],
      [
       186.92,
       266.86
      ],
      [
       187.08,
       267.25
      ],
      [
       187.94,
       269.15
      ],
      [
       188.75,
       271.44
      ],
      [
       188.8,
       271.66
      ],
      [
       189.42,
       273.73
      ],
      [
       189.86,
       276.02
      ],
      [
       190.05,
       278.3
      ],
      [
       189.97,
       280.6
      ],
      [
       189.51,
       282.89
      ],
      [
       188.8,
       284.6
      ],
      [
       188.51,
       285.18
      ],
      [
       187.08,
       286.98
      ],
      [
       186.52,
       287.47
      ],
      [
       185.35,
       288.3
      ],
      [
       183.63,
       289.09
      ],
      [
       181.91,
       289.52
      ],
      [
       180.19,
       289.7
      ],
      [
       178.47,
       289.67
      ],
      [
       176.74,
       289.48
      ],
      [
       175.01,
       289.13
      ],
      [
       173.29,
       288.62
      ],
      [
       171.57,
       287.94
      ],
      [
       170.64,
       287.47
      ],
      [
       169.84,
       287.13
      ],
      [
       168.12,
       286.25
      ],
      [
       166.47,
       285.18
      ],
      [
       166.39,
       285.14
      ],
      [
       164.67,
       284.05
      ],
      [
       163.18,
       282.89
      ],
      [
       162.95,
       282.74
      ],
      [
       161.23,
       281.41
      ],
      [
       160.32,
       280.6
      ],
      [
       159.5,
       279.94
      ],
      [
       157.78,
       278.3
      ],
      [
       156.06,
       276.69
      ],
      [
       155.42,
       276.02
      ],
      [
       154.34,
       274.91
      ],
      [
       153.26,
       273.73
      ],
      [
       152.61,
       273.01
      ],
      [
       151.27,
       271.44
      ],
      [
       150.89,
       270.98
      ],
      [
       149.42,
       269.15
      ],
      [
       149.16,
       268.8
      ],
      [
       147.72,
       266.86
      ],
      [
       147.44,
       266.46
      ],
      [
       146.13,
       264.57
      ],
      [
       145.72,
       263.9
      ],
      [
       144.69,
       262.27
      ],
      [
       144.0,
       261.02
      ],
      [
       143.39,
       259.98
      ],
      [
       142.28,
       257.69
      ],
      [
       142.27,
       257.67
      ],
      [
       141.26,
       255.4
      ],
      [
       140.55,
       253.32
      ],
      [
       140.47,
       253.11
      ],
      [
       139.81,
       250.82
      ],
      [
       139.41,
       248.54
      ],
      [
       139.27,
       246.25
      ],
      [
       139.46,
       243.95
      ],
      [
       140.12,
       241.66
      ],
      [
       140.55,
       240.87
      ],
      [
       141.58,
       239.37
      ],
      [
       142.27,
       238.71
      ],
      [
       144.0,
       237.57
      ],
      [
       145.3,
       237.08
      ],
      [
       145.72,
       236.94
      ]
     ]
    ]
   }
  },
  {
   "type": "Feature",
   "properties": {
    "code": "333",
    "h1": 3,
    "h2": 3,
    "h3": 3,
    "macro": "Natural Science",
    "meso": "Agriculture & Forestry",
    "micro": "Livestock & Veterinary Science",
    "label_x": 169.68,
    "label_y": 349.29
   },
   "geometry": {
    "type": "Polygon",
    "coordinates": [
     [
      [
       183.32,
       314.9
      ],
      [
       185.24,
       314.64
      ],
      [
       187.16,
       314.53
      ],
      [
       189.07,
       314.61
      ],
      [
       190.99,
       314.9
      ],
      [
       191.4,
       315.01
      ],
      [
       192.91,
       315.51
      ],
      [
       194.82,
       316.55
      ],
      [
       194.99,
       316.68
      ],
      [
       196.58,
       318.36
      ],
      [
       196.74,
       318.62
      ],
      [
       197.43,
       320.02
      ],
      [
       197.84,
       321.69
      ],
      [
       197.93,
       323.36
      ],
      [
       197.77,
       325.04
      ],
      [
       197.39,
       326.71
      ],
      [
       196.84,
       328.37
      ],
      [
       196.74,
       328.59
      ],
      [
       196.13,
       330.05
      ],
      [
       195.29,
       331.72
      ],
      [
       194.82,
       332.52
      ],
      [
       194.33,
       333.39
      ],
      [
       193.28,
       335.06
      ],
      [
       192.91,
       335.61
      ],
      [
       192.16,
       336.73
      ],
      [
       190.99,
       338.4
      ],
      [
       189.84,
       340.07
      ],
      [
       189.07,
       341.17
      ],
      [
       188.69,
       341.74
      ],
      [
       187.6,
       343.42
      ],
      [
       187.16,
       344.14
      ],
      [
       186.6,
       345.09
      ],
      [
       185.71,
       346.75
      ],
      [
       185.24,
       347.76
      ],
      [
       184.94,
       348.42
      ],
      [
       184.29,
       350.1
      ],
      [
       183.74,
       351.77
      ],
      [
       183.32,
       353.2
      ],
      [
       183.26,
       353.44
      ],
      [
       182.83,
       355.11
      ],
      [
       182.4,
       356.78
      ],
      [
       181.94,
       358.45
      ],
      [
       181.43,
       360.12
      ],
      [
       181.41,
       360.19
      ],
      [
       180.87,
       361.8
      ],
      [
       180.22,
       363.46
      ],
      [
       179.49,
       365.04
      ],
      [
       179.45,
       365.13
      ],
      [
       178.59,
       366.8
      ],
      [
       177.59,
       368.48
      ],
      [
       177.57,
       368.48
      ],
      [
       176.46,
       370.14
      ],
      [
       175.66,
       371.18
      ],
      [
       175.16,
       371.82
      ],
      [
       173.75,
       373.41
      ],
      [
       173.67,
       373.48
      ],
      [
       171.95,
       375.16
      ],
      [
       171.83,
       375.28
      ],
      [
       169.96,
       376.83
      ],
      [
       169.91,
       376.87
      ],
      [
       168.0,
       378.23
      ],
      [
       167.57,
       378.5
      ],
      [
       166.08,
       379.41
      ],
      [
       164.59,
       380.17
      ],
      [
       164.16,
       380.38
      ],
      [
       162.24,
       381.21
      ],
      [
       160.41,
       381.84
      ],
      [
       160.33,
       381.87
      ],
      [
       158.41,
       382.39
      ],
      [
       156.49,
       382.73
      ],
      [
       154.58,
       382.93
      ],
      [
       152.67,
       382.95
      ],
      [
       150.75,
       382.77
      ],
      [
       148.83,
       382.37
      ],
      [
       147.36,
       381.84
      ],
      [
       146.91,
       381.66
      ],
      [
       145.0,
       380.52
      ],
      [
       144.57,
       380.17
      ],
      [
       143.08,
       378.58
      ],
      [
       143.02,
       378.5
      ],
      [
       142.11,
       376.83
      ],
      [
       141.58,
       375.16
      ],
      [
       141.36,
       373.48
      ],
      [
       141.38,
       371.82
      ],
      [
       141.58,
       370.14
      ],
      [
       141.96,
       368.48
      ],
      [
       142.48,
       366.8
      ],
      [
       143.08,
       365.25
      ],
      [
       143.13,
       365.13
      ],
      [
       143.85,
       363.46
      ],
      [
       144.67,
       361.8
      ],
      [
       145.0,
       361.18
      ],
      [
       145.55,
       360.12
      ],
      [
       146.45,
       358.45
      ],
      [
       146.91,
       357.61
      ],
      [
       147.37,
       356.78
      ],
      [
       148.25,
       355.11
      ],
      [
       148.83,
       353.94
      ],
      [
       149.09,
       353.44
      ],
      [
       149.85,
       351.77
      ],
      [
       150.53,
       350.1
      ],
      [
       150.75,
       349.49
      ],
      [
       151.13,
       348.42
      ],
      [
       151.66,
       346.75
      ],
      [
       152.14,
       345.09
      ],
      [
       152.6,
       343.42
      ],
      [
       152.67,
       343.21
      ],
      [
       153.09,
       341.74
      ],
      [
       153.61,
       340.07
      ],
      [
       154.21,
       338.4
      ],
      [
       154.58,
       337.53
      ],
      [
       154.91,
       336.73
      ],
      [
       155.7,
       335.06
      ],
      [
       156.49,
       333.64
      ],
      [
       156.63,
       333.39
      ],
      [
       157.68,
       331.72
      ],
      [
       158.41,
       330.69
      ],
      [
       158.88,
       330.05
      ],
      [
       160.23,
       328.37
      ],
      [
       160.33,
       328.27
      ],
      [
       161.75,
       326.71
      ],
      [
       162.24,
       326.21
      ],
      [
       163.47,
       325.04
      ],
      [
       164.16,
       324.42
      ],
      [
       165.41,
       323.36
      ],
      [
       166.08,
       322.83
      ],
      [
       167.61,
       321.69
      ],
      [
       168.0,
       321.42
      ],
      [
       169.91,
       320.17
      ],
      [
       170.16,
       320.02
      ],
      [
       171.83,
       319.05
      ],
      [
       173.19,
       318.36
      ],
      [
       173.75,
       318.06
      ],
      [
       175.66,
       317.19
      ],
      [
       176.98,
       316.68
      ],
      [
       177.57,
       316.45
      ],
      [
       179.49,
       315.8
      ],
      [
       181.41,
       315.29
      ],
      [
       182.8,
       315.01
      ],
      [
       183.32,
       314.9
      ]
     ]
    ]
   }
  },
  {
   "type": "Feature",
   "properties": {
    "code": "334",
    "h1": 3,
    "h2": 3,
    "h3": 4,
    "macro": "Natural Science",
    "meso": "Agriculture & Forestry",
    "micro": "Digital Agriculture & Yield Optimization",
    "label_x": 201.77,
    "label_y": 320.13
   },
   "geometry": {
    "type": "Polygon",
    "coordinates": [
     [
      [
       181.24,
       292.57
      ],
      [
       183.14,
       292.1
      ],
      [
       185.04,
       292.04
      ],
      [
       186.94,
       292.31
      ],
      [
       188.84,
       292.82
      ],
      [
       190.47,
       293.45
      ],
      [
       190.73,
       293.55
      ],
      [
       192.64,
       294.42
      ],
      [
       194.53,
       295.45
      ],
      [
       194.72,
       295.56
      ],
      [
       196.43,
       296.58
      ],
      [
       198.08,
       297.67
      ],
      [
       198.34,
       297.83
      ],
      [
       200.23,
       299.16
      ],
      [
       201.04,
       299.78
      ],
      [
       202.13,
       300.58
      ],
      [
       203.77,
       301.89
      ],
      [
       204.02,
       302.09
      ],
      [
       205.93,
       303.67
      ],
      [
       206.3,
       304.0
      ],
      [
       207.83,
       305.32
      ],
      [
       208.69,
       306.12
      ],
      [
       209.72,
       307.06
      ],
      [
       210.93,
       308.23
      ],
      [
       211.62,
       308.89
      ],
      [
       213.05,
       310.34
      ],
      [
       213.52,
       310.82
      ],
      [
       215.05,
       312.45
      ],
      [
       215.42,
       312.86
      ],
      [
       216.93,
       314.56
      ],
      [
       217.32,
       315.02
      ],
      [
       218.68,
       316.67
      ],
      [
       219.21,
       317.36
      ],
      [
       220.32,
       318.78
      ],
      [
       221.11,
       319.9
      ],
      [
       221.83,
       320.89
      ],
      [
       223.02,
       322.73
      ],
      [
       223.19,
       323.0
      ],
      [
       224.43,
       325.11
      ],
      [
       224.91,
       326.08
      ],
      [
       225.52,
       327.22
      ],
      [
       226.43,
       329.33
      ],
      [
       226.81,
       330.43
      ],
      [
       227.18,
       331.44
      ],
      [
       227.73,
       333.55
      ],
      [
       228.03,
       335.66
      ],
      [
       228.05,
       337.77
      ],
      [
       227.69,
       339.89
      ],
      [
       226.81,
       341.87
      ],
      [
       226.74,
       342.0
      ],
      [
       224.91,
       343.91
      ],
      [
       224.62,
       344.11
      ],
      [
       223.02,
       344.91
      ],
      [
       221.11,
       345.42
      ],
      [
       219.21,
       345.61
      ],
      [
       217.32,
       345.56
      ],
      [
       215.42,
       345.32
      ],
      [
       213.52,
       344.91
      ],
      [
       211.62,
       344.36
      ],
      [
       210.95,
       344.11
      ],
      [
       209.72,
       343.69
      ],
      [
       207.83,
       342.91
      ],
      [
       205.94,
       342.0
      ],
      [
       205.93,
       341.99
      ],
      [
       204.02,
       341.02
      ],
      [
       202.13,
       339.89
      ],
      [
       200.23,
       338.71
      ],
      [
       198.89,
       337.77
      ],
      [
       198.34,
       337.39
      ],
      [
       196.43,
       335.99
      ],
      [
       196.02,
       335.66
      ],
      [
       194.53,
       334.49
      ],
      [
       193.44,
       333.55
      ],
      [
       192.64,
       332.87
      ],
      [
       191.08,
       331.44
      ],
      [
       190.73,
       331.13
      ],
      [
       188.91,
       329.33
      ],
      [
       188.84,
       329.26
      ],
      [
       186.94,
       327.27
      ],
      [
       186.9,
       327.22
      ],
      [
       185.05,
       325.11
      ],
      [
       185.04,
       325.11
      ],
      [
       183.32,
       323.0
      ],
      [
       183.14,
       322.75
      ],
      [
       181.74,
       320.89
      ],
      [
       181.24,
       320.16
      ],
      [
       180.3,
       318.78
      ],
      [
       179.35,
       317.21
      ],
      [
       179.0,
       316.67
      ],
      [
       177.84,
       314.56
      ],
      [
       177.45,
       313.69
      ],
      [
       176.84,
       312.45
      ],
      [
       176.02,
       310.34
      ],
      [
       175.55,
       308.76
      ],
      [
       175.38,
       308.23
      ],
      [
       174.93,
       306.12
      ],
      [
       174.74,
       304.0
      ],
      [
       174.82,
       301.89
      ],
      [
       175.22,
       299.78
      ],
      [
       175.55,
       298.83
      ],
      [
       176.03,
       297.67
      ],
      [
       177.33,
       295.56
      ],
      [
       177.45,
       295.41
      ],
      [
       179.35,
       293.61
      ],
      [
       179.59,
       293.45
      ],
      [
       181.24,
       292.57
      ]
     ]
    ]
   }
  },
  {
   "type": "Feature",
   "properties": {
    "code": "340",
    "h1": 3,
    "h2": 4,
    "h3": 0,
    "macro": "Natural Science",
    "meso": "Astrophysics & Quantumphysics",
    "micro": "Astrophysics",
    "label_x": 44.88,
    "label_y": 504.34
   },
   "geometry": {
    "type": "Polygon",
    "coordinates": [
     [
      [
       19.63,
       492.4
      ],
      [
       24.94,
       491.76
      ],
      [
       30.25,
       491.39
      ],
      [
       35.57,
       491.26
      ],
      [
       40.89,
       491.32
      ],
      [
       46.2,
       491.57
      ],
      [
       51.52,
       492.0
      ],
      [
       56.84,
       492.64
      ],
      [
       60.62,
       493.24
      ],
      [
       62.15,
       493.47
      ],
      [
       67.47,
       494.51
      ],
      [
       71.45,
       495.48
      ],
      [
       72.78,
       495.84
      ],
      [
       78.09,
       497.54
      ],
      [
       78.62,
       497.72
      ],
      [
       83.41,
       499.92
      ],
      [
       83.51,
       499.96
      ],
      [
       86.68,
       502.2
      ],
      [
       88.1,
       504.44
      ],
      [
       87.96,
       506.68
      ],
      [
       86.13,
       508.92
      ],
      [
       83.41,
       510.54
      ],
      [
       82.22,
       511.16
      ],
      [
       78.09,
       512.64
      ],
      [
       75.3,
       513.4
      ],
      [
       72.78,
       513.99
      ],
      [
       67.47,
       514.87
      ],
      [
       62.15,
       515.42
      ],
      [
       58.24,
       515.64
      ],
      [
       56.84,
       515.73
      ],
      [
       51.52,
       515.83
      ],
      [
       46.2,
       515.71
      ],
      [
       44.94,
       515.64
      ],
      [
       40.89,
       515.44
      ],
      [
       35.57,
       515.01
      ],
      [
       30.25,
       514.39
      ],
      [
       24.94,
       513.53
      ],
      [
       24.29,
       513.4
      ],
      [
       19.63,
       512.5
      ],
      [
       14.31,
       511.16
      ],
      [
       9.0,
       509.42
      ],
      [
       7.71,
       508.92
      ],
      [
       3.68,
       506.83
      ],
      [
       3.41,
       506.68
      ],
      [
       0.86,
       504.44
      ],
      [
       0.0,
       502.2
      ],
      [
       0.68,
       499.96
      ],
      [
       3.06,
       497.72
      ],
      [
       3.68,
       497.36
      ],
      [
       7.44,
       495.48
      ],
      [
       9.0,
       494.91
      ],
      [
       14.31,
       493.42
      ],
      [
       15.19,
       493.24
      ],
      [
       19.63,
       492.4
      ]
     ]
    ]
   }
  },
  {
   "type": "Feature",
   "properties": {
    "code": "341",
    "h1": 3,
    "h2": 4,
    "h3": 1,
    "macro": "Natural Science",
    "meso": "Astrophysics & Quantumphysics",
    "micro": "Computational Quantum Systems",
    "label_x": 116.28,
    "label_y": 559.28
   },
   "geometry": {
    "type": "Polygon",
    "coordinates": [
     [
      [
       121.5,
       539.98
      ],
      [
       123.52,
       539.78
      ],
      [
       125.54,
       539.66
      ],
      [
       127.57,
       539.64
      ],
      [
       129.59,
       539.73
      ],
      [
       131.61,
       539.94
      ],
      [
       133.53,
       540.27
      ],
      [
       133.64,
       540.28
      ],
      [
       135.66,
       540.8
      ],
      [
       137.68,
       541.53
      ],
      [
       139.26,
       542.31
      ],
      [
       139.7,
       542.58
      ],
      [
       141.73,
       544.14
      ],
      [
       141.95,
       544.35
      ],
      [
       143.47,
       546.39
      ],
      [
       143.75,
       547.04
      ],
      [
       144.31,
       548.43
      ],
      [
       144.65,
       550.47
      ],
      [
       144.61,
       552.52
      ],
      [
       144.26,
       554.55
      ],
      [
       143.75,
       556.2
      ],
      [
       143.63,
       556.6
      ],
      [
       142.78,
       558.64
      ],
      [
       141.73,
       560.55
      ],
      [
       141.66,
       560.68
      ],
      [
       140.31,
       562.72
      ],
      [
       139.7,
       563.49
      ],
      [
       138.68,
       564.76
      ],
      [
       137.68,
       565.84
      ],
      [
       136.73,
       566.8
      ],
      [
       135.66,
       567.79
      ],
      [
       134.41,
       568.84
      ],
      [
       133.64,
       569.45
      ],
      [
       131.61,
       570.86
      ],
      [
       131.58,
       570.89
      ],
      [
       129.59,
       572.1
      ],
      [
       127.98,
       572.93
      ],
      [
       127.57,
       573.14
      ],
      [
       125.54,
       574.04
      ],
      [
       123.52,
       574.77
      ],
      [
       122.89,
       574.97
      ],
      [
       121.5,
       575.4
      ],
      [
       119.47,
       575.91
      ],
      [
       117.45,
       576.29
      ],
      [
       115.43,
       576.56
      ],
      [
       113.41,
       576.73
      ],
      [
       111.38,
       576.81
      ],
      [
       109.36,
       576.81
      ],
      [
       107.34,
       576.73
      ],
      [
       105.31,
       576.57
      ],
      [
       103.29,
       576.35
      ],
      [
       101.27,
       576.04
      ],
      [
       99.25,
       575.66
      ],
      [
       97.22,
       575.18
      ],
      [
       96.47,
       574.97
      ],
      [
       95.2,
       574.62
      ],
      [
       93.18,
       573.94
      ],
      [
       91.15,
       573.08
      ],
      [
       90.84,
       572.93
      ],
      [
       89.13,
       571.96
      ],
      [
       87.6,
       570.89
      ],
      [
       87.1,
       570.41
      ],
      [
       85.72,
       568.84
      ],
      [
       85.08,
       567.55
      ],
      [
       84.75,
       566.8
      ],
      [
       84.44,
       564.76
      ],
      [
       84.67,
       562.72
      ],
      [
       85.08,
       561.51
      ],
      [
       85.34,
       560.68
      ],
      [
       86.41,
       558.64
      ],
      [
       87.1,
       557.67
      ],
      [
       87.86,
       556.6
      ],
      [
       89.13,
       555.15
      ],
      [
       89.66,
       554.55
      ],
      [
       91.15,
       553.14
      ],
      [
       91.83,
       552.52
      ],
      [
       93.18,
       551.41
      ],
      [
       94.39,
       550.47
      ],
      [
       95.2,
       549.89
      ],
      [
       97.22,
       548.55
      ],
      [
       97.41,
       548.43
      ],
      [
       99.25,
       547.32
      ],
      [
       100.98,
       546.39
      ],
      [
       101.27,
       546.23
      ],
      [
       103.29,
       545.22
      ],
      [
       105.31,
       544.35
      ],
      [
       107.34,
       543.5
      ],
      [
       109.36,
       542.78
      ],
      [
       110.87,
       542.31
      ],
      [
       111.38,
       542.14
      ],
      [
       113.41,
       541.53
      ],
      [
       115.43,
       541.03
      ],
      [
       117.45,
       540.61
      ],
      [
       119.47,
       540.27
      ],
      [
       119.51,
       540.27
      ],
      [
       121.5,
       539.98
      ]
     ]
    ]
   }
  },
  {
   "type": "Feature",
   "properties": {
    "code": "342",
    "h1": 3,
    "h2": 4,
    "h3": 2,
    "macro": "Natural Science",
    "meso": "Astrophysics & Quantumphysics",
    "micro": "Experimental Particle & Nuclear Physics",
    "label_x": 73.18,
    "label_y": 547.8
   },
   "geometry": {
    "type": "Polygon",
    "coordinates": [
     [
      [
       71.97,
       526.3
      ],
      [
       75.18,
       525.44
      ],
      [
       78.39,
       525.05
      ],
      [
       81.6,
       525.05
      ],
      [
       84.82,
       525.43
      ],
      [
       88.03,
       526.17
      ],
      [
       89.16,
       526.56
      ],
      [
       91.24,
       527.3
      ],
      [
       93.96,
       528.57
      ],
      [
       94.46,
       528.82
      ],
      [
       97.31,
       530.58
      ],
      [
       97.67,
       530.83
      ],
      [
       99.85,
       532.58
      ],
      [
       100.88,
       533.66
      ],
      [
       101.7,
       534.59
      ],
      [
       102.83,
       536.61
      ],
      [
       103.29,
       538.61
      ],
      [
       103.12,
       540.62
      ],
      [
       102.37,
       542.63
      ],
      [
       101.1,
       544.64
      ],
      [
       100.88,
       544.89
      ],
      [
       99.41,
       546.66
      ],
      [
       97.67,
       548.28
      ],
      [
       97.28,
       548.66
      ],
      [
       94.84,
       550.68
      ],
      [
       94.46,
       550.95
      ],
      [
       92.12,
       552.68
      ],
      [
       91.24,
       553.26
      ],
      [
       89.13,
       554.7
      ],
      [
       88.03,
       555.37
      ],
      [
       85.91,
       556.71
      ],
      [
       84.82,
       557.34
      ],
      [
       82.43,
       558.71
      ],
      [
       81.6,
       559.17
      ],
      [
       78.64,
       560.73
      ],
      [
       78.39,
       560.85
      ],
      [
       75.18,
       562.42
      ],
      [
       74.47,
       562.74
      ],
      [
       71.97,
       563.86
      ],
      [
       69.69,
       564.75
      ],
      [
       68.75,
       565.13
      ],
      [
       65.54,
       566.25
      ],
      [
       63.8,
       566.76
      ],
      [
       62.32,
       567.21
      ],
      [
       59.11,
       568.01
      ],
      [
       55.9,
       568.58
      ],
      [
       54.22,
       568.77
      ],
      [
       52.68,
       568.95
      ],
      [
       49.47,
       569.04
      ],
      [
       46.62,
       568.77
      ],
      [
       46.26,
       568.72
      ],
      [
       43.05,
       567.66
      ],
      [
       41.62,
       566.76
      ],
      [
       40.2,
       564.75
      ],
      [
       40.0,
       562.74
      ],
      [
       40.48,
       560.73
      ],
      [
       41.46,
       558.71
      ],
      [
       42.86,
       556.71
      ],
      [
       43.05,
       556.49
      ],
      [
       44.48,
       554.7
      ],
      [
       46.26,
       552.82
      ],
      [
       46.38,
       552.68
      ],
      [
       48.33,
       550.68
      ],
      [
       49.47,
       549.54
      ],
      [
       50.35,
       548.66
      ],
      [
       52.34,
       546.66
      ],
      [
       52.68,
       546.27
      ],
      [
       54.18,
       544.64
      ],
      [
       55.9,
       542.63
      ],
      [
       57.39,
       540.62
      ],
      [
       58.76,
       538.61
      ],
      [
       59.11,
       538.05
      ],
      [
       60.07,
       536.61
      ],
      [
       61.41,
       534.59
      ],
      [
       62.32,
       533.33
      ],
      [
       62.94,
       532.58
      ],
      [
       64.82,
       530.58
      ],
      [
       65.54,
       529.93
      ],
      [
       67.4,
       528.57
      ],
      [
       68.75,
       527.72
      ],
      [
       71.31,
       526.56
      ],
      [
       71.97,
       526.3
      ]
     ]
    ]
   }
  },
  {
   "type": "Feature",
   "properties": {
    "code": "350",
    "h1": 3,
    "h2": 5,
    "h3": 0,
    "macro": "Natural Science",
    "meso": "Neuromorphic Hardware Accelerators",
    "micro": "Neuromorphic Computing",
    "label_x": 139.15,
    "label_y": 649.75
   },
   "geometry": {
    "type": "Polygon",
    "coordinates": [
     [
      [
       160.27,
       625.7
      ],
      [
       162.56,
       625.59
      ],
      [
       164.85,
       625.79
      ],
      [
       165.54,
       625.97
      ],
      [
       167.14,
       626.61
      ],
      [
       168.41,
       627.62
      ],
      [
       169.3,
       629.27
      ],
      [
       169.43,
       630.25
      ],
      [
       169.51,
       630.92
      ],
      [
       169.43,
       631.78
      ],
      [
       169.36,
       632.57
      ],
      [
       169.0,
       634.23
      ],
      [
       168.48,
       635.88
      ],
      [
       167.82,
       637.53
      ],
      [
       167.14,
       638.98
      ],
      [
       167.05,
       639.18
      ],
      [
       166.28,
       640.83
      ],
      [
       165.42,
       642.49
      ],
      [
       164.85,
       643.52
      ],
      [
       164.52,
       644.14
      ],
      [
       163.64,
       645.79
      ],
      [
       162.69,
       647.44
      ],
      [
       162.56,
       647.68
      ],
      [
       161.82,
       649.09
      ],
      [
       160.89,
       650.74
      ],
      [
       160.27,
       651.84
      ],
      [
       159.94,
       652.39
      ],
      [
       158.96,
       654.05
      ],
      [
       157.98,
       655.5
      ],
      [
       157.83,
       655.7
      ],
      [
       156.51,
       657.35
      ],
      [
       155.68,
       658.19
      ],
      [
       154.77,
       659.0
      ],
      [
       153.39,
       660.02
      ],
      [
       152.36,
       660.65
      ],
      [
       151.1,
       661.32
      ],
      [
       148.82,
       662.26
      ],
      [
       148.69,
       662.31
      ],
      [
       146.53,
       663.02
      ],
      [
       144.24,
       663.62
      ],
      [
       142.76,
       663.96
      ],
      [
       141.95,
       664.14
      ],
      [
       139.66,
       664.67
      ],
      [
       137.37,
       665.16
      ],
      [
       135.09,
       665.61
      ],
      [
       135.08,
       665.61
      ],
      [
       132.78,
       666.14
      ],
      [
       130.49,
       666.64
      ],
      [
       128.2,
       667.09
      ],
      [
       127.37,
       667.26
      ],
      [
       125.91,
       667.58
      ],
      [
       123.62,
       668.04
      ],
      [
       121.33,
       668.45
      ],
      [
       119.04,
       668.8
      ],
      [
       118.25,
       668.91
      ],
      [
       116.75,
       669.13
      ],
      [
       114.47,
       669.39
      ],
      [
       112.18,
       669.52
      ],
      [
       109.89,
       669.5
      ],
      [
       107.59,
       669.24
      ],
      [
       106.38,
       668.91
      ],
      [
       105.3,
       668.49
      ],
      [
       103.73,
       667.26
      ],
      [
       103.01,
       665.61
      ],
      [
       103.06,
       663.96
      ],
      [
       103.53,
       662.31
      ],
      [
       104.31,
       660.65
      ],
      [
       105.3,
       659.05
      ],
      [
       105.32,
       659.0
      ],
      [
       106.48,
       657.35
      ],
      [
       107.59,
       656.04
      ],
      [
       107.85,
       655.7
      ],
      [
       109.32,
       654.05
      ],
      [
       109.89,
       653.49
      ],
      [
       110.93,
       652.39
      ],
      [
       112.18,
       651.22
      ],
      [
       112.66,
       650.74
      ],
      [
       114.47,
       649.15
      ],
      [
       114.53,
       649.09
      ],
      [
       116.46,
       647.44
      ],
      [
       116.75,
       647.2
      ],
      [
       118.51,
       645.79
      ],
      [
       119.04,
       645.38
      ],
      [
       120.68,
       644.14
      ],
      [
       121.33,
       643.66
      ],
      [
       122.96,
       642.49
      ],
      [
       123.62,
       642.02
      ],
      [
       125.36,
       640.83
      ],
      [
       125.91,
       640.46
      ],
      [
       127.91,
       639.18
      ],
      [
       128.2,
       638.99
      ],
      [
       130.49,
       637.58
      ],
      [
       130.59,
       637.53
      ],
      [
       132.78,
       636.21
      ],
      [
       133.39,
       635.88
      ],
      [
       135.08,
       634.92
      ],
      [
       136.41,
       634.23
      ],
      [
       137.37,
       633.7
      ],
      [
       139.65,
       632.57
      ],
      [
       139.66,
       632.57
      ],
      [
       141.95,
       631.46
      ],
      [
       143.17,
       630.92
      ],
      [
       144.24,
       630.42
      ],
      [
       146.53,
       629.48
      ],
      [
       147.11,
       629.27
      ],
      [
       148.82,
       628.59
      ],
      [
       151.1,
       627.81
      ],
      [
       151.74,
       627.62
      ],
      [
       153.39,
       627.09
      ],
      [
       155.68,
       626.49
      ],
      [
       157.98,
       626.02
      ],
      [
       158.38,
       625.97
      ],
      [
       160.27,
       625.7
      ]
     ]
    ]
   }
  },
  {
   "type": "Feature",
   "properties": {
    "code": "351",
    "h1": 3,
    "h2": 5,
    "h3": 1,
    "macro": "Natural Science",
    "meso": "Neuromorphic Hardware Accelerators",
    "micro": "Circuit Architecture for Neural Systems",
    "label_x": 171.86,
    "label_y": 679.27
   },
   "geometry": {
    "type": "Polygon",
    "coordinates": [
     [
      [
       173.92,
       660.51
      ],
      [
       176.42,
       660.01
      ],
      [
       178.93,
       659.64
      ],
      [
       181.44,
       659.41
      ],
      [
       183.95,
       659.3
      ],
      [
       186.45,
       659.32
      ],
      [
       188.96,
       659.48
      ],
      [
       191.47,
       659.82
      ],
      [
       193.97,
       660.38
      ],
      [
       195.58,
       660.9
      ],
      [
       196.48,
       661.24
      ],
      [
       198.98,
       662.56
      ],
      [
       199.24,
       662.74
      ],
      [
       201.19,
       664.57
      ],
      [
       201.49,
       665.05
      ],
      [
       202.25,
       666.41
      ],
      [
       202.72,
       668.25
      ],
      [
       202.73,
       670.09
      ],
      [
       202.36,
       671.92
      ],
      [
       201.66,
       673.76
      ],
      [
       201.49,
       674.05
      ],
      [
       200.69,
       675.6
      ],
      [
       199.42,
       677.43
      ],
      [
       198.98,
       677.95
      ],
      [
       197.91,
       679.27
      ],
      [
       196.48,
       680.74
      ],
      [
       196.12,
       681.11
      ],
      [
       194.06,
       682.95
      ],
      [
       193.97,
       683.02
      ],
      [
       191.74,
       684.79
      ],
      [
       191.47,
       684.99
      ],
      [
       189.1,
       686.62
      ],
      [
       188.96,
       686.71
      ],
      [
       186.45,
       688.27
      ],
      [
       186.12,
       688.46
      ],
      [
       183.95,
       689.68
      ],
      [
       182.74,
       690.29
      ],
      [
       181.44,
       690.96
      ],
      [
       178.93,
       692.09
      ],
      [
       178.84,
       692.13
      ],
      [
       176.42,
       693.17
      ],
      [
       174.25,
       693.97
      ],
      [
       173.92,
       694.11
      ],
      [
       171.41,
       694.97
      ],
      [
       168.9,
       695.71
      ],
      [
       168.5,
       695.81
      ],
      [
       166.39,
       696.39
      ],
      [
       163.89,
       696.95
      ],
      [
       161.38,
       697.39
      ],
      [
       159.5,
       697.64
      ],
      [
       158.87,
       697.74
      ],
      [
       156.36,
       697.98
      ],
      [
       153.85,
       698.06
      ],
      [
       151.35,
       697.99
      ],
      [
       148.84,
       697.7
      ],
      [
       148.57,
       697.64
      ],
      [
       146.33,
       697.12
      ],
      [
       143.82,
       696.12
      ],
      [
       143.26,
       695.81
      ],
      [
       141.32,
       694.21
      ],
      [
       141.1,
       693.97
      ],
      [
       140.04,
       692.13
      ],
      [
       139.61,
       690.29
      ],
      [
       139.64,
       688.46
      ],
      [
       140.01,
       686.62
      ],
      [
       140.67,
       684.79
      ],
      [
       141.32,
       683.5
      ],
      [
       141.57,
       682.95
      ],
      [
       142.66,
       681.11
      ],
      [
       143.82,
       679.5
      ],
      [
       143.99,
       679.27
      ],
      [
       145.45,
       677.43
      ],
      [
       146.33,
       676.46
      ],
      [
       147.12,
       675.6
      ],
      [
       148.84,
       673.91
      ],
      [
       149.0,
       673.76
      ],
      [
       151.05,
       671.92
      ],
      [
       151.35,
       671.68
      ],
      [
       153.34,
       670.09
      ],
      [
       153.85,
       669.7
      ],
      [
       155.93,
       668.25
      ],
      [
       156.36,
       667.95
      ],
      [
       158.87,
       666.41
      ],
      [
       161.38,
       665.02
      ],
      [
       162.31,
       664.57
      ],
      [
       163.89,
       663.8
      ],
      [
       166.39,
       662.8
      ],
      [
       166.55,
       662.74
      ],
      [
       168.9,
       661.86
      ],
      [
       171.41,
       661.14
      ],
      [
       172.39,
       660.9
      ],
      [
       173.92,
       660.51
      ]
     ]
    ]
   }
  },
  {
   "type": "Feature",
   "properties": {
    "code": "360",
    "h1": 3,
    "h2": 6,
    "h3": 0,
    "macro": "Natural Science",
    "meso": "Construction & City Planning",
    "micro": "Construction Technology",
    "label_x": 325.27,
    "label_y": 466.0
   },
   "geometry": {
    "type": "Polygon",
    "coordinates": [
     [
      [
       290.12,
       410.94
      ],
      [
       292.35,
       410.43
      ],
      [
       294.58,
       410.14
      ],
      [
       296.82,
       410.03
      ],
      [
       299.05,
       410.09
      ],
      [
       301.28,
       410.27
      ],
      [
       303.51,
       410.58
      ],
      [
       305.75,
       411.03
      ],
      [
       306.04,
       411.09
      ],
      [
       307.98,
       411.57
      ],
      [
       310.22,
       412.22
      ],
      [
       311.34,
       412.61
      ],
      [
       312.45,
       412.99
      ],
      [
       314.68,
       413.86
      ],
      [
       315.29,
       414.12
      ],
      [
       316.91,
       414.84
      ],
      [
       318.55,
       415.64
      ],
      [
       319.15,
       415.93
      ],
      [
       321.38,
       417.15
      ],
      [
       323.61,
       418.5
      ],
      [
       323.87,
       418.66
      ],
      [
       325.84,
       420.0
      ],
      [
       326.09,
       420.18
      ],
      [
       328.08,
       421.68
      ],
      [
       328.11,
       421.69
      ],
      [
       329.93,
       423.2
      ],
      [
       330.31,
       423.54
      ],
      [
       331.6,
       424.71
      ],
      [
       332.54,
       425.66
      ],
      [
       333.12,
       426.23
      ],
      [
       334.51,
       427.74
      ],
      [
       334.78,
       428.06
      ],
      [
       335.79,
       429.26
      ],
      [
       336.95,
       430.77
      ],
      [
       337.01,
       430.86
      ],
      [
       338.04,
       432.29
      ],
      [
       339.03,
       433.8
      ],
      [
       339.24,
       434.14
      ],
      [
       339.97,
       435.31
      ],
      [
       340.84,
       436.82
      ],
      [
       341.48,
       437.99
      ],
      [
       341.67,
       438.34
      ],
      [
       342.48,
       439.85
      ],
      [
       343.27,
       441.36
      ],
      [
       343.7,
       442.22
      ],
      [
       344.06,
       442.88
      ],
      [
       344.88,
       444.39
      ],
      [
       345.7,
       445.91
      ],
      [
       345.94,
       446.32
      ],
      [
       346.58,
       447.42
      ],
      [
       347.5,
       448.93
      ],
      [
       348.18,
       450.03
      ],
      [
       348.44,
       450.45
      ],
      [
       349.44,
       451.96
      ],
      [
       350.4,
       453.45
      ],
      [
       350.43,
       453.47
      ],
      [
       351.48,
       454.98
      ],
      [
       352.49,
       456.5
      ],
      [
       352.64,
       456.73
      ],
      [
       353.53,
       458.01
      ],
      [
       354.51,
       459.53
      ],
      [
       354.87,
       460.11
      ],
      [
       355.48,
       461.04
      ],
      [
       356.4,
       462.55
      ],
      [
       357.1,
       463.85
      ],
      [
       357.23,
       464.07
      ],
      [
       358.05,
       465.58
      ],
      [
       358.75,
       467.09
      ],
      [
       359.34,
       468.6
      ],
      [
       359.34,
       468.61
      ],
      [
       359.89,
       470.13
      ],
      [
       360.3,
       471.64
      ],
      [
       360.61,
       473.16
      ],
      [
       360.79,
       474.67
      ],
      [
       360.86,
       476.18
      ],
      [
       360.79,
       477.7
      ],
      [
       360.6,
       479.21
      ],
      [
       360.28,
       480.72
      ],
      [
       359.84,
       482.23
      ],
      [
       359.34,
       483.61
      ],
      [
       359.28,
       483.75
      ],
      [
       358.65,
       485.26
      ],
      [
       357.96,
       486.78
      ],
      [
       357.28,
       488.29
      ],
      [
       357.1,
       488.74
      ],
      [
       356.66,
       489.8
      ],
      [
       356.19,
       491.32
      ],
      [
       356.0,
       492.83
      ],
      [
       356.18,
       494.34
      ],
      [
       356.84,
       495.86
      ],
      [
       357.1,
       496.2
      ],
      [
       357.98,
       497.37
      ],
      [
       359.34,
       498.61
      ],
      [
       359.63,
       498.88
      ],
      [
       361.57,
       500.34
      ],
      [
       361.65,
       500.4
      ],
      [
       363.8,
       501.84
      ],
      [
       363.91,
       501.91
      ],
      [
       366.03,
       503.27
      ],
      [
       366.26,
       503.43
      ],
      [
       368.27,
       504.7
      ],
      [
       368.62,
       504.94
      ],
      [
       370.5,
       506.17
      ],
      [
       370.9,
       506.45
      ],
      [
       372.73,
       507.73
      ],
      [
       373.05,
       507.96
      ],
      [
       374.97,
       509.42
      ],
      [
       375.03,
       509.48
      ],
      [
       376.84,
       510.99
      ],
      [
       377.2,
       511.32
      ],
      [
       378.46,
       512.5
      ],
      [
       379.43,
       513.53
      ],
      [
       379.89,
       514.02
      ],
      [
       381.11,
       515.53
      ],
      [
       381.66,
       516.36
      ],
      [
       382.13,
       517.05
      ],
      [
       382.91,
       518.56
      ],
      [
       383.44,
       520.07
      ],
      [
       383.7,
       521.59
      ],
      [
       383.61,
       523.1
      ],
      [
       383.1,
       524.61
      ],
      [
       382.02,
       526.12
      ],
      [
       381.66,
       526.45
      ],
      [
       379.88,
       527.64
      ],
      [
       379.43,
       527.86
      ],
      [
       377.2,
       528.59
      ],
      [
       374.97,
       529.0
      ],
      [
       372.76,
       529.15
      ],
      [
       372.67,
       529.15
      ],
      [
       370.5,
       529.1
      ],
      [
       368.27,
       528.88
      ],
      [
       366.03,
       528.52
      ],
      [
       363.8,
       528.04
      ],
      [
       362.31,
       527.64
      ],
      [
       361.57,
       527.43
      ],
      [
       359.34,
       526.7
      ],
      [
       357.82,
       526.12
      ],
      [
       357.1,
       525.85
      ],
      [
       354.87,
       524.87
      ],
      [
       354.34,
       524.61
      ],
      [
       352.64,
       523.75
      ],
      [
       351.44,
       523.1
      ],
      [
       350.4,
       522.49
      ],
      [
       348.92,
       521.59
      ],
      [
       348.18,
       521.09
      ],
      [
       346.7,
       520.07
      ],
      [
       345.94,
       519.5
      ],
      [
       344.72,
       518.56
      ],
      [
       343.7,
       517.71
      ],
      [
       342.93,
       517.05
      ],
      [
       341.48,
       515.69
      ],
      [
       341.3,
       515.53
      ],
      [
       339.84,
       514.02
      ],
      [
       339.24,
       513.34
      ],
      [
       338.5,
       512.5
      ],
      [
       337.27,
       510.99
      ],
      [
       337.01,
       510.63
      ],
      [
       336.13,
       509.48
      ],
      [
       335.06,
       507.96
      ],
      [
       334.78,
       507.53
      ],
      [
       334.03,
       506.45
      ],
      [
       333.01,
       504.94
      ],
      [
       332.54,
       504.26
      ],
      [
       331.94,
       503.43
      ],
      [
       330.76,
       501.91
      ],
      [
       330.31,
       501.41
      ],
      [
       329.38,
       500.4
      ],
      [
       328.08,
       499.2
      ],
      [
       327.72,
       498.88
      ],
      [
       325.84,
       497.46
      ],
      [
       325.72,
       497.37
      ],
      [
       323.61,
       496.02
      ],
      [
       323.36,
       495.86
      ],
      [
       321.38,
       494.74
      ],
      [
       320.69,
       494.34
      ],
      [
       319.15,
       493.54
      ],
      [
       317.81,
       492.83
      ],
      [
       316.91,
       492.39
      ],
      [
       314.85,
       491.32
      ],
      [
       314.68,
       491.23
      ],
      [
       312.45,
       490.1
      ],
      [
       311.91,
       489.8
      ],
      [
       310.22,
       488.93
      ],
      [
       309.07,
       488.29
      ],
      [
       307.98,
       487.71
      ],
      [
       306.37,
       486.78
      ],
      [
       305.75,
       486.42
      ],
      [
       303.85,
       485.26
      ],
      [
       303.51,
       485.05
      ],
      [
       301.51,
       483.75
      ],
      [
       301.28,
       483.59
      ],
      [
       299.35,
       482.23
      ],
      [
       299.05,
       482.02
      ],
      [
       297.34,
       480.72
      ],
      [
       296.82,
       480.31
      ],
      [
       295.48,
       479.21
      ],
      [
       294.58,
       478.43
      ],
      [
       293.76,
       477.7
      ],
      [
       292.35,
       476.34
      ],
      [
       292.18,
       476.18
      ],
      [
       290.7,
       474.67
      ],
      [
       290.12,
       474.04
      ],
      [
       289.31,
       473.16
      ],
      [
       288.05,
       471.64
      ],
      [
       287.88,
       471.43
      ],
      [
       286.84,
       470.13
      ],
      [
       285.76,
       468.61
      ],
      [
       285.65,
       468.44
      ],
      [
       284.73,
       467.09
      ],
      [
       283.82,
       465.58
      ],
      [
       283.42,
       464.86
      ],
      [
       282.97,
       464.07
      ],
      [
       282.2,
       462.55
      ],
      [
       281.53,
       461.04
      ],
      [
       281.19,
       460.16
      ],
      [
       280.92,
       459.53
      ],
      [
       280.39,
       458.01
      ],
      [
       279.94,
       456.5
      ],
      [
       279.58,
       454.98
      ],
      [
       279.29,
       453.47
      ],
      [
       279.07,
       451.96
      ],
      [
       278.95,
       450.81
      ],
      [
       278.91,
       450.45
      ],
      [
       278.8,
       448.93
      ],
      [
       278.75,
       447.42
      ],
      [
       278.73,
       445.91
      ],
      [
       278.76,
       444.39
      ],
      [
       278.8,
       442.88
      ],
      [
       278.84,
       441.36
      ],
      [
       278.88,
       439.85
      ],
      [
       278.91,
       438.34
      ],
      [
       278.92,
       436.82
      ],
      [
       278.91,
       435.31
      ],
      [
       278.88,
       433.8
      ],
      [
       278.84,
       432.29
      ],
      [
       278.8,
       430.77
      ],
      [
       278.78,
       429.26
      ],
      [
       278.78,
       427.74
      ],
      [
       278.84,
       426.23
      ],
      [
       278.95,
       424.73
      ],
      [
       278.95,
       424.71
      ],
      [
       279.15,
       423.2
      ],
      [
       279.46,
       421.69
      ],
      [
       279.9,
       420.18
      ],
      [
       280.51,
       418.66
      ],
      [
       281.19,
       417.4
      ],
      [
       281.32,
       417.15
      ],
      [
       282.45,
       415.64
      ],
      [
       283.42,
       414.6
      ],
      [
       283.96,
       414.12
      ],
      [
       285.65,
       412.88
      ],
      [
       286.11,
       412.61
      ],
      [
       287.88,
       411.72
      ],
      [
       289.62,
       411.09
      ],
      [
       290.12,
       410.94
      ]
     ]
    ]
   }
  },
  {
   "type": "Feature",
   "properties": {
    "code": "361",
    "h1": 3,
    "h2": 6,
    "h3": 1,
    "macro": "Natural Science",
    "meso": "Construction & City Planning",
    "micro": "Mobility & City Planning",
    "label_x": 308.79,
    "label_y": 394.49
   },
   "geometry": {
    "type": "Polygon",
    "coordinates": [
     [
      [
       286.8,
       351.84
      ],
      [
       288.89,
       351.57
      ],
      [
       291.0,
       351.39
      ],
      [
       293.1,
       351.31
      ],
      [
       295.2,
       351.31
      ],
      [
       297.3,
       351.39
      ],
      [
       299.4,
       351.55
      ],
      [
       301.5,
       351.8
      ],
      [
       302.12,
       351.89
      ],
      [
       303.6,
       352.1
      ],
      [
       305.7,
       352.48
      ],
      [
       307.8,
       352.94
      ],
      [
       309.9,
       353.48
      ],
      [
       310.5,
       353.66
      ],
      [
       312.01,
       354.09
      ],
      [
       314.1,
       354.76
      ],
      [
       315.9,
       355.44
      ],
      [
       316.21,
       355.54
      ],
      [
       318.3,
       356.36
      ],
      [
       320.2,
       357.21
      ],
      [
       320.41,
       357.3
      ],
      [
       322.51,
       358.29
      ],
      [
       323.84,
       358.98
      ],
      [
       324.6,
       359.37
      ],
      [
       326.71,
       360.56
      ],
      [
       327.03,
       360.75
      ],
      [
       328.81,
       361.82
      ],
      [
       329.9,
       362.52
      ],
      [
       330.91,
       363.19
      ],
      [
       332.48,
       364.29
      ],
      [
       333.01,
       364.68
      ],
      [
       334.85,
       366.07
      ],
      [
       335.11,
       366.27
      ],
      [
       337.02,
       367.84
      ],
      [
       337.21,
       368.0
      ],
      [
       339.02,
       369.61
      ],
      [
       339.31,
       369.88
      ],
      [
       340.89,
       371.39
      ],
      [
       341.41,
       371.92
      ],
      [
       342.61,
       373.16
      ],
      [
       343.51,
       374.17
      ],
      [
       344.19,
       374.93
      ],
      [
       345.61,
       376.65
      ],
      [
       345.65,
       376.7
      ],
      [
       347.03,
       378.47
      ],
      [
       347.72,
       379.44
      ],
      [
       348.3,
       380.24
      ],
      [
       349.46,
       382.02
      ],
      [
       349.81,
       382.62
      ],
      [
       350.54,
       383.79
      ],
      [
       351.52,
       385.56
      ],
      [
       351.91,
       386.36
      ],
      [
       352.42,
       387.34
      ],
      [
       353.25,
       389.11
      ],
      [
       353.97,
       390.87
      ],
      [
       354.02,
       391.02
      ],
      [
       354.65,
       392.65
      ],
      [
       355.24,
       394.43
      ],
      [
       355.74,
       396.2
      ],
      [
       356.11,
       397.77
      ],
      [
       356.17,
       397.96
      ],
      [
       356.55,
       399.74
      ],
      [
       356.85,
       401.51
      ],
      [
       357.08,
       403.28
      ],
      [
       357.22,
       405.06
      ],
      [
       357.29,
       406.83
      ],
      [
       357.28,
       408.6
      ],
      [
       357.2,
       410.37
      ],
      [
       357.02,
       412.14
      ],
      [
       356.76,
       413.91
      ],
      [
       356.38,
       415.69
      ],
      [
       356.11,
       416.67
      ],
      [
       355.91,
       417.46
      ],
      [
       355.32,
       419.23
      ],
      [
       354.59,
       421.01
      ],
      [
       354.02,
       422.13
      ],
      [
       353.68,
       422.78
      ],
      [
       352.61,
       424.55
      ],
      [
       351.91,
       425.51
      ],
      [
       351.28,
       426.32
      ],
      [
       349.81,
       427.95
      ],
      [
       349.66,
       428.09
      ],
      [
       347.72,
       429.81
      ],
      [
       347.64,
       429.86
      ],
      [
       345.61,
       431.29
      ],
      [
       345.01,
       431.64
      ],
      [
       343.51,
       432.47
      ],
      [
       341.41,
       433.39
      ],
      [
       341.36,
       433.41
      ],
      [
       339.31,
       434.15
      ],
      [
       337.21,
       434.73
      ],
      [
       335.11,
       435.18
      ],
      [
       333.01,
       435.54
      ],
      [
       330.91,
       435.79
      ],
      [
       328.81,
       435.93
      ],
      [
       326.71,
       436.0
      ],
      [
       324.6,
       436.0
      ],
      [
       322.51,
       435.92
      ],
      [
       320.41,
       435.78
      ],
      [
       318.3,
       435.56
      ],
      [
       316.21,
       435.28
      ],
      [
       315.64,
       435.18
      ],
      [
       314.1,
       434.95
      ],
      [
       312.01,
       434.57
      ],
      [
       309.9,
       434.11
      ],
      [
       307.8,
       433.57
      ],
      [
       307.22,
       433.41
      ],
      [
       305.7,
       433.0
      ],
      [
       303.6,
       432.37
      ],
      [
       301.5,
       431.64
      ],
      [
       301.49,
       431.64
      ],
      [
       299.4,
       430.89
      ],
      [
       297.3,
       430.03
      ],
      [
       296.91,
       429.86
      ],
      [
       295.2,
       429.14
      ],
      [
       293.1,
       428.14
      ],
      [
       293.01,
       428.09
      ],
      [
       291.0,
       427.1
      ],
      [
       289.59,
       426.32
      ],
      [
       288.89,
       425.95
      ],
      [
       286.8,
       424.72
      ],
      [
       286.52,
       424.55
      ],
      [
       284.7,
       423.42
      ],
      [
       283.73,
       422.78
      ],
      [
       282.59,
       422.01
      ],
      [
       281.2,
       421.01
      ],
      [
       280.5,
       420.49
      ],
      [
       278.88,
       419.23
      ],
      [
       278.39,
       418.85
      ],
      [
       276.72,
       417.46
      ],
      [
       276.29,
       417.09
      ],
      [
       274.73,
       415.69
      ],
      [
       274.2,
       415.18
      ],
      [
       272.88,
       413.91
      ],
      [
       272.09,
       413.1
      ],
      [
       271.18,
       412.14
      ],
      [
       269.99,
       410.82
      ],
      [
       269.59,
       410.37
      ],
      [
       268.13,
       408.6
      ],
      [
       267.89,
       408.29
      ],
      [
       266.76,
       406.83
      ],
      [
       265.79,
       405.45
      ],
      [
       265.51,
       405.06
      ],
      [
       264.34,
       403.28
      ],
      [
       263.69,
       402.16
      ],
      [
       263.3,
       401.51
      ],
      [
       262.33,
       399.74
      ],
      [
       261.59,
       398.2
      ],
      [
       261.47,
       397.96
      ],
      [
       260.66,
       396.2
      ],
      [
       259.98,
       394.43
      ],
      [
       259.48,
       392.91
      ],
      [
       259.39,
       392.65
      ],
      [
       258.86,
       390.87
      ],
      [
       258.43,
       389.11
      ],
      [
       258.11,
       387.34
      ],
      [
       257.86,
       385.56
      ],
      [
       257.72,
       383.79
      ],
      [
       257.65,
       382.02
      ],
      [
       257.7,
       380.24
      ],
      [
       257.84,
       378.47
      ],
      [
       258.08,
       376.7
      ],
      [
       258.45,
       374.93
      ],
      [
       258.93,
       373.16
      ],
      [
       259.48,
       371.59
      ],
      [
       259.55,
       371.39
      ],
      [
       260.3,
       369.61
      ],
      [
       261.21,
       367.84
      ],
      [
       261.59,
       367.21
      ],
      [
       262.29,
       366.07
      ],
      [
       263.57,
       364.29
      ],
      [
       263.69,
       364.16
      ],
      [
       265.07,
       362.52
      ],
      [
       265.79,
       361.79
      ],
      [
       266.86,
       360.75
      ],
      [
       267.89,
       359.86
      ],
      [
       268.98,
       358.98
      ],
      [
       269.99,
       358.24
      ],
      [
       271.57,
       357.21
      ],
      [
       272.09,
       356.88
      ],
      [
       274.2,
       355.73
      ],
      [
       274.81,
       355.44
      ],
      [
       276.29,
       354.75
      ],
      [
       278.39,
       353.93
      ],
      [
       279.18,
       353.66
      ],
      [
       280.5,
       353.23
      ],
      [
       282.59,
       352.65
      ],
      [
       284.7,
       352.2
      ],
      [
       286.51,
       351.89
      ],
      [
       286.8,
       351.84
      ]
     ]
    ]
   }
  },
  {
   "type": "Feature",
   "properties": {
    "code": "400",
    "h1": 4,
    "h2": 0,
    "h3": 0,
    "macro": "Engineering",
    "meso": "Cybersecurity & Privacy",
    "micro": "Cybersecurity",
    "label_x": 444.03,
    "label_y": 517.87
   },
   "geometry": {
    "type": "Polygon",
    "coordinates": [
     [
      [
       432.84,
       489.55
      ],
      [
       435.09,
       489.3
      ],
      [
       437.36,
       489.17
      ],
      [
       439.62,
       489.14
      ],
      [
       441.88,
       489.25
      ],
      [
       444.14,
       489.47
      ],
      [
       445.33,
       489.66
      ],
      [
       446.4,
       489.8
      ],
      [
       448.66,
       490.25
      ],
      [
       450.93,
       490.85
      ],
      [
       451.61,
       491.07
      ],
      [
       453.19,
       491.56
      ],
      [
       455.44,
       492.43
      ],
      [
       455.6,
       492.5
      ],
      [
       457.71,
       493.41
      ],
      [
       458.71,
       493.91
      ],
      [
       459.97,
       494.55
      ],
      [
       461.33,
       495.33
      ],
      [
       462.23,
       495.86
      ],
      [
       463.59,
       496.75
      ],
      [
       464.48,
       497.38
      ],
      [
       465.57,
       498.17
      ],
      [
       466.75,
       499.12
      ],
      [
       467.31,
       499.59
      ],
      [
       468.86,
       501.0
      ],
      [
       469.01,
       501.16
      ],
      [
       470.28,
       502.42
      ],
      [
       471.27,
       503.58
      ],
      [
       471.5,
       503.84
      ],
      [
       472.65,
       505.27
      ],
      [
       473.53,
       506.56
      ],
      [
       473.62,
       506.68
      ],
      [
       474.55,
       508.1
      ],
      [
       475.33,
       509.52
      ],
      [
       475.79,
       510.51
      ],
      [
       476.02,
       510.94
      ],
      [
       476.66,
       512.36
      ],
      [
       477.18,
       513.77
      ],
      [
       477.59,
       515.19
      ],
      [
       477.92,
       516.61
      ],
      [
       478.05,
       517.42
      ],
      [
       478.18,
       518.03
      ],
      [
       478.36,
       519.45
      ],
      [
       478.45,
       520.86
      ],
      [
       478.44,
       522.29
      ],
      [
       478.33,
       523.7
      ],
      [
       478.11,
       525.12
      ],
      [
       478.05,
       525.41
      ],
      [
       477.83,
       526.54
      ],
      [
       477.44,
       527.96
      ],
      [
       476.93,
       529.38
      ],
      [
       476.28,
       530.8
      ],
      [
       475.79,
       531.67
      ],
      [
       475.5,
       532.21
      ],
      [
       474.62,
       533.63
      ],
      [
       473.53,
       535.05
      ],
      [
       472.34,
       536.47
      ],
      [
       471.27,
       537.54
      ],
      [
       470.89,
       537.89
      ],
      [
       469.17,
       539.3
      ],
      [
       469.01,
       539.43
      ],
      [
       467.05,
       540.73
      ],
      [
       466.75,
       540.91
      ],
      [
       464.48,
       542.05
      ],
      [
       464.26,
       542.14
      ],
      [
       462.23,
       542.95
      ],
      [
       460.01,
       543.57
      ],
      [
       459.97,
       543.58
      ],
      [
       457.71,
       544.09
      ],
      [
       455.44,
       544.43
      ],
      [
       453.19,
       544.64
      ],
      [
       450.93,
       544.73
      ],
      [
       448.66,
       544.72
      ],
      [
       446.4,
       544.62
      ],
      [
       444.14,
       544.43
      ],
      [
       441.88,
       544.12
      ],
      [
       439.62,
       543.71
      ],
      [
       438.98,
       543.57
      ],
      [
       437.36,
       543.22
      ],
      [
       435.09,
       542.64
      ],
      [
       433.5,
       542.14
      ],
      [
       432.84,
       541.95
      ],
      [
       430.58,
       541.17
      ],
      [
       429.47,
       540.73
      ],
      [
       428.32,
       540.27
      ],
      [
       426.19,
       539.3
      ],
      [
       426.05,
       539.24
      ],
      [
       423.79,
       538.1
      ],
      [
       423.41,
       537.89
      ],
      [
       421.53,
       536.79
      ],
      [
       421.02,
       536.47
      ],
      [
       419.27,
       535.28
      ],
      [
       418.96,
       535.05
      ],
      [
       417.16,
       533.63
      ],
      [
       417.01,
       533.5
      ],
      [
       415.57,
       532.21
      ],
      [
       414.75,
       531.35
      ],
      [
       414.22,
       530.8
      ],
      [
       413.03,
       529.38
      ],
      [
       412.48,
       528.59
      ],
      [
       412.03,
       527.96
      ],
      [
       411.16,
       526.54
      ],
      [
       410.45,
       525.12
      ],
      [
       410.23,
       524.58
      ],
      [
       409.83,
       523.7
      ],
      [
       409.32,
       522.29
      ],
      [
       408.91,
       520.86
      ],
      [
       408.62,
       519.45
      ],
      [
       408.41,
       518.03
      ],
      [
       408.28,
       516.61
      ],
      [
       408.22,
       515.19
      ],
      [
       408.22,
       513.77
      ],
      [
       408.3,
       512.36
      ],
      [
       408.45,
       510.94
      ],
      [
       408.67,
       509.52
      ],
      [
       408.97,
       508.1
      ],
      [
       409.35,
       506.68
      ],
      [
       409.83,
       505.27
      ],
      [
       410.23,
       504.29
      ],
      [
       410.41,
       503.84
      ],
      [
       411.06,
       502.42
      ],
      [
       411.86,
       501.0
      ],
      [
       412.48,
       500.07
      ],
      [
       412.82,
       499.59
      ],
      [
       413.95,
       498.17
      ],
      [
       414.75,
       497.32
      ],
      [
       415.32,
       496.75
      ],
      [
       417.01,
       495.33
      ],
      [
       419.11,
       493.91
      ],
      [
       419.27,
       493.82
      ],
      [
       421.53,
       492.64
      ],
      [
       421.85,
       492.5
      ],
      [
       423.79,
       491.68
      ],
      [
       425.67,
       491.07
      ],
      [
       426.05,
       490.95
      ],
      [
       428.32,
       490.34
      ],
      [
       430.58,
       489.89
      ],
      [
       432.14,
       489.66
      ],
      [
       432.84,
       489.55
      ]
     ]
    ]
   }
  },
  {
   "type": "Feature",
   "properties": {
    "code": "401",
    "h1": 4,
    "h2": 0,
    "h3": 1,
    "macro": "Engineering",
    "meso": "Cybersecurity & Privacy",
    "micro": "Blockchain & Cryptography",
    "label_x": 558.93,
    "label_y": 616.55
   },
   "geometry": {
    "type": "Polygon",
    "coordinates": [
     [
      [
       531.86,
       573.11
      ],
      [
       534.03,
       572.64
      ],
      [
       536.2,
       572.56
      ],
      [
       538.37,
       572.83
      ],
      [
       540.53,
       573.42
      ],
      [
       541.28,
       573.73
      ],
      [
       542.71,
       574.34
      ],
      [
       544.6,
       575.46
      ],
      [
       544.87,
       575.63
      ],
      [
       546.86,
       577.2
      ],
      [
       547.03,
       577.35
      ],
      [
       548.59,
       578.93
      ],
      [
       549.2,
       579.66
      ],
      [
       549.98,
       580.66
      ],
      [
       551.09,
       582.39
      ],
      [
       551.38,
       582.91
      ],
      [
       552.0,
       584.12
      ],
      [
       552.69,
       585.85
      ],
      [
       553.21,
       587.58
      ],
      [
       553.54,
       589.2
      ],
      [
       553.56,
       589.31
      ],
      [
       553.79,
       591.04
      ],
      [
       553.87,
       592.77
      ],
      [
       553.82,
       594.51
      ],
      [
       553.66,
       596.24
      ],
      [
       553.54,
       597.11
      ],
      [
       553.41,
       597.97
      ],
      [
       553.08,
       599.7
      ],
      [
       552.71,
       601.43
      ],
      [
       552.34,
       603.16
      ],
      [
       552.1,
       604.89
      ],
      [
       552.48,
       606.62
      ],
      [
       553.54,
       607.29
      ],
      [
       555.71,
       607.84
      ],
      [
       557.87,
       608.09
      ],
      [
       560.03,
       608.25
      ],
      [
       561.66,
       608.36
      ],
      [
       562.21,
       608.39
      ],
      [
       564.38,
       608.53
      ],
      [
       566.54,
       608.71
      ],
      [
       568.71,
       608.95
      ],
      [
       570.88,
       609.27
      ],
      [
       573.04,
       609.72
      ],
      [
       574.37,
       610.1
      ],
      [
       575.21,
       610.3
      ],
      [
       577.38,
       611.05
      ],
      [
       579.04,
       611.83
      ],
      [
       579.55,
       612.06
      ],
      [
       581.71,
       613.38
      ],
      [
       581.94,
       613.56
      ],
      [
       583.88,
       615.16
      ],
      [
       584.0,
       615.29
      ],
      [
       585.58,
       617.02
      ],
      [
       586.04,
       617.62
      ],
      [
       586.84,
       618.75
      ],
      [
       587.85,
       620.48
      ],
      [
       588.22,
       621.2
      ],
      [
       588.7,
       622.21
      ],
      [
       589.41,
       623.94
      ],
      [
       589.96,
       625.68
      ],
      [
       590.38,
       627.41
      ],
      [
       590.74,
       629.14
      ],
      [
       590.97,
       630.88
      ],
      [
       591.09,
       632.61
      ],
      [
       591.09,
       634.34
      ],
      [
       590.96,
       636.07
      ],
      [
       590.68,
       637.8
      ],
      [
       590.38,
       638.99
      ],
      [
       590.25,
       639.53
      ],
      [
       589.68,
       641.26
      ],
      [
       588.89,
       643.0
      ],
      [
       588.22,
       644.12
      ],
      [
       587.84,
       644.73
      ],
      [
       586.47,
       646.46
      ],
      [
       586.04,
       646.9
      ],
      [
       584.62,
       648.19
      ],
      [
       583.88,
       648.76
      ],
      [
       581.98,
       649.92
      ],
      [
       581.71,
       650.07
      ],
      [
       579.55,
       650.99
      ],
      [
       577.38,
       651.55
      ],
      [
       576.64,
       651.65
      ],
      [
       575.21,
       651.86
      ],
      [
       573.04,
       651.93
      ],
      [
       570.88,
       651.76
      ],
      [
       570.26,
       651.65
      ],
      [
       568.71,
       651.39
      ],
      [
       566.54,
       650.84
      ],
      [
       564.38,
       650.04
      ],
      [
       564.1,
       649.92
      ],
      [
       562.21,
       649.07
      ],
      [
       560.59,
       648.19
      ],
      [
       560.03,
       647.88
      ],
      [
       557.87,
       646.46
      ],
      [
       555.71,
       644.8
      ],
      [
       555.61,
       644.73
      ],
      [
       553.69,
       643.0
      ],
      [
       553.54,
       642.84
      ],
      [
       552.01,
       641.26
      ],
      [
       551.38,
       640.48
      ],
      [
       550.57,
       639.53
      ],
      [
       549.36,
       637.8
      ],
      [
       549.2,
       637.53
      ],
      [
       548.28,
       636.07
      ],
      [
       547.42,
       634.34
      ],
      [
       547.03,
       633.37
      ],
      [
       546.69,
       632.61
      ],
      [
       546.11,
       630.88
      ],
      [
       545.69,
       629.14
      ],
      [
       545.42,
       627.41
      ],
      [
       545.27,
       625.68
      ],
      [
       545.24,
       623.94
      ],
      [
       545.32,
       622.21
      ],
      [
       545.5,
       620.48
      ],
      [
       545.76,
       618.75
      ],
      [
       546.1,
       617.02
      ],
      [
       546.47,
       615.29
      ],
      [
       546.83,
       613.56
      ],
      [
       547.01,
       611.83
      ],
      [
       546.48,
       610.1
      ],
      [
       544.87,
       609.21
      ],
      [
       542.71,
       608.45
      ],
      [
       542.48,
       608.36
      ],
      [
       540.53,
       607.8
      ],
      [
       538.37,
       607.01
      ],
      [
       537.62,
       606.62
      ],
      [
       536.2,
       606.02
      ],
      [
       534.32,
       604.89
      ],
      [
       534.03,
       604.74
      ],
      [
       531.93,
       603.16
      ],
      [
       531.86,
       603.12
      ],
      [
       530.09,
       601.43
      ],
      [
       529.69,
       601.04
      ],
      [
       528.59,
       599.7
      ],
      [
       527.53,
       598.26
      ],
      [
       527.34,
       597.97
      ],
      [
       526.33,
       596.24
      ],
      [
       525.48,
       594.51
      ],
      [
       525.37,
       594.21
      ],
      [
       524.81,
       592.77
      ],
      [
       524.28,
       591.04
      ],
      [
       523.91,
       589.31
      ],
      [
       523.68,
       587.58
      ],
      [
       523.61,
       585.85
      ],
      [
       523.69,
       584.12
      ],
      [
       523.95,
       582.39
      ],
      [
       524.43,
       580.66
      ],
      [
       525.14,
       578.93
      ],
      [
       525.37,
       578.52
      ],
      [
       526.22,
       577.2
      ],
      [
       527.53,
       575.67
      ],
      [
       527.76,
       575.46
      ],
      [
       529.69,
       574.05
      ],
      [
       530.39,
       573.73
      ],
      [
       531.86,
       573.11
      ]
     ]
    ]
   }
  },
  {
   "type": "Feature",
   "properties": {
    "code": "402",
    "h1": 4,
    "h2": 0,
    "h3": 2,
    "macro": "Engineering",
    "meso": "Cybersecurity & Privacy",
    "micro": "Hardware - Software Interaction",
    "label_x": 479.08,
    "label_y": 555.23
   },
   "geometry": {
    "type": "Polygon",
    "coordinates": [
     [
      [
       444.2,
       522.02
      ],
      [
       446.77,
       521.71
      ],
      [
       449.35,
       521.45
      ],
      [
       451.94,
       521.24
      ],
      [
       454.51,
       521.07
      ],
      [
       457.09,
       520.92
      ],
      [
       459.67,
       520.8
      ],
      [
       462.24,
       520.71
      ],
      [
       464.82,
       520.63
      ],
      [
       467.41,
       520.56
      ],
      [
       469.98,
       520.52
      ],
      [
       472.56,
       520.49
      ],
      [
       475.14,
       520.49
      ],
      [
       477.71,
       520.52
      ],
      [
       480.3,
       520.59
      ],
      [
       482.87,
       520.69
      ],
      [
       485.45,
       520.86
      ],
      [
       488.03,
       521.1
      ],
      [
       490.6,
       521.41
      ],
      [
       493.18,
       521.81
      ],
      [
       494.94,
       522.16
      ],
      [
       495.76,
       522.32
      ],
      [
       498.34,
       522.96
      ],
      [
       500.92,
       523.73
      ],
      [
       501.95,
       524.09
      ],
      [
       503.5,
       524.67
      ],
      [
       506.07,
       525.77
      ],
      [
       506.61,
       526.02
      ],
      [
       508.66,
       527.07
      ],
      [
       510.25,
       527.96
      ],
      [
       511.23,
       528.55
      ],
      [
       513.36,
       529.9
      ],
      [
       513.81,
       530.19
      ],
      [
       516.19,
       531.83
      ],
      [
       516.39,
       531.97
      ],
      [
       518.95,
       533.76
      ],
      [
       518.96,
       533.78
      ],
      [
       521.54,
       535.53
      ],
      [
       521.81,
       535.7
      ],
      [
       524.12,
       537.13
      ],
      [
       525.02,
       537.64
      ],
      [
       526.7,
       538.53
      ],
      [
       528.93,
       539.57
      ],
      [
       529.28,
       539.72
      ],
      [
       531.86,
       540.7
      ],
      [
       534.43,
       541.5
      ],
      [
       537.01,
       542.15
      ],
      [
       539.59,
       542.69
      ],
      [
       542.17,
       543.15
      ],
      [
       544.06,
       543.44
      ],
      [
       544.75,
       543.55
      ],
      [
       547.32,
       543.93
      ],
      [
       549.9,
       544.31
      ],
      [
       552.48,
       544.73
      ],
      [
       555.06,
       545.22
      ],
      [
       555.74,
       545.38
      ],
      [
       557.64,
       545.92
      ],
      [
       560.21,
       546.9
      ],
      [
       561.04,
       547.31
      ],
      [
       562.79,
       548.83
      ],
      [
       563.16,
       549.24
      ],
      [
       563.71,
       551.18
      ],
      [
       563.34,
       553.11
      ],
      [
       562.79,
       554.08
      ],
      [
       562.28,
       555.05
      ],
      [
       560.73,
       556.98
      ],
      [
       560.21,
       557.46
      ],
      [
       558.74,
       558.92
      ],
      [
       557.64,
       559.8
      ],
      [
       556.36,
       560.85
      ],
      [
       555.06,
       561.76
      ],
      [
       553.61,
       562.78
      ],
      [
       552.48,
       563.48
      ],
      [
       550.46,
       564.72
      ],
      [
       549.9,
       565.03
      ],
      [
       547.32,
       566.41
      ],
      [
       546.86,
       566.66
      ],
      [
       544.75,
       567.66
      ],
      [
       542.73,
       568.59
      ],
      [
       542.17,
       568.83
      ],
      [
       539.59,
       569.89
      ],
      [
       538.0,
       570.52
      ],
      [
       537.01,
       570.89
      ],
      [
       534.43,
       571.82
      ],
      [
       532.65,
       572.46
      ],
      [
       531.86,
       572.73
      ],
      [
       529.28,
       573.58
      ],
      [
       526.83,
       574.39
      ],
      [
       526.7,
       574.43
      ],
      [
       524.12,
       575.27
      ],
      [
       521.54,
       576.12
      ],
      [
       520.93,
       576.33
      ],
      [
       518.96,
       576.98
      ],
      [
       516.39,
       577.86
      ],
      [
       515.26,
       578.26
      ],
      [
       513.81,
       578.77
      ],
      [
       511.23,
       579.7
      ],
      [
       509.88,
       580.2
      ],
      [
       508.66,
       580.64
      ],
      [
       506.07,
       581.59
      ],
      [
       504.61,
       582.13
      ],
      [
       503.5,
       582.54
      ],
      [
       500.92,
       583.46
      ],
      [
       499.19,
       584.07
      ],
      [
       498.34,
       584.36
      ],
      [
       495.76,
       585.23
      ],
      [
       493.3,
       586.0
      ],
      [
       493.18,
       586.04
      ],
      [
       490.6,
       586.81
      ],
      [
       488.03,
       587.52
      ],
      [
       486.35,
       587.94
      ],
      [
       485.45,
       588.16
      ],
      [
       482.87,
       588.76
      ],
      [
       480.3,
       589.27
      ],
      [
       477.71,
       589.71
      ],
      [
       476.57,
       589.87
      ],
      [
       475.14,
       590.09
      ],
      [
       472.56,
       590.39
      ],
      [
       469.98,
       590.62
      ],
      [
       467.41,
       590.76
      ],
      [
       464.82,
       590.82
      ],
      [
       462.24,
       590.79
      ],
      [
       459.67,
       590.68
      ],
      [
       457.09,
       590.47
      ],
      [
       454.51,
       590.15
      ],
      [
       452.84,
       589.87
      ],
      [
       451.94,
       589.73
      ],
      [
       449.35,
       589.22
      ],
      [
       446.77,
       588.57
      ],
      [
       444.69,
       587.94
      ],
      [
       444.2,
       587.78
      ],
      [
       441.62,
       586.88
      ],
      [
       439.51,
       586.0
      ],
      [
       439.04,
       585.8
      ],
      [
       436.46,
       584.55
      ],
      [
       435.57,
       584.07
      ],
      [
       433.88,
       583.09
      ],
      [
       432.39,
       582.13
      ],
      [
       431.3,
       581.38
      ],
      [
       429.74,
       580.2
      ],
      [
       428.73,
       579.36
      ],
      [
       427.48,
       578.26
      ],
      [
       426.15,
       576.94
      ],
      [
       425.55,
       576.33
      ],
      [
       423.87,
       574.39
      ],
      [
       423.57,
       574.01
      ],
      [
       422.38,
       572.46
      ],
      [
       421.1,
       570.52
      ],
      [
       420.99,
       570.35
      ],
      [
       419.91,
       568.59
      ],
      [
       418.88,
       566.66
      ],
      [
       418.41,
       565.69
      ],
      [
       417.93,
       564.72
      ],
      [
       417.05,
       562.78
      ],
      [
       416.27,
       560.85
      ],
      [
       415.84,
       559.68
      ],
      [
       415.53,
       558.92
      ],
      [
       414.83,
       556.98
      ],
      [
       414.19,
       555.05
      ],
      [
       413.62,
       553.11
      ],
      [
       413.26,
       551.7
      ],
      [
       413.11,
       551.18
      ],
      [
       412.68,
       549.24
      ],
      [
       412.37,
       547.31
      ],
      [
       412.21,
       545.38
      ],
      [
       412.22,
       543.44
      ],
      [
       412.46,
       541.5
      ],
      [
       412.95,
       539.57
      ],
      [
       413.26,
       538.79
      ],
      [
       413.73,
       537.64
      ],
      [
       414.82,
       535.7
      ],
      [
       415.84,
       534.35
      ],
      [
       416.3,
       533.76
      ],
      [
       418.22,
       531.83
      ],
      [
       418.41,
       531.66
      ],
      [
       420.66,
       529.9
      ],
      [
       420.99,
       529.66
      ],
      [
       423.57,
       528.08
      ],
      [
       423.79,
       527.96
      ],
      [
       426.15,
       526.79
      ],
      [
       427.92,
       526.02
      ],
      [
       428.73,
       525.7
      ],
      [
       431.3,
       524.79
      ],
      [
       433.67,
       524.09
      ],
      [
       433.88,
       524.03
      ],
      [
       436.46,
       523.39
      ],
      [
       439.04,
       522.84
      ],
      [
       441.62,
       522.39
      ],
      [
       443.28,
       522.16
      ],
      [
       444.2,
       522.02
      ]
     ]
    ]
   }
  },
  {
   "type": "Feature",
   "properties": {
    "code": "410",
    "h1": 4,
    "h2": 1,
    "h3": 0,
    "macro": "Engineering",
    "meso": "IoT & Edge Computing",
    "micro": "Wireless Communications",
    "label_x": 479.16,
    "label_y": 689.97
   },
   "geometry": {
    "type": "Polygon",
    "coordinates": [
     [
      [
       466.59,
       648.66
      ],
      [
       468.21,
       648.33
      ],
      [
       469.83,
       648.04
      ],
      [
       471.46,
       647.8
      ],
      [
       473.09,
       647.61
      ],
      [
       474.71,
       647.49
      ],
      [
       476.33,
       647.42
      ],
      [
       477.96,
       647.41
      ],
      [
       479.58,
       647.46
      ],
      [
       481.2,
       647.57
      ],
      [
       482.83,
       647.76
      ],
      [
       484.46,
       648.02
      ],
      [
       486.08,
       648.36
      ],
      [
       487.7,
       648.79
      ],
      [
       488.26,
       648.97
      ],
      [
       489.32,
       649.28
      ],
      [
       490.94,
       649.84
      ],
      [
       492.57,
       650.52
      ],
      [
       493.01,
       650.74
      ],
      [
       494.19,
       651.27
      ],
      [
       495.82,
       652.12
      ],
      [
       496.46,
       652.5
      ],
      [
       497.44,
       653.07
      ],
      [
       499.07,
       654.14
      ],
      [
       499.25,
       654.27
      ],
      [
       500.69,
       655.3
      ],
      [
       501.62,
       656.04
      ],
      [
       502.32,
       656.6
      ],
      [
       503.67,
       657.81
      ],
      [
       503.94,
       658.05
      ],
      [
       505.5,
       659.58
      ],
      [
       505.57,
       659.65
      ],
      [
       507.13,
       661.35
      ],
      [
       507.19,
       661.41
      ],
      [
       508.61,
       663.12
      ],
      [
       508.81,
       663.37
      ],
      [
       509.96,
       664.88
      ],
      [
       510.43,
       665.57
      ],
      [
       511.19,
       666.65
      ],
      [
       512.05,
       668.05
      ],
      [
       512.29,
       668.42
      ],
      [
       513.32,
       670.19
      ],
      [
       513.68,
       670.88
      ],
      [
       514.26,
       671.96
      ],
      [
       515.11,
       673.73
      ],
      [
       515.31,
       674.2
      ],
      [
       515.9,
       675.5
      ],
      [
       516.61,
       677.26
      ],
      [
       516.93,
       678.19
      ],
      [
       517.25,
       679.03
      ],
      [
       517.84,
       680.8
      ],
      [
       518.36,
       682.57
      ],
      [
       518.55,
       683.32
      ],
      [
       518.84,
       684.34
      ],
      [
       519.26,
       686.11
      ],
      [
       519.63,
       687.88
      ],
      [
       519.93,
       689.64
      ],
      [
       520.18,
       691.39
      ],
      [
       520.18,
       691.41
      ],
      [
       520.41,
       693.18
      ],
      [
       520.59,
       694.95
      ],
      [
       520.7,
       696.72
      ],
      [
       520.77,
       698.49
      ],
      [
       520.78,
       700.25
      ],
      [
       520.76,
       702.02
      ],
      [
       520.67,
       703.79
      ],
      [
       520.52,
       705.56
      ],
      [
       520.32,
       707.33
      ],
      [
       520.18,
       708.3
      ],
      [
       520.07,
       709.1
      ],
      [
       519.78,
       710.87
      ],
      [
       519.41,
       712.63
      ],
      [
       518.96,
       714.4
      ],
      [
       518.55,
       715.74
      ],
      [
       518.43,
       716.17
      ],
      [
       517.86,
       717.94
      ],
      [
       517.17,
       719.71
      ],
      [
       516.93,
       720.25
      ],
      [
       516.4,
       721.48
      ],
      [
       515.51,
       723.25
      ],
      [
       515.31,
       723.62
      ],
      [
       514.52,
       725.01
      ],
      [
       513.68,
       726.32
      ],
      [
       513.38,
       726.78
      ],
      [
       512.06,
       728.55
      ],
      [
       512.05,
       728.55
      ],
      [
       510.55,
       730.32
      ],
      [
       510.43,
       730.45
      ],
      [
       508.81,
       732.05
      ],
      [
       508.76,
       732.09
      ],
      [
       507.19,
       733.43
      ],
      [
       506.61,
       733.86
      ],
      [
       505.57,
       734.62
      ],
      [
       503.94,
       735.6
      ],
      [
       503.89,
       735.63
      ],
      [
       502.32,
       736.46
      ],
      [
       500.69,
       737.16
      ],
      [
       500.0,
       737.39
      ],
      [
       499.07,
       737.73
      ],
      [
       497.44,
       738.19
      ],
      [
       495.82,
       738.52
      ],
      [
       494.19,
       738.74
      ],
      [
       492.57,
       738.86
      ],
      [
       490.94,
       738.88
      ],
      [
       489.32,
       738.8
      ],
      [
       487.7,
       738.63
      ],
      [
       486.08,
       738.37
      ],
      [
       484.46,
       738.0
      ],
      [
       482.83,
       737.53
      ],
      [
       482.45,
       737.39
      ],
      [
       481.2,
       736.99
      ],
      [
       479.58,
       736.34
      ],
      [
       478.07,
       735.63
      ],
      [
       477.96,
       735.57
      ],
      [
       476.33,
       734.75
      ],
      [
       474.84,
       733.86
      ],
      [
       474.71,
       733.78
      ],
      [
       473.09,
       732.75
      ],
      [
       472.17,
       732.09
      ],
      [
       471.46,
       731.59
      ],
      [
       469.87,
       730.32
      ],
      [
       469.83,
       730.29
      ],
      [
       468.21,
       728.91
      ],
      [
       467.82,
       728.55
      ],
      [
       466.59,
       727.39
      ],
      [
       465.98,
       726.78
      ],
      [
       464.97,
       725.74
      ],
      [
       464.29,
       725.01
      ],
      [
       463.34,
       723.96
      ],
      [
       462.73,
       723.25
      ],
      [
       461.71,
       722.02
      ],
      [
       461.28,
       721.48
      ],
      [
       460.09,
       719.92
      ],
      [
       459.93,
       719.71
      ],
      [
       458.65,
       717.94
      ],
      [
       458.47,
       717.68
      ],
      [
       457.41,
       716.17
      ],
      [
       456.85,
       715.29
      ],
      [
       456.25,
       714.4
      ],
      [
       455.22,
       712.73
      ],
      [
       455.16,
       712.63
      ],
      [
       454.06,
       710.87
      ],
      [
       453.6,
       710.05
      ],
      [
       453.01,
       709.1
      ],
      [
       452.02,
       707.33
      ],
      [
       451.98,
       707.25
      ],
      [
       450.99,
       705.56
      ],
      [
       450.35,
       704.38
      ],
      [
       450.0,
       703.79
      ],
      [
       449.01,
       702.02
      ],
      [
       448.72,
       701.48
      ],
      [
       448.0,
       700.25
      ],
      [
       447.1,
       698.63
      ],
      [
       447.01,
       698.49
      ],
      [
       445.95,
       696.72
      ],
      [
       445.48,
       695.88
      ],
      [
       444.88,
       694.95
      ],
      [
       443.86,
       693.29
      ],
      [
       443.78,
       693.18
      ],
      [
       442.57,
       691.41
      ],
      [
       442.23,
       690.88
      ],
      [
       441.3,
       689.64
      ],
      [
       440.61,
       688.68
      ],
      [
       439.93,
       687.88
      ],
      [
       438.98,
       686.68
      ],
      [
       438.45,
       686.11
      ],
      [
       437.36,
       684.85
      ],
      [
       436.86,
       684.34
      ],
      [
       435.74,
       683.13
      ],
      [
       435.15,
       682.57
      ],
      [
       434.11,
       681.5
      ],
      [
       433.37,
       680.8
      ],
      [
       432.48,
       679.88
      ],
      [
       431.62,
       679.03
      ],
      [
       430.86,
       678.22
      ],
      [
       429.95,
       677.26
      ],
      [
       429.24,
       676.42
      ],
      [
       428.45,
       675.5
      ],
      [
       427.61,
       674.34
      ],
      [
       427.17,
       673.73
      ],
      [
       426.11,
       671.96
      ],
      [
       425.99,
       671.72
      ],
      [
       425.28,
       670.19
      ],
      [
       424.69,
       668.42
      ],
      [
       424.37,
       666.9
      ],
      [
       424.32,
       666.65
      ],
      [
       424.19,
       664.88
      ],
      [
       424.3,
       663.12
      ],
      [
       424.37,
       662.77
      ],
      [
       424.68,
       661.35
      ],
      [
       425.35,
       659.58
      ],
      [
       425.99,
       658.39
      ],
      [
       426.37,
       657.81
      ],
      [
       427.61,
       656.31
      ],
      [
       427.89,
       656.04
      ],
      [
       429.24,
       654.95
      ],
      [
       430.36,
       654.27
      ],
      [
       430.86,
       654.0
      ],
      [
       432.48,
       653.38
      ],
      [
       434.11,
       652.99
      ],
      [
       435.74,
       652.79
      ],
      [
       437.36,
       652.73
      ],
      [
       438.98,
       652.75
      ],
      [
       440.61,
       652.81
      ],
      [
       442.23,
       652.88
      ],
      [
       443.86,
       652.91
      ],
      [
       445.48,
       652.91
      ],
      [
       447.1,
       652.84
      ],
      [
       448.72,
       652.7
      ],
      [
       450.23,
       652.5
      ],
      [
       450.35,
       652.5
      ],
      [
       451.98,
       652.21
      ],
      [
       453.6,
       651.88
      ],
      [
       455.22,
       651.5
      ],
      [
       456.85,
       651.11
      ],
      [
       458.32,
       650.74
      ],
      [
       458.47,
       650.7
      ],
      [
       460.09,
       650.25
      ],
      [
       461.71,
       649.83
      ],
      [
       463.34,
       649.41
      ],
      [
       464.97,
       649.04
      ],
      [
       465.27,
       648.97
      ],
      [
       466.59,
       648.66
      ]
     ]
    ]
   }
  },
  {
   "type": "Feature",
   "properties": {
    "code": "411",
    "h1": 4,
    "h2": 1,
    "h3": 1,
    "macro": "Engineering",
    "meso": "IoT & Edge Computing",
    "micro": "Edge Computing",
    "label_x": 491.08,
    "label_y": 630.79
   },
   "geometry": {
    "type": "Polygon",
    "coordinates": [
     [
      [
       486.56,
       603.27
      ],
      [
       489.37,
       603.11
      ],
      [
       492.17,
       603.8
      ],
      [
       492.36,
       603.91
      ],
      [
       494.97,
       605.46
      ],
      [
       495.62,
       606.04
      ],
      [
       497.78,
       608.13
      ],
      [
       497.83,
       608.19
      ],
      [
       499.68,
       610.33
      ],
      [
       500.59,
       611.34
      ],
      [
       501.51,
       612.46
      ],
      [
       503.39,
       614.58
      ],
      [
       503.4,
       614.61
      ],
      [
       505.36,
       616.74
      ],
      [
       506.19,
       617.63
      ],
      [
       507.29,
       618.88
      ],
      [
       509.0,
       620.95
      ],
      [
       509.05,
       621.02
      ],
      [
       510.6,
       623.16
      ],
      [
       511.77,
       625.3
      ],
      [
       511.8,
       625.39
      ],
      [
       512.68,
       627.44
      ],
      [
       513.21,
       629.58
      ],
      [
       513.41,
       631.72
      ],
      [
       513.26,
       633.86
      ],
      [
       512.76,
       636.0
      ],
      [
       511.89,
       638.14
      ],
      [
       511.8,
       638.3
      ],
      [
       510.76,
       640.27
      ],
      [
       509.21,
       642.41
      ],
      [
       509.0,
       642.66
      ],
      [
       507.3,
       644.55
      ],
      [
       506.19,
       645.6
      ],
      [
       504.9,
       646.69
      ],
      [
       503.39,
       647.89
      ],
      [
       501.97,
       648.83
      ],
      [
       500.59,
       649.77
      ],
      [
       498.39,
       650.97
      ],
      [
       497.78,
       651.33
      ],
      [
       494.97,
       652.67
      ],
      [
       493.71,
       653.11
      ],
      [
       492.17,
       653.76
      ],
      [
       489.37,
       654.54
      ],
      [
       486.56,
       654.88
      ],
      [
       483.76,
       654.74
      ],
      [
       480.96,
       654.0
      ],
      [
       479.17,
       653.11
      ],
      [
       478.14,
       652.55
      ],
      [
       476.18,
       650.97
      ],
      [
       475.34,
       650.14
      ],
      [
       474.28,
       648.83
      ],
      [
       472.98,
       646.69
      ],
      [
       472.54,
       645.68
      ],
      [
       472.06,
       644.55
      ],
      [
       471.39,
       642.41
      ],
      [
       470.9,
       640.27
      ],
      [
       470.55,
       638.14
      ],
      [
       470.27,
       636.0
      ],
      [
       470.05,
       633.86
      ],
      [
       469.88,
       631.72
      ],
      [
       469.76,
       629.58
      ],
      [
       469.73,
       627.44
      ],
      [
       469.86,
       625.3
      ],
      [
       470.16,
       623.16
      ],
      [
       470.69,
       621.02
      ],
      [
       471.47,
       618.88
      ],
      [
       472.48,
       616.74
      ],
      [
       472.54,
       616.64
      ],
      [
       473.64,
       614.61
      ],
      [
       475.02,
       612.46
      ],
      [
       475.34,
       612.01
      ],
      [
       476.62,
       610.33
      ],
      [
       478.14,
       608.54
      ],
      [
       478.5,
       608.19
      ],
      [
       480.85,
       606.04
      ],
      [
       480.96,
       605.96
      ],
      [
       483.76,
       604.22
      ],
      [
       484.67,
       603.91
      ],
      [
       486.56,
       603.27
      ]
     ]
    ]
   }
  },
  {
   "type": "Feature",
   "properties": {
    "code": "412",
    "h1": 4,
    "h2": 1,
    "h3": 2,
    "macro": "Engineering",
    "meso": "IoT & Edge Computing",
    "micro": "Cloud & Distributed Systems",
    "label_x": 518.55,
    "label_y": 607.36
   },
   "geometry": {
    "type": "Polygon",
    "coordinates": [
     [
      [
       505.93,
       587.31
      ],
      [
       508.34,
       586.95
      ],
      [
       510.76,
       586.8
      ],
      [
       513.17,
       586.83
      ],
      [
       515.59,
       587.02
      ],
      [
       518.0,
       587.37
      ],
      [
       518.98,
       587.57
      ],
      [
       520.41,
       587.86
      ],
      [
       522.78,
       588.47
      ],
      [
       522.83,
       588.48
      ],
      [
       525.24,
       589.2
      ],
      [
       525.78,
       589.38
      ],
      [
       527.66,
       590.0
      ],
      [
       528.47,
       590.27
      ],
      [
       530.07,
       590.84
      ],
      [
       531.02,
       591.18
      ],
      [
       532.48,
       591.71
      ],
      [
       533.53,
       592.07
      ],
      [
       534.91,
       592.59
      ],
      [
       536.02,
       592.98
      ],
      [
       537.32,
       593.47
      ],
      [
       538.47,
       593.88
      ],
      [
       539.73,
       594.39
      ],
      [
       540.76,
       594.77
      ],
      [
       542.14,
       595.42
      ],
      [
       542.74,
       595.68
      ],
      [
       544.27,
       596.57
      ],
      [
       544.56,
       596.82
      ],
      [
       545.37,
       597.48
      ],
      [
       546.03,
       598.38
      ],
      [
       546.34,
       599.29
      ],
      [
       546.41,
       600.18
      ],
      [
       546.3,
       601.09
      ],
      [
       546.04,
       601.98
      ],
      [
       545.66,
       602.89
      ],
      [
       545.18,
       603.79
      ],
      [
       544.61,
       604.69
      ],
      [
       544.56,
       604.76
      ],
      [
       544.04,
       605.59
      ],
      [
       543.43,
       606.49
      ],
      [
       542.78,
       607.39
      ],
      [
       542.14,
       608.26
      ],
      [
       542.12,
       608.29
      ],
      [
       541.53,
       609.19
      ],
      [
       540.96,
       610.09
      ],
      [
       540.44,
       610.99
      ],
      [
       539.96,
       611.89
      ],
      [
       539.73,
       612.36
      ],
      [
       539.54,
       612.79
      ],
      [
       539.16,
       613.69
      ],
      [
       538.83,
       614.6
      ],
      [
       538.5,
       615.5
      ],
      [
       538.15,
       616.4
      ],
      [
       537.77,
       617.3
      ],
      [
       537.32,
       618.2
      ],
      [
       536.8,
       619.1
      ],
      [
       536.18,
       620.0
      ],
      [
       535.43,
       620.9
      ],
      [
       534.91,
       621.44
      ],
      [
       534.55,
       621.8
      ],
      [
       533.5,
       622.7
      ],
      [
       532.48,
       623.45
      ],
      [
       532.26,
       623.6
      ],
      [
       530.78,
       624.5
      ],
      [
       530.07,
       624.88
      ],
      [
       529.01,
       625.4
      ],
      [
       527.66,
       625.99
      ],
      [
       526.83,
       626.3
      ],
      [
       525.24,
       626.85
      ],
      [
       524.01,
       627.2
      ],
      [
       522.83,
       627.52
      ],
      [
       520.41,
       628.0
      ],
      [
       519.66,
       628.1
      ],
      [
       518.0,
       628.33
      ],
      [
       515.59,
       628.48
      ],
      [
       513.17,
       628.45
      ],
      [
       510.76,
       628.2
      ],
      [
       510.25,
       628.1
      ],
      [
       508.34,
       627.69
      ],
      [
       506.9,
       627.2
      ],
      [
       505.93,
       626.8
      ],
      [
       505.01,
       626.3
      ],
      [
       503.74,
       625.4
      ],
      [
       503.51,
       625.19
      ],
      [
       502.84,
       624.5
      ],
      [
       502.18,
       623.6
      ],
      [
       501.68,
       622.7
      ],
      [
       501.3,
       621.8
      ],
      [
       501.1,
       621.23
      ],
      [
       500.98,
       620.9
      ],
      [
       500.7,
       620.0
      ],
      [
       500.42,
       619.1
      ],
      [
       500.11,
       618.2
      ],
      [
       499.75,
       617.3
      ],
      [
       499.33,
       616.4
      ],
      [
       498.82,
       615.5
      ],
      [
       498.68,
       615.27
      ],
      [
       498.24,
       614.6
      ],
      [
       497.6,
       613.69
      ],
      [
       496.93,
       612.79
      ],
      [
       496.27,
       611.92
      ],
      [
       496.25,
       611.89
      ],
      [
       495.56,
       610.99
      ],
      [
       494.93,
       610.09
      ],
      [
       494.34,
       609.19
      ],
      [
       493.86,
       608.36
      ],
      [
       493.82,
       608.29
      ],
      [
       493.33,
       607.39
      ],
      [
       492.92,
       606.49
      ],
      [
       492.57,
       605.59
      ],
      [
       492.3,
       604.69
      ],
      [
       492.09,
       603.79
      ],
      [
       491.94,
       602.89
      ],
      [
       491.84,
       601.98
      ],
      [
       491.81,
       601.09
      ],
      [
       491.84,
       600.18
      ],
      [
       491.93,
       599.29
      ],
      [
       492.09,
       598.38
      ],
      [
       492.32,
       597.48
      ],
      [
       492.64,
       596.57
      ],
      [
       493.05,
       595.68
      ],
      [
       493.56,
       594.77
      ],
      [
       493.86,
       594.35
      ],
      [
       494.18,
       593.88
      ],
      [
       494.92,
       592.98
      ],
      [
       495.81,
       592.07
      ],
      [
       496.27,
       591.67
      ],
      [
       496.89,
       591.18
      ],
      [
       498.18,
       590.27
      ],
      [
       498.68,
       589.96
      ],
      [
       499.78,
       589.38
      ],
      [
       501.1,
       588.75
      ],
      [
       501.84,
       588.47
      ],
      [
       503.51,
       587.89
      ],
      [
       504.81,
       587.57
      ],
      [
       505.93,
       587.31
      ]
     ]
    ]
   }
  },
  {
   "type": "Feature",
   "properties": {
    "code": "413",
    "h1": 4,
    "h2": 1,
    "h3": 3,
    "macro": "Engineering",
    "meso": "IoT & Edge Computing",
    "micro": "IoT Devices & Sensors",
    "label_x": 523.17,
    "label_y": 650.52
   },
   "geometry": {
    "type": "Polygon",
    "coordinates": [
     [
      [
       531.75,
       630.22
      ],
      [
       533.61,
       630.17
      ],
      [
       535.46,
       630.24
      ],
      [
       536.69,
       630.37
      ],
      [
       537.33,
       630.43
      ],
      [
       539.19,
       630.76
      ],
      [
       541.05,
       631.23
      ],
      [
       542.64,
       631.8
      ],
      [
       542.91,
       631.89
      ],
      [
       544.77,
       632.75
      ],
      [
       545.61,
       633.23
      ],
      [
       546.63,
       633.87
      ],
      [
       547.69,
       634.65
      ],
      [
       548.5,
       635.34
      ],
      [
       549.26,
       636.09
      ],
      [
       550.35,
       637.36
      ],
      [
       550.47,
       637.52
      ],
      [
       551.42,
       638.95
      ],
      [
       552.13,
       640.38
      ],
      [
       552.21,
       640.61
      ],
      [
       552.64,
       641.8
      ],
      [
       552.96,
       643.24
      ],
      [
       553.1,
       644.66
      ],
      [
       553.04,
       646.09
      ],
      [
       552.79,
       647.52
      ],
      [
       552.34,
       648.96
      ],
      [
       552.21,
       649.24
      ],
      [
       551.68,
       650.39
      ],
      [
       550.78,
       651.81
      ],
      [
       550.35,
       652.35
      ],
      [
       549.61,
       653.24
      ],
      [
       548.5,
       654.34
      ],
      [
       548.13,
       654.67
      ],
      [
       546.63,
       655.87
      ],
      [
       546.32,
       656.11
      ],
      [
       544.77,
       657.14
      ],
      [
       544.16,
       657.54
      ],
      [
       542.91,
       658.25
      ],
      [
       541.59,
       658.96
      ],
      [
       541.05,
       659.25
      ],
      [
       539.19,
       660.16
      ],
      [
       538.68,
       660.39
      ],
      [
       537.33,
       661.01
      ],
      [
       535.46,
       661.82
      ],
      [
       533.61,
       662.63
      ],
      [
       532.14,
       663.25
      ],
      [
       531.75,
       663.43
      ],
      [
       529.88,
       664.22
      ],
      [
       528.8,
       664.68
      ],
      [
       528.02,
       665.02
      ],
      [
       526.16,
       665.79
      ],
      [
       525.37,
       666.11
      ],
      [
       524.3,
       666.54
      ],
      [
       522.44,
       667.23
      ],
      [
       521.47,
       667.54
      ],
      [
       520.58,
       667.83
      ],
      [
       518.72,
       668.34
      ],
      [
       516.86,
       668.74
      ],
      [
       515.25,
       668.96
      ],
      [
       515.0,
       669.0
      ],
      [
       513.13,
       669.16
      ],
      [
       511.28,
       669.18
      ],
      [
       509.42,
       669.07
      ],
      [
       508.63,
       668.96
      ],
      [
       507.55,
       668.84
      ],
      [
       505.69,
       668.45
      ],
      [
       503.84,
       667.92
      ],
      [
       502.81,
       667.54
      ],
      [
       501.97,
       667.23
      ],
      [
       500.11,
       666.35
      ],
      [
       499.68,
       666.11
      ],
      [
       498.25,
       665.26
      ],
      [
       497.42,
       664.68
      ],
      [
       496.39,
       663.89
      ],
      [
       495.64,
       663.25
      ],
      [
       494.53,
       662.14
      ],
      [
       494.23,
       661.82
      ],
      [
       493.1,
       660.39
      ],
      [
       492.67,
       659.69
      ],
      [
       492.22,
       658.96
      ],
      [
       491.55,
       657.54
      ],
      [
       491.11,
       656.11
      ],
      [
       490.87,
       654.67
      ],
      [
       490.84,
       653.24
      ],
      [
       491.01,
       651.81
      ],
      [
       491.43,
       650.39
      ],
      [
       492.12,
       648.96
      ],
      [
       492.67,
       648.15
      ],
      [
       493.12,
       647.52
      ],
      [
       494.51,
       646.09
      ],
      [
       494.53,
       646.08
      ],
      [
       496.37,
       644.66
      ],
      [
       496.39,
       644.65
      ],
      [
       498.25,
       643.52
      ],
      [
       498.81,
       643.24
      ],
      [
       500.11,
       642.58
      ],
      [
       501.84,
       641.8
      ],
      [
       501.97,
       641.75
      ],
      [
       503.84,
       640.94
      ],
      [
       505.17,
       640.38
      ],
      [
       505.69,
       640.15
      ],
      [
       507.55,
       639.31
      ],
      [
       508.34,
       638.95
      ],
      [
       509.42,
       638.42
      ],
      [
       511.22,
       637.52
      ],
      [
       511.28,
       637.49
      ],
      [
       513.13,
       636.49
      ],
      [
       513.88,
       636.09
      ],
      [
       515.0,
       635.49
      ],
      [
       516.61,
       634.65
      ],
      [
       516.86,
       634.53
      ],
      [
       518.72,
       633.62
      ],
      [
       519.64,
       633.23
      ],
      [
       520.58,
       632.81
      ],
      [
       522.44,
       632.11
      ],
      [
       523.44,
       631.8
      ],
      [
       524.3,
       631.52
      ],
      [
       526.16,
       631.03
      ],
      [
       528.02,
       630.65
      ],
      [
       529.88,
       630.38
      ],
      [
       530.1,
       630.37
      ],
      [
       531.75,
       630.22
      ]
     ]
    ]
   }
  },
  {
   "type": "Feature",
   "properties": {
    "code": "420",
    "h1": 4,
    "h2": 2,
    "h3": 0,
    "macro": "Engineering",
    "meso": "Anomaly & Fault Detection",
    "micro": "Structural Health Monitoring",
    "label_x": 303.0,
    "label_y": 532.9
   },
   "geometry": {
    "type": "Polygon",
    "coordinates": [
     [
      [
       299.85,
       506.98
      ],
      [
       301.18,
       506.72
      ],
      [
       302.51,
       506.57
      ],
      [
       303.85,
       506.51
      ],
      [
       305.18,
       506.55
      ],
      [
       306.52,
       506.7
      ],
      [
       307.86,
       506.95
      ],
      [
       309.18,
       507.33
      ],
      [
       309.25,
       507.35
      ],
      [
       310.51,
       507.79
      ],
      [
       311.85,
       508.39
      ],
      [
       312.36,
       508.68
      ],
      [
       313.19,
       509.14
      ],
      [
       314.44,
       510.01
      ],
      [
       314.52,
       510.07
      ],
      [
       315.85,
       511.18
      ],
      [
       316.03,
       511.33
      ],
      [
       317.18,
       512.53
      ],
      [
       317.31,
       512.66
      ],
      [
       318.37,
       513.99
      ],
      [
       318.52,
       514.2
      ],
      [
       319.28,
       515.32
      ],
      [
       319.85,
       516.37
      ],
      [
       320.01,
       516.65
      ],
      [
       320.65,
       517.98
      ],
      [
       321.13,
       519.3
      ],
      [
       321.19,
       519.48
      ],
      [
       321.58,
       520.63
      ],
      [
       321.92,
       521.96
      ],
      [
       322.18,
       523.29
      ],
      [
       322.36,
       524.61
      ],
      [
       322.49,
       525.94
      ],
      [
       322.52,
       526.3
      ],
      [
       322.6,
       527.27
      ],
      [
       322.68,
       528.6
      ],
      [
       322.71,
       529.93
      ],
      [
       322.71,
       531.26
      ],
      [
       322.67,
       532.58
      ],
      [
       322.59,
       533.91
      ],
      [
       322.52,
       534.73
      ],
      [
       322.48,
       535.24
      ],
      [
       322.34,
       536.57
      ],
      [
       322.14,
       537.89
      ],
      [
       321.86,
       539.22
      ],
      [
       321.48,
       540.55
      ],
      [
       321.19,
       541.33
      ],
      [
       321.0,
       541.88
      ],
      [
       320.39,
       543.21
      ],
      [
       319.85,
       544.11
      ],
      [
       319.61,
       544.54
      ],
      [
       318.65,
       545.86
      ],
      [
       318.52,
       546.01
      ],
      [
       317.51,
       547.19
      ],
      [
       317.18,
       547.52
      ],
      [
       316.18,
       548.52
      ],
      [
       315.85,
       548.8
      ],
      [
       314.65,
       549.84
      ],
      [
       314.52,
       549.95
      ],
      [
       313.19,
       551.02
      ],
      [
       313.0,
       551.17
      ],
      [
       311.85,
       552.06
      ],
      [
       311.25,
       552.5
      ],
      [
       310.51,
       553.04
      ],
      [
       309.41,
       553.83
      ],
      [
       309.18,
       553.99
      ],
      [
       307.86,
       554.91
      ],
      [
       307.47,
       555.16
      ],
      [
       306.52,
       555.78
      ],
      [
       305.31,
       556.49
      ],
      [
       305.18,
       556.57
      ],
      [
       303.85,
       557.28
      ],
      [
       302.61,
       557.82
      ],
      [
       302.51,
       557.86
      ],
      [
       301.18,
       558.33
      ],
      [
       299.85,
       558.65
      ],
      [
       298.51,
       558.82
      ],
      [
       297.18,
       558.83
      ],
      [
       295.85,
       558.67
      ],
      [
       294.51,
       558.32
      ],
      [
       293.36,
       557.82
      ],
      [
       293.18,
       557.74
      ],
      [
       291.85,
       556.93
      ],
      [
       291.29,
       556.49
      ],
      [
       290.51,
       555.84
      ],
      [
       289.85,
       555.16
      ],
      [
       289.18,
       554.43
      ],
      [
       288.71,
       553.83
      ],
      [
       287.84,
       552.65
      ],
      [
       287.75,
       552.5
      ],
      [
       286.91,
       551.17
      ],
      [
       286.51,
       550.46
      ],
      [
       286.17,
       549.84
      ],
      [
       285.49,
       548.52
      ],
      [
       285.18,
       547.85
      ],
      [
       284.87,
       547.19
      ],
      [
       284.29,
       545.86
      ],
      [
       283.85,
       544.71
      ],
      [
       283.78,
       544.54
      ],
      [
       283.29,
       543.21
      ],
      [
       282.86,
       541.88
      ],
      [
       282.51,
       540.55
      ],
      [
       282.19,
       539.22
      ],
      [
       281.94,
       537.89
      ],
      [
       281.75,
       536.57
      ],
      [
       281.64,
       535.24
      ],
      [
       281.61,
       533.91
      ],
      [
       281.64,
       532.58
      ],
      [
       281.73,
       531.26
      ],
      [
       281.89,
       529.93
      ],
      [
       282.12,
       528.6
      ],
      [
       282.44,
       527.27
      ],
      [
       282.51,
       526.99
      ],
      [
       282.77,
       525.94
      ],
      [
       283.16,
       524.61
      ],
      [
       283.65,
       523.29
      ],
      [
       283.85,
       522.81
      ],
      [
       284.17,
       521.96
      ],
      [
       284.75,
       520.63
      ],
      [
       285.18,
       519.78
      ],
      [
       285.4,
       519.3
      ],
      [
       286.11,
       517.98
      ],
      [
       286.51,
       517.32
      ],
      [
       286.91,
       516.65
      ],
      [
       287.84,
       515.32
      ],
      [
       287.84,
       515.31
      ],
      [
       288.84,
       513.99
      ],
      [
       289.18,
       513.59
      ],
      [
       290.01,
       512.66
      ],
      [
       290.51,
       512.16
      ],
      [
       291.4,
       511.33
      ],
      [
       291.85,
       510.95
      ],
      [
       293.11,
       510.01
      ],
      [
       293.18,
       509.95
      ],
      [
       294.51,
       509.09
      ],
      [
       295.3,
       508.68
      ],
      [
       295.85,
       508.38
      ],
      [
       297.18,
       507.8
      ],
      [
       298.51,
       507.36
      ],
      [
       298.54,
       507.35
      ],
      [
       299.85,
       506.98
      ]
     ]
    ]
   }
  },
  {
   "type": "Feature",
   "properties": {
    "code": "421",
    "h1": 4,
    "h2": 2,
    "h3": 1,
    "macro": "Engineering",
    "meso": "Anomaly & Fault Detection",
    "micro": "Anomaly Detection",
    "label_x": 381.65,
    "label_y": 569.43
   },
   "geometry": {
    "type": "Polygon",
    "coordinates": [
     [
      [
       383.38,
       532.23
      ],
      [
       385.02,
       531.7
      ],
      [
       386.66,
       531.61
      ],
      [
       388.31,
       532.17
      ],
      [
       388.52,
       532.34
      ],
      [
       389.73,
       533.68
      ],
      [
       389.95,
       534.03
      ],
      [
       390.39,
       535.01
      ],
      [
       390.88,
       536.35
      ],
      [
       391.3,
       537.69
      ],
      [
       391.59,
       538.52
      ],
      [
       391.76,
       539.03
      ],
      [
       392.38,
       540.37
      ],
      [
       393.24,
       541.41
      ],
      [
       393.54,
       541.7
      ],
      [
       394.88,
       542.46
      ],
      [
       396.52,
       542.99
      ],
      [
       396.8,
       543.04
      ],
      [
       398.16,
       543.21
      ],
      [
       399.8,
       543.32
      ],
      [
       401.45,
       543.32
      ],
      [
       403.09,
       543.28
      ],
      [
       404.73,
       543.2
      ],
      [
       406.38,
       543.09
      ],
      [
       406.92,
       543.04
      ],
      [
       408.02,
       542.95
      ],
      [
       409.66,
       542.81
      ],
      [
       411.3,
       542.7
      ],
      [
       412.95,
       542.61
      ],
      [
       414.59,
       542.57
      ],
      [
       416.23,
       542.62
      ],
      [
       417.88,
       542.83
      ],
      [
       418.71,
       543.04
      ],
      [
       419.51,
       543.29
      ],
      [
       421.16,
       544.28
      ],
      [
       421.27,
       544.38
      ],
      [
       422.26,
       545.71
      ],
      [
       422.77,
       547.06
      ],
      [
       422.81,
       547.27
      ],
      [
       422.98,
       548.39
      ],
      [
       422.99,
       549.73
      ],
      [
       422.87,
       551.07
      ],
      [
       422.81,
       551.4
      ],
      [
       422.62,
       552.41
      ],
      [
       422.26,
       553.75
      ],
      [
       421.79,
       555.08
      ],
      [
       421.22,
       556.43
      ],
      [
       421.16,
       556.54
      ],
      [
       420.57,
       557.76
      ],
      [
       419.8,
       559.1
      ],
      [
       419.51,
       559.52
      ],
      [
       418.94,
       560.44
      ],
      [
       417.98,
       561.77
      ],
      [
       417.88,
       561.91
      ],
      [
       416.94,
       563.12
      ],
      [
       416.23,
       563.93
      ],
      [
       415.78,
       564.45
      ],
      [
       414.59,
       565.71
      ],
      [
       414.51,
       565.79
      ],
      [
       413.14,
       567.13
      ],
      [
       412.95,
       567.3
      ],
      [
       411.62,
       568.46
      ],
      [
       411.3,
       568.73
      ],
      [
       409.95,
       569.81
      ],
      [
       409.66,
       570.02
      ],
      [
       408.11,
       571.14
      ],
      [
       408.02,
       571.2
      ],
      [
       406.38,
       572.28
      ],
      [
       406.05,
       572.48
      ],
      [
       404.73,
       573.28
      ],
      [
       403.77,
       573.82
      ],
      [
       403.09,
       574.2
      ],
      [
       401.45,
       575.05
      ],
      [
       401.23,
       575.16
      ],
      [
       399.8,
       575.88
      ],
      [
       398.47,
       576.5
      ],
      [
       398.16,
       576.64
      ],
      [
       396.52,
       577.4
      ],
      [
       395.51,
       577.83
      ],
      [
       394.88,
       578.12
      ],
      [
       393.24,
       578.84
      ],
      [
       392.45,
       579.18
      ],
      [
       391.59,
       579.55
      ],
      [
       389.95,
       580.27
      ],
      [
       389.39,
       580.51
      ],
      [
       388.31,
       581.01
      ],
      [
       386.66,
       581.74
      ],
      [
       386.44,
       581.84
      ],
      [
       385.02,
       582.54
      ],
      [
       383.71,
       583.19
      ],
      [
       383.38,
       583.36
      ],
      [
       381.73,
       584.25
      ],
      [
       381.25,
       584.52
      ],
      [
       380.09,
       585.21
      ],
      [
       379.06,
       585.87
      ],
      [
       378.45,
       586.27
      ],
      [
       377.1,
       587.2
      ],
      [
       376.8,
       587.42
      ],
      [
       375.33,
       588.54
      ],
      [
       375.16,
       588.68
      ],
      [
       373.73,
       589.88
      ],
      [
       373.52,
       590.05
      ],
      [
       372.23,
       591.21
      ],
      [
       371.88,
       591.54
      ],
      [
       370.82,
       592.55
      ],
      [
       370.23,
       593.13
      ],
      [
       369.47,
       593.89
      ],
      [
       368.59,
       594.79
      ],
      [
       368.16,
       595.23
      ],
      [
       366.95,
       596.48
      ],
      [
       366.87,
       596.57
      ],
      [
       365.55,
       597.9
      ],
      [
       365.31,
       598.16
      ],
      [
       364.19,
       599.25
      ],
      [
       363.67,
       599.74
      ],
      [
       362.73,
       600.58
      ],
      [
       362.02,
       601.2
      ],
      [
       361.11,
       601.92
      ],
      [
       360.38,
       602.48
      ],
      [
       359.22,
       603.26
      ],
      [
       358.74,
       603.58
      ],
      [
       357.09,
       604.47
      ],
      [
       356.77,
       604.6
      ],
      [
       355.45,
       605.14
      ],
      [
       353.81,
       605.59
      ],
      [
       352.16,
       605.8
      ],
      [
       350.53,
       605.7
      ],
      [
       348.88,
       605.18
      ],
      [
       347.91,
       604.6
      ],
      [
       347.23,
       604.08
      ],
      [
       346.51,
       603.26
      ],
      [
       345.61,
       601.92
      ],
      [
       345.6,
       601.9
      ],
      [
       344.99,
       600.58
      ],
      [
       344.49,
       599.25
      ],
      [
       344.05,
       597.9
      ],
      [
       343.95,
       597.59
      ],
      [
       343.66,
       596.57
      ],
      [
       343.28,
       595.23
      ],
      [
       342.92,
       593.89
      ],
      [
       342.57,
       592.55
      ],
      [
       342.31,
       591.44
      ],
      [
       342.26,
       591.21
      ],
      [
       341.99,
       589.88
      ],
      [
       341.79,
       588.54
      ],
      [
       341.68,
       587.2
      ],
      [
       341.66,
       585.87
      ],
      [
       341.76,
       584.52
      ],
      [
       341.97,
       583.19
      ],
      [
       342.31,
       581.84
      ],
      [
       342.8,
       580.51
      ],
      [
       343.43,
       579.18
      ],
      [
       343.95,
       578.27
      ],
      [
       344.22,
       577.83
      ],
      [
       345.2,
       576.5
      ],
      [
       345.6,
       576.02
      ],
      [
       346.38,
       575.16
      ],
      [
       347.23,
       574.31
      ],
      [
       347.78,
       573.82
      ],
      [
       348.88,
       572.93
      ],
      [
       349.49,
       572.48
      ],
      [
       350.53,
       571.77
      ],
      [
       351.56,
       571.14
      ],
      [
       352.16,
       570.79
      ],
      [
       353.81,
       569.93
      ],
      [
       354.09,
       569.81
      ],
      [
       355.45,
       569.18
      ],
      [
       357.09,
       568.5
      ],
      [
       357.17,
       568.46
      ],
      [
       358.74,
       567.84
      ],
      [
       360.38,
       567.21
      ],
      [
       360.59,
       567.13
      ],
      [
       362.02,
       566.54
      ],
      [
       363.67,
       565.82
      ],
      [
       363.73,
       565.79
      ],
      [
       365.31,
       565.0
      ],
      [
       366.28,
       564.45
      ],
      [
       366.95,
       564.05
      ],
      [
       368.41,
       563.12
      ],
      [
       368.59,
       562.98
      ],
      [
       370.21,
       561.77
      ],
      [
       370.23,
       561.76
      ],
      [
       371.78,
       560.44
      ],
      [
       371.88,
       560.35
      ],
      [
       373.18,
       559.1
      ],
      [
       373.52,
       558.75
      ],
      [
       374.45,
       557.76
      ],
      [
       375.16,
       556.94
      ],
      [
       375.62,
       556.43
      ],
      [
       376.68,
       555.08
      ],
      [
       376.8,
       554.89
      ],
      [
       377.61,
       553.75
      ],
      [
       378.4,
       552.41
      ],
      [
       378.45,
       552.28
      ],
      [
       379.03,
       551.07
      ],
      [
       379.45,
       549.73
      ],
      [
       379.62,
       548.39
      ],
      [
       379.56,
       547.06
      ],
      [
       379.3,
       545.71
      ],
      [
       378.96,
       544.38
      ],
      [
       378.61,
       543.04
      ],
      [
       378.45,
       542.2
      ],
      [
       378.38,
       541.7
      ],
      [
       378.3,
       540.37
      ],
      [
       378.39,
       539.03
      ],
      [
       378.45,
       538.72
      ],
      [
       378.7,
       537.69
      ],
      [
       379.26,
       536.35
      ],
      [
       380.03,
       535.01
      ],
      [
       380.09,
       534.93
      ],
      [
       381.29,
       533.68
      ],
      [
       381.73,
       533.29
      ],
      [
       383.2,
       532.34
      ],
      [
       383.38,
       532.23
      ]
     ]
    ]
   }
  },
  {
   "type": "Feature",
   "properties": {
    "code": "422",
    "h1": 4,
    "h2": 2,
    "h3": 2,
    "macro": "Engineering",
    "meso": "Anomaly & Fault Detection",
    "micro": "Fault Detection",
    "label_x": 293.33,
    "label_y": 575.68
   },
   "geometry": {
    "type": "Polygon",
    "coordinates": [
     [
      [
       291.4,
       550.19
      ],
      [
       293.28,
       549.57
      ],
      [
       295.16,
       549.2
      ],
      [
       297.05,
       549.09
      ],
      [
       298.93,
       549.23
      ],
      [
       300.82,
       549.7
      ],
      [
       302.02,
       550.22
      ],
      [
       302.7,
       550.52
      ],
      [
       304.58,
       551.75
      ],
      [
       305.4,
       552.45
      ],
      [
       306.47,
       553.47
      ],
      [
       307.51,
       554.68
      ],
      [
       308.34,
       555.8
      ],
      [
       309.11,
       556.91
      ],
      [
       310.23,
       558.87
      ],
      [
       310.38,
       559.14
      ],
      [
       311.46,
       561.37
      ],
      [
       312.11,
       563.1
      ],
      [
       312.31,
       563.61
      ],
      [
       313.03,
       565.83
      ],
      [
       313.54,
       568.07
      ],
      [
       313.86,
       570.3
      ],
      [
       313.99,
       572.53
      ],
      [
       313.92,
       574.76
      ],
      [
       313.66,
       576.99
      ],
      [
       313.19,
       579.22
      ],
      [
       312.49,
       581.46
      ],
      [
       312.11,
       582.36
      ],
      [
       311.58,
       583.68
      ],
      [
       310.43,
       585.92
      ],
      [
       310.23,
       586.25
      ],
      [
       309.04,
       588.15
      ],
      [
       308.34,
       589.09
      ],
      [
       307.34,
       590.38
      ],
      [
       306.47,
       591.38
      ],
      [
       305.25,
       592.61
      ],
      [
       304.58,
       593.24
      ],
      [
       302.7,
       594.76
      ],
      [
       302.59,
       594.84
      ],
      [
       300.82,
       596.03
      ],
      [
       298.93,
       597.05
      ],
      [
       298.87,
       597.07
      ],
      [
       297.05,
       597.87
      ],
      [
       295.16,
       598.48
      ],
      [
       293.28,
       598.9
      ],
      [
       291.4,
       599.13
      ],
      [
       289.52,
       599.18
      ],
      [
       287.64,
       599.08
      ],
      [
       285.76,
       598.83
      ],
      [
       283.87,
       598.41
      ],
      [
       281.99,
       597.84
      ],
      [
       280.12,
       597.07
      ],
      [
       280.11,
       597.07
      ],
      [
       278.22,
       596.12
      ],
      [
       276.37,
       594.84
      ],
      [
       276.34,
       594.82
      ],
      [
       274.46,
       593.02
      ],
      [
       274.12,
       592.61
      ],
      [
       272.66,
       590.38
      ],
      [
       272.58,
       590.2
      ],
      [
       271.7,
       588.15
      ],
      [
       271.09,
       585.92
      ],
      [
       270.75,
       583.68
      ],
      [
       270.69,
       582.84
      ],
      [
       270.61,
       581.46
      ],
      [
       270.66,
       579.22
      ],
      [
       270.69,
       578.93
      ],
      [
       270.88,
       576.99
      ],
      [
       271.26,
       574.76
      ],
      [
       271.81,
       572.53
      ],
      [
       272.56,
       570.3
      ],
      [
       272.58,
       570.27
      ],
      [
       273.45,
       568.07
      ],
      [
       274.46,
       566.04
      ],
      [
       274.57,
       565.83
      ],
      [
       275.86,
       563.61
      ],
      [
       276.34,
       562.88
      ],
      [
       277.39,
       561.37
      ],
      [
       278.22,
       560.3
      ],
      [
       279.18,
       559.14
      ],
      [
       280.11,
       558.11
      ],
      [
       281.29,
       556.91
      ],
      [
       281.99,
       556.23
      ],
      [
       283.78,
       554.68
      ],
      [
       283.87,
       554.61
      ],
      [
       285.76,
       553.18
      ],
      [
       286.91,
       552.45
      ],
      [
       287.64,
       551.97
      ],
      [
       289.52,
       550.96
      ],
      [
       291.34,
       550.22
      ],
      [
       291.4,
       550.19
      ]
     ]
    ]
   }
  },
  {
   "type": "Feature",
   "properties": {
    "code": "430",
    "h1": 4,
    "h2": 3,
    "h3": 0,
    "macro": "Engineering",
    "meso": "Energy Technologies",
    "micro": "NEV & Battery Health",
    "label_x": 282.07,
    "label_y": 670.41
   },
   "geometry": {
    "type": "Polygon",
    "coordinates": [
     [
      [
       288.53,
       645.04
      ],
      [
       290.49,
       644.96
      ],
      [
       292.45,
       645.09
      ],
      [
       294.4,
       645.42
      ],
      [
       296.35,
       646.02
      ],
      [
       298.31,
       646.98
      ],
      [
       299.31,
       647.64
      ],
      [
       300.26,
       648.4
      ],
      [
       302.0,
       650.2
      ],
      [
       302.21,
       650.52
      ],
      [
       303.54,
       652.75
      ],
      [
       304.17,
       654.63
      ],
      [
       304.39,
       655.31
      ],
      [
       304.71,
       657.87
      ],
      [
       304.6,
       660.43
      ],
      [
       304.17,
       662.74
      ],
      [
       304.13,
       662.98
      ],
      [
       303.44,
       665.54
      ],
      [
       302.48,
       668.1
      ],
      [
       302.21,
       668.63
      ],
      [
       301.38,
       670.65
      ],
      [
       300.26,
       672.86
      ],
      [
       300.1,
       673.21
      ],
      [
       298.73,
       675.77
      ],
      [
       298.31,
       676.44
      ],
      [
       297.22,
       678.32
      ],
      [
       296.35,
       679.59
      ],
      [
       295.51,
       680.88
      ],
      [
       294.4,
       682.36
      ],
      [
       293.59,
       683.43
      ],
      [
       292.45,
       684.79
      ],
      [
       291.36,
       686.0
      ],
      [
       290.49,
       686.89
      ],
      [
       288.7,
       688.55
      ],
      [
       288.53,
       688.69
      ],
      [
       286.59,
       690.29
      ],
      [
       285.36,
       691.1
      ],
      [
       284.63,
       691.61
      ],
      [
       282.68,
       692.73
      ],
      [
       280.73,
       693.59
      ],
      [
       280.49,
       693.66
      ],
      [
       278.77,
       694.32
      ],
      [
       276.82,
       694.83
      ],
      [
       274.86,
       695.11
      ],
      [
       272.91,
       695.18
      ],
      [
       270.96,
       695.02
      ],
      [
       269.0,
       694.59
      ],
      [
       267.05,
       693.81
      ],
      [
       266.78,
       693.66
      ],
      [
       265.1,
       692.68
      ],
      [
       263.27,
       691.1
      ],
      [
       263.14,
       690.96
      ],
      [
       261.29,
       688.55
      ],
      [
       261.18,
       688.36
      ],
      [
       260.01,
       686.0
      ],
      [
       259.24,
       683.44
      ],
      [
       259.23,
       683.43
      ],
      [
       258.76,
       680.88
      ],
      [
       258.59,
       678.32
      ],
      [
       258.7,
       675.77
      ],
      [
       259.07,
       673.21
      ],
      [
       259.24,
       672.5
      ],
      [
       259.63,
       670.65
      ],
      [
       260.44,
       668.1
      ],
      [
       261.18,
       666.35
      ],
      [
       261.53,
       665.54
      ],
      [
       262.86,
       662.98
      ],
      [
       263.14,
       662.52
      ],
      [
       264.46,
       660.43
      ],
      [
       265.1,
       659.54
      ],
      [
       266.39,
       657.87
      ],
      [
       267.05,
       657.06
      ],
      [
       268.68,
       655.31
      ],
      [
       269.0,
       654.96
      ],
      [
       270.96,
       653.12
      ],
      [
       271.41,
       652.75
      ],
      [
       272.91,
       651.49
      ],
      [
       274.78,
       650.2
      ],
      [
       274.86,
       650.14
      ],
      [
       276.82,
       648.86
      ],
      [
       278.77,
       647.86
      ],
      [
       279.29,
       647.64
      ],
      [
       280.73,
       646.95
      ],
      [
       282.68,
       646.22
      ],
      [
       284.63,
       645.67
      ],
      [
       286.59,
       645.28
      ],
      [
       288.21,
       645.09
      ],
      [
       288.53,
       645.04
      ]
     ]
    ]
   }
  },
  {
   "type": "Feature",
   "properties": {
    "code": "431",
    "h1": 4,
    "h2": 3,
    "h3": 1,
    "macro": "Engineering",
    "meso": "Energy Technologies",
    "micro": "Power Asset Monitoring",
    "label_x": 315.8,
    "label_y": 605.82
   },
   "geometry": {
    "type": "Polygon",
    "coordinates": [
     [
      [
       315.48,
       581.42
      ],
      [
       317.8,
       580.58
      ],
      [
       320.14,
       580.04
      ],
      [
       322.47,
       579.77
      ],
      [
       324.8,
       579.79
      ],
      [
       327.13,
       580.11
      ],
      [
       329.47,
       580.77
      ],
      [
       331.8,
       581.84
      ],
      [
       334.13,
       583.54
      ],
      [
       334.66,
       584.07
      ],
      [
       336.28,
       586.29
      ],
      [
       336.46,
       586.69
      ],
      [
       337.19,
       588.5
      ],
      [
       337.65,
       590.71
      ],
      [
       337.78,
       592.94
      ],
      [
       337.69,
       595.16
      ],
      [
       337.42,
       597.38
      ],
      [
       336.99,
       599.59
      ],
      [
       336.46,
       601.62
      ],
      [
       336.43,
       601.82
      ],
      [
       335.8,
       604.04
      ],
      [
       335.03,
       606.25
      ],
      [
       334.13,
       608.4
      ],
      [
       334.1,
       608.46
      ],
      [
       333.12,
       610.69
      ],
      [
       331.9,
       612.91
      ],
      [
       331.8,
       613.07
      ],
      [
       330.55,
       615.12
      ],
      [
       329.47,
       616.64
      ],
      [
       328.96,
       617.34
      ],
      [
       327.13,
       619.5
      ],
      [
       324.8,
       621.82
      ],
      [
       322.47,
       623.76
      ],
      [
       322.14,
       624.0
      ],
      [
       320.14,
       625.38
      ],
      [
       318.68,
       626.21
      ],
      [
       317.8,
       626.72
      ],
      [
       315.48,
       627.84
      ],
      [
       313.94,
       628.44
      ],
      [
       313.14,
       628.75
      ],
      [
       310.81,
       629.51
      ],
      [
       308.48,
       630.05
      ],
      [
       306.15,
       630.38
      ],
      [
       303.82,
       630.46
      ],
      [
       301.48,
       630.21
      ],
      [
       299.15,
       629.51
      ],
      [
       297.32,
       628.44
      ],
      [
       296.82,
       628.08
      ],
      [
       295.09,
       626.21
      ],
      [
       294.49,
       625.29
      ],
      [
       293.81,
       624.0
      ],
      [
       293.04,
       621.78
      ],
      [
       292.59,
       619.56
      ],
      [
       292.41,
       617.34
      ],
      [
       292.43,
       615.12
      ],
      [
       292.6,
       612.91
      ],
      [
       292.95,
       610.69
      ],
      [
       293.43,
       608.46
      ],
      [
       294.09,
       606.25
      ],
      [
       294.49,
       605.15
      ],
      [
       294.86,
       604.04
      ],
      [
       295.75,
       601.82
      ],
      [
       296.82,
       599.66
      ],
      [
       296.86,
       599.59
      ],
      [
       298.03,
       597.38
      ],
      [
       299.15,
       595.63
      ],
      [
       299.45,
       595.16
      ],
      [
       301.04,
       592.94
      ],
      [
       301.48,
       592.39
      ],
      [
       302.87,
       590.71
      ],
      [
       303.82,
       589.68
      ],
      [
       305.0,
       588.5
      ],
      [
       306.15,
       587.41
      ],
      [
       307.5,
       586.29
      ],
      [
       308.48,
       585.48
      ],
      [
       310.54,
       584.07
      ],
      [
       310.81,
       583.87
      ],
      [
       313.14,
       582.5
      ],
      [
       314.6,
       581.84
      ],
      [
       315.48,
       581.42
      ]
     ]
    ]
   }
  },
  {
   "type": "Feature",
   "properties": {
    "code": "432",
    "h1": 4,
    "h2": 3,
    "h3": 2,
    "macro": "Engineering",
    "meso": "Energy Technologies",
    "micro": "Smart Grid Analytics & Optimization",
    "label_x": 285.94,
    "label_y": 630.66
   },
   "geometry": {
    "type": "Polygon",
    "coordinates": [
     [
      [
       289.34,
       609.21
      ],
      [
       291.3,
       608.74
      ],
      [
       293.26,
       608.37
      ],
      [
       295.22,
       608.09
      ],
      [
       297.18,
       607.92
      ],
      [
       299.14,
       607.88
      ],
      [
       301.09,
       607.98
      ],
      [
       303.05,
       608.3
      ],
      [
       305.01,
       608.9
      ],
      [
       306.58,
       609.71
      ],
      [
       306.97,
       609.94
      ],
      [
       308.83,
       611.55
      ],
      [
       308.93,
       611.66
      ],
      [
       310.14,
       613.39
      ],
      [
       310.88,
       615.05
      ],
      [
       310.95,
       615.23
      ],
      [
       311.43,
       617.07
      ],
      [
       311.64,
       618.91
      ],
      [
       311.62,
       620.75
      ],
      [
       311.4,
       622.58
      ],
      [
       311.0,
       624.41
      ],
      [
       310.88,
       624.77
      ],
      [
       310.45,
       626.25
      ],
      [
       309.75,
       628.09
      ],
      [
       308.93,
       629.78
      ],
      [
       308.86,
       629.93
      ],
      [
       307.86,
       631.77
      ],
      [
       306.97,
       633.13
      ],
      [
       306.68,
       633.61
      ],
      [
       305.33,
       635.45
      ],
      [
       305.01,
       635.83
      ],
      [
       303.83,
       637.29
      ],
      [
       303.05,
       638.11
      ],
      [
       302.1,
       639.12
      ],
      [
       301.09,
       640.09
      ],
      [
       300.16,
       640.96
      ],
      [
       299.14,
       641.84
      ],
      [
       297.95,
       642.79
      ],
      [
       297.18,
       643.39
      ],
      [
       295.41,
       644.63
      ],
      [
       295.22,
       644.76
      ],
      [
       293.26,
       646.02
      ],
      [
       292.46,
       646.47
      ],
      [
       291.3,
       647.13
      ],
      [
       289.34,
       648.11
      ],
      [
       288.88,
       648.31
      ],
      [
       287.39,
       649.0
      ],
      [
       285.43,
       649.75
      ],
      [
       284.17,
       650.15
      ],
      [
       283.47,
       650.39
      ],
      [
       281.51,
       650.95
      ],
      [
       279.55,
       651.36
      ],
      [
       277.6,
       651.64
      ],
      [
       275.64,
       651.8
      ],
      [
       273.68,
       651.82
      ],
      [
       271.73,
       651.7
      ],
      [
       269.76,
       651.4
      ],
      [
       267.8,
       650.91
      ],
      [
       265.85,
       650.15
      ],
      [
       263.89,
       649.11
      ],
      [
       262.78,
       648.31
      ],
      [
       261.93,
       647.59
      ],
      [
       260.85,
       646.47
      ],
      [
       259.98,
       645.24
      ],
      [
       259.59,
       644.63
      ],
      [
       258.77,
       642.79
      ],
      [
       258.32,
       640.96
      ],
      [
       258.17,
       639.12
      ],
      [
       258.25,
       637.29
      ],
      [
       258.55,
       635.45
      ],
      [
       259.07,
       633.61
      ],
      [
       259.8,
       631.77
      ],
      [
       259.98,
       631.43
      ],
      [
       260.68,
       629.93
      ],
      [
       261.78,
       628.09
      ],
      [
       261.93,
       627.88
      ],
      [
       263.01,
       626.25
      ],
      [
       263.89,
       625.14
      ],
      [
       264.46,
       624.41
      ],
      [
       265.85,
       622.86
      ],
      [
       266.11,
       622.58
      ],
      [
       267.8,
       620.88
      ],
      [
       267.95,
       620.75
      ],
      [
       269.76,
       619.12
      ],
      [
       270.04,
       618.91
      ],
      [
       271.73,
       617.56
      ],
      [
       272.43,
       617.07
      ],
      [
       273.68,
       616.16
      ],
      [
       275.2,
       615.23
      ],
      [
       275.64,
       614.94
      ],
      [
       277.6,
       613.82
      ],
      [
       278.47,
       613.39
      ],
      [
       279.55,
       612.81
      ],
      [
       281.51,
       611.92
      ],
      [
       282.47,
       611.55
      ],
      [
       283.47,
       611.11
      ],
      [
       285.43,
       610.39
      ],
      [
       287.39,
       609.79
      ],
      [
       287.68,
       609.71
      ],
      [
       289.34,
       609.21
      ]
     ]
    ]
   }
  },
  {
   "type": "Feature",
   "properties": {
    "code": "433",
    "h1": 4,
    "h2": 3,
    "h3": 3,
    "macro": "Engineering",
    "meso": "Energy Technologies",
    "micro": "Energy System Modeling",
    "label_x": 366.07,
    "label_y": 514.57
   },
   "geometry": {
    "type": "Polygon",
    "coordinates": [
     [
      [
       342.71,
       473.16
      ],
      [
       344.88,
       473.13
      ],
      [
       347.05,
       473.2
      ],
      [
       348.22,
       473.27
      ],
      [
       349.22,
       473.33
      ],
      [
       351.39,
       473.52
      ],
      [
       353.56,
       473.76
      ],
      [
       355.73,
       474.04
      ],
      [
       357.91,
       474.35
      ],
      [
       360.08,
       474.69
      ],
      [
       362.18,
       475.04
      ],
      [
       362.25,
       475.05
      ],
      [
       364.42,
       475.41
      ],
      [
       366.59,
       475.76
      ],
      [
       368.76,
       476.14
      ],
      [
       370.94,
       476.51
      ],
      [
       372.72,
       476.81
      ],
      [
       373.11,
       476.88
      ],
      [
       375.28,
       477.22
      ],
      [
       377.45,
       477.57
      ],
      [
       379.62,
       477.92
      ],
      [
       381.79,
       478.27
      ],
      [
       383.73,
       478.58
      ],
      [
       383.96,
       478.62
      ],
      [
       386.14,
       478.95
      ],
      [
       388.31,
       479.28
      ],
      [
       390.47,
       479.62
      ],
      [
       392.65,
       479.96
      ],
      [
       394.82,
       480.32
      ],
      [
       395.05,
       480.35
      ],
      [
       396.99,
       480.66
      ],
      [
       399.17,
       481.02
      ],
      [
       401.33,
       481.38
      ],
      [
       403.5,
       481.76
      ],
      [
       405.51,
       482.12
      ],
      [
       405.68,
       482.15
      ],
      [
       407.85,
       482.56
      ],
      [
       410.01,
       483.0
      ],
      [
       412.19,
       483.45
      ],
      [
       414.11,
       483.89
      ],
      [
       414.36,
       483.96
      ],
      [
       416.53,
       484.52
      ],
      [
       418.71,
       485.17
      ],
      [
       420.18,
       485.66
      ],
      [
       420.88,
       485.94
      ],
      [
       423.05,
       486.89
      ],
      [
       424.13,
       487.43
      ],
      [
       425.22,
       488.14
      ],
      [
       426.64,
       489.2
      ],
      [
       427.39,
       490.0
      ],
      [
       428.2,
       490.97
      ],
      [
       429.05,
       492.74
      ],
      [
       429.33,
       494.51
      ],
      [
       429.15,
       496.28
      ],
      [
       428.6,
       498.05
      ],
      [
       427.75,
       499.82
      ],
      [
       427.39,
       500.39
      ],
      [
       426.74,
       501.59
      ],
      [
       425.62,
       503.36
      ],
      [
       425.22,
       503.91
      ],
      [
       424.48,
       505.12
      ],
      [
       423.34,
       506.89
      ],
      [
       423.05,
       507.31
      ],
      [
       422.26,
       508.66
      ],
      [
       421.2,
       510.43
      ],
      [
       420.88,
       510.95
      ],
      [
       420.21,
       512.2
      ],
      [
       419.25,
       513.97
      ],
      [
       418.71,
       514.98
      ],
      [
       418.34,
       515.74
      ],
      [
       417.47,
       517.51
      ],
      [
       416.6,
       519.28
      ],
      [
       416.53,
       519.41
      ],
      [
       415.78,
       521.05
      ],
      [
       414.95,
       522.82
      ],
      [
       414.36,
       524.07
      ],
      [
       414.13,
       524.59
      ],
      [
       413.32,
       526.36
      ],
      [
       412.48,
       528.13
      ],
      [
       412.19,
       528.73
      ],
      [
       411.64,
       529.9
      ],
      [
       410.77,
       531.67
      ],
      [
       410.01,
       533.11
      ],
      [
       409.85,
       533.44
      ],
      [
       408.9,
       535.21
      ],
      [
       407.87,
       536.98
      ],
      [
       407.85,
       537.01
      ],
      [
       406.78,
       538.75
      ],
      [
       405.68,
       540.38
      ],
      [
       405.59,
       540.52
      ],
      [
       404.27,
       542.29
      ],
      [
       403.5,
       543.25
      ],
      [
       402.82,
       544.05
      ],
      [
       401.33,
       545.65
      ],
      [
       401.16,
       545.82
      ],
      [
       399.27,
       547.59
      ],
      [
       399.17,
       547.7
      ],
      [
       397.07,
       549.36
      ],
      [
       396.99,
       549.43
      ],
      [
       394.82,
       550.91
      ],
      [
       394.44,
       551.13
      ],
      [
       392.65,
       552.19
      ],
      [
       391.26,
       552.9
      ],
      [
       390.47,
       553.3
      ],
      [
       388.31,
       554.28
      ],
      [
       387.3,
       554.67
      ],
      [
       386.14,
       555.14
      ],
      [
       383.96,
       555.91
      ],
      [
       382.23,
       556.45
      ],
      [
       381.79,
       556.58
      ],
      [
       379.62,
       557.2
      ],
      [
       377.45,
       557.74
      ],
      [
       375.28,
       558.2
      ],
      [
       375.16,
       558.22
      ],
      [
       373.11,
       558.6
      ],
      [
       370.94,
       558.93
      ],
      [
       368.76,
       559.18
      ],
      [
       366.59,
       559.35
      ],
      [
       364.42,
       559.43
      ],
      [
       362.25,
       559.41
      ],
      [
       360.08,
       559.29
      ],
      [
       357.91,
       559.07
      ],
      [
       355.73,
       558.71
      ],
      [
       353.56,
       558.25
      ],
      [
       353.44,
       558.22
      ],
      [
       351.39,
       557.68
      ],
      [
       349.22,
       556.98
      ],
      [
       347.78,
       556.45
      ],
      [
       347.05,
       556.17
      ],
      [
       344.88,
       555.25
      ],
      [
       343.66,
       554.67
      ],
      [
       342.71,
       554.23
      ],
      [
       340.54,
       553.11
      ],
      [
       340.18,
       552.9
      ],
      [
       338.36,
       551.9
      ],
      [
       337.07,
       551.13
      ],
      [
       336.19,
       550.61
      ],
      [
       334.22,
       549.36
      ],
      [
       334.02,
       549.24
      ],
      [
       331.85,
       547.8
      ],
      [
       331.55,
       547.59
      ],
      [
       329.68,
       546.3
      ],
      [
       329.03,
       545.82
      ],
      [
       327.51,
       544.71
      ],
      [
       326.65,
       544.05
      ],
      [
       325.33,
       543.03
      ],
      [
       324.42,
       542.29
      ],
      [
       323.17,
       541.24
      ],
      [
       322.33,
       540.52
      ],
      [
       321.0,
       539.3
      ],
      [
       320.41,
       538.75
      ],
      [
       318.82,
       537.16
      ],
      [
       318.64,
       536.98
      ],
      [
       317.04,
       535.21
      ],
      [
       316.65,
       534.73
      ],
      [
       315.61,
       533.44
      ],
      [
       314.48,
       531.86
      ],
      [
       314.34,
       531.67
      ],
      [
       313.23,
       529.9
      ],
      [
       312.31,
       528.18
      ],
      [
       312.28,
       528.13
      ],
      [
       311.47,
       526.36
      ],
      [
       310.8,
       524.59
      ],
      [
       310.25,
       522.82
      ],
      [
       310.14,
       522.34
      ],
      [
       309.82,
       521.05
      ],
      [
       309.49,
       519.28
      ],
      [
       309.26,
       517.51
      ],
      [
       309.12,
       515.74
      ],
      [
       309.06,
       513.97
      ],
      [
       309.07,
       512.2
      ],
      [
       309.14,
       510.43
      ],
      [
       309.28,
       508.66
      ],
      [
       309.48,
       506.89
      ],
      [
       309.73,
       505.12
      ],
      [
       310.04,
       503.36
      ],
      [
       310.14,
       502.92
      ],
      [
       310.4,
       501.59
      ],
      [
       310.82,
       499.82
      ],
      [
       311.3,
       498.05
      ],
      [
       311.86,
       496.28
      ],
      [
       312.31,
       495.05
      ],
      [
       312.5,
       494.51
      ],
      [
       313.22,
       492.74
      ],
      [
       314.04,
       490.97
      ],
      [
       314.48,
       490.13
      ],
      [
       314.97,
       489.2
      ],
      [
       316.03,
       487.43
      ],
      [
       316.65,
       486.53
      ],
      [
       317.26,
       485.66
      ],
      [
       318.66,
       483.89
      ],
      [
       318.82,
       483.71
      ],
      [
       320.3,
       482.12
      ],
      [
       321.0,
       481.45
      ],
      [
       322.23,
       480.35
      ],
      [
       323.17,
       479.59
      ],
      [
       324.57,
       478.58
      ],
      [
       325.33,
       478.06
      ],
      [
       327.51,
       476.82
      ],
      [
       327.51,
       476.81
      ],
      [
       329.68,
       475.79
      ],
      [
       331.66,
       475.04
      ],
      [
       331.85,
       474.97
      ],
      [
       334.02,
       474.32
      ],
      [
       336.19,
       473.83
      ],
      [
       338.36,
       473.49
      ],
      [
       340.54,
       473.27
      ],
      [
       342.71,
       473.16
      ]
     ]
    ]
   }
  },
  {
   "type": "Feature",
   "properties": {
    "code": "434",
    "h1": 4,
    "h2": 3,
    "h3": 4,
    "macro": "Engineering",
    "meso": "Energy Technologies",
    "micro": "Renewables & Grid Optimization",
    "label_x": 333.82,
    "label_y": 564.01
   },
   "geometry": {
    "type": "Polygon",
    "coordinates": [
     [
      [
       328.04,
       538.49
      ],
      [
       330.5,
       537.81
      ],
      [
       332.95,
       537.51
      ],
      [
       335.41,
       537.59
      ],
      [
       337.86,
       538.05
      ],
      [
       339.21,
       538.53
      ],
      [
       340.31,
       538.93
      ],
      [
       342.03,
       539.88
      ],
      [
       342.76,
       540.3
      ],
      [
       343.96,
       541.23
      ],
      [
       345.22,
       542.32
      ],
      [
       345.48,
       542.59
      ],
      [
       346.72,
       543.94
      ],
      [
       347.68,
       545.15
      ],
      [
       347.78,
       545.29
      ],
      [
       348.72,
       546.65
      ],
      [
       349.53,
       548.0
      ],
      [
       350.13,
       549.1
      ],
      [
       350.26,
       549.35
      ],
      [
       350.95,
       550.71
      ],
      [
       351.54,
       552.06
      ],
      [
       352.06,
       553.41
      ],
      [
       352.52,
       554.77
      ],
      [
       352.58,
       554.97
      ],
      [
       352.96,
       556.12
      ],
      [
       353.34,
       557.47
      ],
      [
       353.64,
       558.82
      ],
      [
       353.89,
       560.18
      ],
      [
       354.07,
       561.54
      ],
      [
       354.19,
       562.88
      ],
      [
       354.24,
       564.23
      ],
      [
       354.23,
       565.59
      ],
      [
       354.14,
       566.94
      ],
      [
       353.97,
       568.3
      ],
      [
       353.72,
       569.65
      ],
      [
       353.38,
       571.0
      ],
      [
       352.93,
       572.36
      ],
      [
       352.58,
       573.2
      ],
      [
       352.39,
       573.71
      ],
      [
       351.77,
       575.06
      ],
      [
       351.0,
       576.42
      ],
      [
       350.13,
       577.69
      ],
      [
       350.08,
       577.77
      ],
      [
       349.04,
       579.12
      ],
      [
       347.79,
       580.48
      ],
      [
       347.68,
       580.59
      ],
      [
       346.34,
       581.83
      ],
      [
       345.22,
       582.74
      ],
      [
       344.6,
       583.18
      ],
      [
       342.76,
       584.38
      ],
      [
       342.48,
       584.54
      ],
      [
       340.31,
       585.67
      ],
      [
       339.75,
       585.89
      ],
      [
       337.86,
       586.66
      ],
      [
       335.76,
       587.25
      ],
      [
       335.41,
       587.35
      ],
      [
       332.95,
       587.81
      ],
      [
       330.5,
       588.01
      ],
      [
       328.04,
       587.91
      ],
      [
       325.59,
       587.48
      ],
      [
       324.88,
       587.25
      ],
      [
       323.14,
       586.63
      ],
      [
       321.76,
       585.89
      ],
      [
       320.68,
       585.23
      ],
      [
       319.79,
       584.54
      ],
      [
       318.33,
       583.18
      ],
      [
       318.23,
       583.08
      ],
      [
       317.15,
       581.83
      ],
      [
       316.19,
       580.48
      ],
      [
       315.78,
       579.79
      ],
      [
       315.38,
       579.12
      ],
      [
       314.67,
       577.77
      ],
      [
       314.09,
       576.42
      ],
      [
       313.64,
       575.06
      ],
      [
       313.32,
       573.92
      ],
      [
       313.26,
       573.71
      ],
      [
       312.91,
       572.36
      ],
      [
       312.66,
       571.0
      ],
      [
       312.47,
       569.65
      ],
      [
       312.35,
       568.3
      ],
      [
       312.28,
       566.94
      ],
      [
       312.28,
       565.59
      ],
      [
       312.33,
       564.23
      ],
      [
       312.44,
       562.88
      ],
      [
       312.6,
       561.54
      ],
      [
       312.8,
       560.18
      ],
      [
       313.08,
       558.82
      ],
      [
       313.32,
       557.84
      ],
      [
       313.39,
       557.47
      ],
      [
       313.74,
       556.12
      ],
      [
       314.13,
       554.77
      ],
      [
       314.6,
       553.41
      ],
      [
       315.14,
       552.06
      ],
      [
       315.78,
       550.71
      ],
      [
       316.43,
       549.35
      ],
      [
       317.18,
       548.0
      ],
      [
       318.06,
       546.65
      ],
      [
       318.23,
       546.4
      ],
      [
       319.04,
       545.29
      ],
      [
       320.16,
       543.94
      ],
      [
       320.68,
       543.36
      ],
      [
       321.49,
       542.59
      ],
      [
       323.06,
       541.23
      ],
      [
       323.14,
       541.17
      ],
      [
       325.1,
       539.88
      ],
      [
       325.59,
       539.58
      ],
      [
       327.97,
       538.53
      ],
      [
       328.04,
       538.49
      ]
     ]
    ]
   }
  },
  {
   "type": "Feature",
   "properties": {
    "code": "440",
    "h1": 4,
    "h2": 4,
    "h3": 0,
    "macro": "Engineering",
    "meso": "Autonomous Mobility",
    "micro": "Autonomous Driving",
    "label_x": 402.12,
    "label_y": 619.48
   },
   "geometry": {
    "type": "Polygon",
    "coordinates": [
     [
      [
       401.72,
       584.34
      ],
      [
       403.09,
       583.86
      ],
      [
       404.46,
       583.68
      ],
      [
       405.82,
       583.82
      ],
      [
       407.2,
       584.27
      ],
      [
       407.5,
       584.44
      ],
      [
       408.57,
       585.02
      ],
      [
       409.71,
       585.93
      ],
      [
       409.93,
       586.11
      ],
      [
       411.18,
       587.41
      ],
      [
       411.3,
       587.55
      ],
      [
       412.31,
       588.9
      ],
      [
       412.67,
       589.41
      ],
      [
       413.26,
       590.38
      ],
      [
       414.04,
       591.81
      ],
      [
       414.07,
       591.87
      ],
      [
       414.76,
       593.36
      ],
      [
       415.36,
       594.84
      ],
      [
       415.41,
       594.98
      ],
      [
       415.88,
       596.33
      ],
      [
       416.35,
       597.81
      ],
      [
       416.74,
       599.3
      ],
      [
       416.78,
       599.45
      ],
      [
       417.09,
       600.78
      ],
      [
       417.4,
       602.27
      ],
      [
       417.66,
       603.75
      ],
      [
       417.87,
       605.25
      ],
      [
       418.04,
       606.73
      ],
      [
       418.14,
       607.83
      ],
      [
       418.18,
       608.22
      ],
      [
       418.3,
       609.7
      ],
      [
       418.37,
       611.19
      ],
      [
       418.41,
       612.67
      ],
      [
       418.42,
       614.16
      ],
      [
       418.41,
       615.64
      ],
      [
       418.35,
       617.14
      ],
      [
       418.26,
       618.62
      ],
      [
       418.15,
       620.1
      ],
      [
       418.14,
       620.14
      ],
      [
       418.01,
       621.59
      ],
      [
       417.84,
       623.07
      ],
      [
       417.64,
       624.56
      ],
      [
       417.41,
       626.05
      ],
      [
       417.13,
       627.54
      ],
      [
       416.82,
       629.02
      ],
      [
       416.78,
       629.21
      ],
      [
       416.49,
       630.51
      ],
      [
       416.11,
       631.99
      ],
      [
       415.69,
       633.48
      ],
      [
       415.41,
       634.37
      ],
      [
       415.22,
       634.96
      ],
      [
       414.71,
       636.45
      ],
      [
       414.13,
       637.94
      ],
      [
       414.04,
       638.16
      ],
      [
       413.5,
       639.42
      ],
      [
       412.78,
       640.91
      ],
      [
       412.67,
       641.12
      ],
      [
       411.97,
       642.39
      ],
      [
       411.3,
       643.5
      ],
      [
       411.05,
       643.88
      ],
      [
       409.96,
       645.36
      ],
      [
       409.93,
       645.41
      ],
      [
       408.65,
       646.86
      ],
      [
       408.57,
       646.94
      ],
      [
       407.2,
       648.16
      ],
      [
       406.94,
       648.34
      ],
      [
       405.82,
       649.1
      ],
      [
       404.46,
       649.79
      ],
      [
       404.36,
       649.83
      ],
      [
       403.09,
       650.28
      ],
      [
       401.72,
       650.55
      ],
      [
       400.36,
       650.66
      ],
      [
       398.99,
       650.59
      ],
      [
       397.61,
       650.37
      ],
      [
       396.25,
       650.0
      ],
      [
       395.78,
       649.83
      ],
      [
       394.88,
       649.49
      ],
      [
       393.51,
       648.85
      ],
      [
       392.6,
       648.34
      ],
      [
       392.14,
       648.07
      ],
      [
       390.78,
       647.15
      ],
      [
       390.38,
       646.86
      ],
      [
       389.41,
       646.07
      ],
      [
       388.61,
       645.36
      ],
      [
       388.03,
       644.8
      ],
      [
       387.18,
       643.88
      ],
      [
       386.67,
       643.26
      ],
      [
       386.0,
       642.39
      ],
      [
       385.3,
       641.31
      ],
      [
       385.05,
       640.91
      ],
      [
       384.3,
       639.42
      ],
      [
       383.93,
       638.53
      ],
      [
       383.7,
       637.94
      ],
      [
       383.24,
       636.45
      ],
      [
       382.91,
       634.96
      ],
      [
       382.68,
       633.48
      ],
      [
       382.57,
       632.19
      ],
      [
       382.55,
       631.99
      ],
      [
       382.49,
       630.51
      ],
      [
       382.5,
       629.02
      ],
      [
       382.57,
       627.82
      ],
      [
       382.58,
       627.54
      ],
      [
       382.7,
       626.05
      ],
      [
       382.88,
       624.56
      ],
      [
       383.11,
       623.07
      ],
      [
       383.38,
       621.59
      ],
      [
       383.7,
       620.1
      ],
      [
       383.93,
       619.11
      ],
      [
       384.04,
       618.62
      ],
      [
       384.41,
       617.14
      ],
      [
       384.8,
       615.64
      ],
      [
       385.23,
       614.16
      ],
      [
       385.3,
       613.95
      ],
      [
       385.67,
       612.67
      ],
      [
       386.14,
       611.19
      ],
      [
       386.63,
       609.7
      ],
      [
       386.67,
       609.6
      ],
      [
       387.13,
       608.22
      ],
      [
       387.65,
       606.73
      ],
      [
       388.03,
       605.7
      ],
      [
       388.2,
       605.25
      ],
      [
       388.76,
       603.75
      ],
      [
       389.36,
       602.27
      ],
      [
       389.41,
       602.16
      ],
      [
       389.96,
       600.78
      ],
      [
       390.61,
       599.3
      ],
      [
       390.78,
       598.93
      ],
      [
       391.27,
       597.81
      ],
      [
       392.0,
       596.33
      ],
      [
       392.14,
       596.02
      ],
      [
       392.75,
       594.84
      ],
      [
       393.51,
       593.45
      ],
      [
       393.56,
       593.36
      ],
      [
       394.44,
       591.87
      ],
      [
       394.88,
       591.17
      ],
      [
       395.41,
       590.38
      ],
      [
       396.25,
       589.21
      ],
      [
       396.5,
       588.9
      ],
      [
       397.61,
       587.54
      ],
      [
       397.75,
       587.41
      ],
      [
       398.99,
       586.18
      ],
      [
       399.3,
       585.93
      ],
      [
       400.36,
       585.1
      ],
      [
       401.53,
       584.44
      ],
      [
       401.72,
       584.34
      ]
     ]
    ]
   }
  },
  {
   "type": "Feature",
   "properties": {
    "code": "441",
    "h1": 4,
    "h2": 4,
    "h3": 1,
    "macro": "Engineering",
    "meso": "Autonomous Mobility",
    "micro": "Traffic Modeling",
    "label_x": 432.59,
    "label_y": 599.04
   },
   "geometry": {
    "type": "Polygon",
    "coordinates": [
     [
      [
       422.05,
       568.0
      ],
      [
       423.86,
       567.36
      ],
      [
       425.68,
       567.27
      ],
      [
       427.5,
       567.59
      ],
      [
       429.31,
       568.23
      ],
      [
       430.04,
       568.61
      ],
      [
       431.13,
       569.1
      ],
      [
       432.95,
       570.16
      ],
      [
       433.17,
       570.31
      ],
      [
       434.77,
       571.34
      ],
      [
       435.64,
       572.02
      ],
      [
       436.59,
       572.71
      ],
      [
       437.79,
       573.73
      ],
      [
       438.4,
       574.25
      ],
      [
       439.63,
       575.43
      ],
      [
       440.21,
       576.02
      ],
      [
       441.23,
       577.14
      ],
      [
       442.03,
       578.11
      ],
      [
       442.61,
       578.85
      ],
      [
       443.78,
       580.55
      ],
      [
       443.85,
       580.65
      ],
      [
       444.83,
       582.26
      ],
      [
       445.66,
       583.92
      ],
      [
       445.69,
       583.96
      ],
      [
       446.48,
       585.67
      ],
      [
       447.13,
       587.38
      ],
      [
       447.48,
       588.47
      ],
      [
       447.69,
       589.09
      ],
      [
       448.19,
       590.79
      ],
      [
       448.61,
       592.49
      ],
      [
       448.96,
       594.2
      ],
      [
       449.23,
       595.91
      ],
      [
       449.3,
       596.5
      ],
      [
       449.46,
       597.62
      ],
      [
       449.64,
       599.32
      ],
      [
       449.75,
       601.03
      ],
      [
       449.81,
       602.73
      ],
      [
       449.8,
       604.44
      ],
      [
       449.72,
       606.14
      ],
      [
       449.59,
       607.85
      ],
      [
       449.36,
       609.56
      ],
      [
       449.3,
       609.87
      ],
      [
       449.08,
       611.27
      ],
      [
       448.72,
       612.98
      ],
      [
       448.26,
       614.68
      ],
      [
       447.68,
       616.38
      ],
      [
       447.48,
       616.86
      ],
      [
       447.0,
       618.09
      ],
      [
       446.18,
       619.8
      ],
      [
       445.66,
       620.71
      ],
      [
       445.19,
       621.5
      ],
      [
       444.0,
       623.21
      ],
      [
       443.85,
       623.41
      ],
      [
       442.52,
       624.91
      ],
      [
       442.03,
       625.42
      ],
      [
       440.57,
       626.62
      ],
      [
       440.21,
       626.89
      ],
      [
       438.4,
       627.93
      ],
      [
       437.23,
       628.33
      ],
      [
       436.59,
       628.56
      ],
      [
       434.77,
       628.82
      ],
      [
       432.95,
       628.7
      ],
      [
       431.61,
       628.33
      ],
      [
       431.13,
       628.2
      ],
      [
       429.31,
       627.36
      ],
      [
       428.23,
       626.62
      ],
      [
       427.5,
       626.12
      ],
      [
       426.11,
       624.91
      ],
      [
       425.68,
       624.52
      ],
      [
       424.45,
       623.21
      ],
      [
       423.86,
       622.55
      ],
      [
       423.01,
       621.5
      ],
      [
       422.05,
       620.18
      ],
      [
       421.77,
       619.8
      ],
      [
       420.64,
       618.09
      ],
      [
       420.23,
       617.38
      ],
      [
       419.62,
       616.38
      ],
      [
       418.73,
       614.68
      ],
      [
       418.41,
       613.98
      ],
      [
       417.93,
       612.98
      ],
      [
       417.22,
       611.27
      ],
      [
       416.64,
       609.56
      ],
      [
       416.59,
       609.38
      ],
      [
       416.12,
       607.85
      ],
      [
       415.69,
       606.14
      ],
      [
       415.36,
       604.44
      ],
      [
       415.1,
       602.73
      ],
      [
       414.92,
       601.03
      ],
      [
       414.8,
       599.32
      ],
      [
       414.77,
       598.83
      ],
      [
       414.72,
       597.62
      ],
      [
       414.69,
       595.91
      ],
      [
       414.7,
       594.2
      ],
      [
       414.75,
       592.49
      ],
      [
       414.77,
       591.93
      ],
      [
       414.83,
       590.79
      ],
      [
       414.93,
       589.09
      ],
      [
       415.05,
       587.38
      ],
      [
       415.21,
       585.67
      ],
      [
       415.39,
       583.96
      ],
      [
       415.61,
       582.26
      ],
      [
       415.88,
       580.55
      ],
      [
       416.2,
       578.85
      ],
      [
       416.58,
       577.14
      ],
      [
       416.59,
       577.09
      ],
      [
       417.05,
       575.43
      ],
      [
       417.64,
       573.73
      ],
      [
       418.41,
       572.02
      ],
      [
       419.51,
       570.31
      ],
      [
       420.23,
       569.41
      ],
      [
       421.21,
       568.61
      ],
      [
       422.05,
       568.0
      ]
     ]
    ]
   }
  },
  {
   "type": "Feature",
   "properties": {
    "code": "442",
    "h1": 4,
    "h2": 4,
    "h3": 2,
    "macro": "Engineering",
    "meso": "Autonomous Mobility",
    "micro": "Networked Routing",
    "label_x": 444.46,
    "label_y": 639.12
   },
   "geometry": {
    "type": "Polygon",
    "coordinates": [
     [
      [
       445.74,
       613.1
      ],
      [
       447.24,
       612.9
      ],
      [
       448.74,
       612.8
      ],
      [
       450.23,
       612.8
      ],
      [
       451.73,
       612.91
      ],
      [
       453.22,
       613.13
      ],
      [
       453.69,
       613.23
      ],
      [
       454.72,
       613.47
      ],
      [
       456.22,
       613.96
      ],
      [
       456.73,
       614.18
      ],
      [
       457.71,
       614.63
      ],
      [
       458.6,
       615.12
      ],
      [
       459.21,
       615.5
      ],
      [
       460.0,
       616.07
      ],
      [
       460.71,
       616.65
      ],
      [
       461.11,
       617.02
      ],
      [
       462.01,
       617.96
      ],
      [
       462.2,
       618.2
      ],
      [
       462.75,
       618.91
      ],
      [
       463.35,
       619.86
      ],
      [
       463.69,
       620.51
      ],
      [
       463.85,
       620.81
      ],
      [
       464.26,
       621.75
      ],
      [
       464.59,
       622.7
      ],
      [
       464.86,
       623.65
      ],
      [
       465.07,
       624.59
      ],
      [
       465.19,
       625.21
      ],
      [
       465.25,
       625.54
      ],
      [
       465.41,
       626.48
      ],
      [
       465.53,
       627.43
      ],
      [
       465.64,
       628.38
      ],
      [
       465.71,
       629.32
      ],
      [
       465.78,
       630.27
      ],
      [
       465.83,
       631.21
      ],
      [
       465.85,
       632.16
      ],
      [
       465.85,
       633.11
      ],
      [
       465.82,
       634.05
      ],
      [
       465.76,
       635.0
      ],
      [
       465.64,
       635.95
      ],
      [
       465.46,
       636.89
      ],
      [
       465.21,
       637.84
      ],
      [
       465.19,
       637.89
      ],
      [
       464.9,
       638.79
      ],
      [
       464.5,
       639.74
      ],
      [
       464.0,
       640.68
      ],
      [
       463.69,
       641.16
      ],
      [
       463.41,
       641.63
      ],
      [
       462.75,
       642.58
      ],
      [
       462.2,
       643.25
      ],
      [
       461.99,
       643.52
      ],
      [
       461.19,
       644.47
      ],
      [
       460.71,
       645.01
      ],
      [
       460.36,
       645.41
      ],
      [
       459.53,
       646.36
      ],
      [
       459.21,
       646.71
      ],
      [
       458.72,
       647.3
      ],
      [
       457.93,
       648.25
      ],
      [
       457.71,
       648.51
      ],
      [
       457.2,
       649.2
      ],
      [
       456.5,
       650.14
      ],
      [
       456.22,
       650.53
      ],
      [
       455.85,
       651.09
      ],
      [
       455.24,
       652.04
      ],
      [
       454.72,
       652.84
      ],
      [
       454.63,
       652.99
      ],
      [
       454.07,
       653.93
      ],
      [
       453.49,
       654.88
      ],
      [
       453.22,
       655.3
      ],
      [
       452.91,
       655.82
      ],
      [
       452.32,
       656.77
      ],
      [
       451.73,
       657.63
      ],
      [
       451.67,
       657.72
      ],
      [
       451.01,
       658.67
      ],
      [
       450.26,
       659.61
      ],
      [
       450.23,
       659.65
      ],
      [
       449.47,
       660.56
      ],
      [
       448.74,
       661.33
      ],
      [
       448.56,
       661.51
      ],
      [
       447.53,
       662.45
      ],
      [
       447.24,
       662.7
      ],
      [
       446.32,
       663.39
      ],
      [
       445.74,
       663.81
      ],
      [
       444.88,
       664.34
      ],
      [
       444.25,
       664.71
      ],
      [
       443.03,
       665.29
      ],
      [
       442.75,
       665.42
      ],
      [
       441.26,
       665.95
      ],
      [
       440.09,
       666.24
      ],
      [
       439.76,
       666.32
      ],
      [
       438.26,
       666.54
      ],
      [
       436.76,
       666.59
      ],
      [
       435.26,
       666.48
      ],
      [
       434.04,
       666.24
      ],
      [
       433.77,
       666.18
      ],
      [
       432.28,
       665.69
      ],
      [
       431.44,
       665.29
      ],
      [
       430.78,
       664.95
      ],
      [
       429.87,
       664.34
      ],
      [
       429.28,
       663.89
      ],
      [
       428.73,
       663.39
      ],
      [
       427.83,
       662.45
      ],
      [
       427.79,
       662.4
      ],
      [
       427.09,
       661.51
      ],
      [
       426.5,
       660.56
      ],
      [
       426.29,
       660.17
      ],
      [
       425.99,
       659.61
      ],
      [
       425.57,
       658.67
      ],
      [
       425.24,
       657.72
      ],
      [
       424.98,
       656.77
      ],
      [
       424.79,
       655.87
      ],
      [
       424.78,
       655.82
      ],
      [
       424.63,
       654.88
      ],
      [
       424.54,
       653.93
      ],
      [
       424.5,
       652.99
      ],
      [
       424.51,
       652.04
      ],
      [
       424.55,
       651.09
      ],
      [
       424.64,
       650.14
      ],
      [
       424.76,
       649.2
      ],
      [
       424.79,
       648.89
      ],
      [
       424.87,
       648.25
      ],
      [
       425.0,
       647.3
      ],
      [
       425.11,
       646.36
      ],
      [
       425.22,
       645.41
      ],
      [
       425.28,
       644.47
      ],
      [
       425.32,
       643.52
      ],
      [
       425.3,
       642.58
      ],
      [
       425.23,
       641.63
      ],
      [
       425.1,
       640.68
      ],
      [
       424.91,
       639.74
      ],
      [
       424.79,
       639.25
      ],
      [
       424.66,
       638.79
      ],
      [
       424.33,
       637.84
      ],
      [
       423.98,
       636.89
      ],
      [
       423.64,
       635.95
      ],
      [
       423.32,
       635.0
      ],
      [
       423.3,
       634.9
      ],
      [
       423.01,
       634.05
      ],
      [
       422.82,
       633.11
      ],
      [
       422.78,
       632.16
      ],
      [
       422.93,
       631.21
      ],
      [
       423.3,
       630.27
      ],
      [
       423.77,
       629.32
      ],
      [
       424.43,
       628.38
      ],
      [
       424.79,
       627.98
      ],
      [
       425.2,
       627.43
      ],
      [
       426.06,
       626.48
      ],
      [
       426.29,
       626.26
      ],
      [
       426.95,
       625.54
      ],
      [
       427.79,
       624.72
      ],
      [
       427.9,
       624.59
      ],
      [
       428.85,
       623.65
      ],
      [
       429.28,
       623.24
      ],
      [
       429.82,
       622.7
      ],
      [
       430.78,
       621.8
      ],
      [
       430.82,
       621.75
      ],
      [
       431.83,
       620.81
      ],
      [
       432.28,
       620.4
      ],
      [
       432.88,
       619.86
      ],
      [
       433.77,
       619.08
      ],
      [
       433.97,
       618.91
      ],
      [
       435.13,
       617.96
      ],
      [
       435.26,
       617.86
      ],
      [
       436.41,
       617.02
      ],
      [
       436.76,
       616.76
      ],
      [
       437.84,
       616.07
      ],
      [
       438.26,
       615.82
      ],
      [
       439.54,
       615.12
      ],
      [
       439.76,
       615.01
      ],
      [
       441.26,
       614.35
      ],
      [
       441.72,
       614.18
      ],
      [
       442.75,
       613.81
      ],
      [
       444.25,
       613.4
      ],
      [
       445.1,
       613.23
      ],
      [
       445.74,
       613.1
      ]
     ]
    ]
   }
  },
  {
   "type": "Feature",
   "properties": {
    "code": "450",
    "h1": 4,
    "h2": 5,
    "h3": 0,
    "macro": "Engineering",
    "meso": "Robotics & Mechatronics",
    "micro": "Autonomous Navigation & Path Planning",
    "label_x": 410.32,
    "label_y": 671.92
   },
   "geometry": {
    "type": "Polygon",
    "coordinates": [
     [
      [
       410.21,
       646.38
      ],
      [
       412.38,
       646.23
      ],
      [
       414.56,
       646.41
      ],
      [
       415.08,
       646.54
      ],
      [
       416.73,
       646.95
      ],
      [
       418.78,
       647.86
      ],
      [
       418.9,
       647.91
      ],
      [
       420.85,
       649.18
      ],
      [
       421.07,
       649.33
      ],
      [
       422.39,
       650.49
      ],
      [
       423.24,
       651.31
      ],
      [
       423.68,
       651.8
      ],
      [
       424.75,
       653.12
      ],
      [
       425.41,
       654.04
      ],
      [
       425.68,
       654.43
      ],
      [
       426.5,
       655.75
      ],
      [
       427.21,
       657.06
      ],
      [
       427.59,
       657.84
      ],
      [
       427.85,
       658.37
      ],
      [
       428.45,
       659.69
      ],
      [
       428.97,
       661.0
      ],
      [
       429.44,
       662.32
      ],
      [
       429.76,
       663.36
      ],
      [
       429.86,
       663.63
      ],
      [
       430.26,
       664.95
      ],
      [
       430.62,
       666.27
      ],
      [
       430.94,
       667.58
      ],
      [
       431.21,
       668.89
      ],
      [
       431.44,
       670.21
      ],
      [
       431.62,
       671.52
      ],
      [
       431.77,
       672.84
      ],
      [
       431.89,
       674.15
      ],
      [
       431.93,
       675.09
      ],
      [
       431.96,
       675.46
      ],
      [
       431.99,
       676.78
      ],
      [
       431.97,
       678.09
      ],
      [
       431.93,
       678.68
      ],
      [
       431.89,
       679.41
      ],
      [
       431.77,
       680.72
      ],
      [
       431.59,
       682.04
      ],
      [
       431.31,
       683.36
      ],
      [
       430.96,
       684.67
      ],
      [
       430.49,
       685.98
      ],
      [
       429.89,
       687.3
      ],
      [
       429.76,
       687.52
      ],
      [
       429.12,
       688.61
      ],
      [
       428.12,
       689.93
      ],
      [
       427.59,
       690.5
      ],
      [
       426.73,
       691.24
      ],
      [
       425.41,
       692.16
      ],
      [
       424.56,
       692.55
      ],
      [
       423.24,
       693.1
      ],
      [
       421.07,
       693.52
      ],
      [
       418.9,
       693.58
      ],
      [
       416.73,
       693.33
      ],
      [
       414.56,
       692.82
      ],
      [
       413.75,
       692.55
      ],
      [
       412.38,
       692.11
      ],
      [
       410.28,
       691.24
      ],
      [
       410.21,
       691.21
      ],
      [
       408.04,
       690.19
      ],
      [
       407.5,
       689.93
      ],
      [
       405.86,
       689.05
      ],
      [
       404.98,
       688.61
      ],
      [
       403.69,
       687.86
      ],
      [
       402.53,
       687.3
      ],
      [
       401.52,
       686.7
      ],
      [
       399.93,
       685.98
      ],
      [
       399.34,
       685.64
      ],
      [
       397.17,
       684.88
      ],
      [
       395.52,
       684.67
      ],
      [
       395.0,
       684.58
      ],
      [
       393.65,
       684.67
      ],
      [
       392.82,
       684.71
      ],
      [
       390.65,
       684.88
      ],
      [
       388.48,
       684.77
      ],
      [
       388.06,
       684.67
      ],
      [
       386.31,
       684.23
      ],
      [
       384.3,
       683.36
      ],
      [
       384.14,
       683.28
      ],
      [
       382.25,
       682.04
      ],
      [
       381.97,
       681.84
      ],
      [
       380.73,
       680.72
      ],
      [
       379.79,
       679.82
      ],
      [
       379.45,
       679.41
      ],
      [
       378.48,
       678.09
      ],
      [
       377.62,
       676.78
      ],
      [
       377.11,
       675.46
      ],
      [
       376.81,
       674.15
      ],
      [
       376.83,
       672.84
      ],
      [
       377.32,
       671.52
      ],
      [
       377.62,
       671.16
      ],
      [
       379.79,
       670.24
      ],
      [
       381.97,
       670.25
      ],
      [
       384.14,
       670.61
      ],
      [
       386.31,
       671.03
      ],
      [
       388.48,
       671.23
      ],
      [
       390.65,
       670.52
      ],
      [
       390.89,
       670.21
      ],
      [
       391.72,
       668.89
      ],
      [
       392.34,
       667.58
      ],
      [
       392.82,
       666.27
      ],
      [
       393.12,
       664.95
      ],
      [
       393.42,
       663.63
      ],
      [
       393.75,
       662.32
      ],
      [
       394.11,
       661.0
      ],
      [
       394.55,
       659.69
      ],
      [
       395.0,
       658.55
      ],
      [
       395.06,
       658.37
      ],
      [
       395.62,
       657.06
      ],
      [
       396.32,
       655.75
      ],
      [
       397.17,
       654.49
      ],
      [
       397.21,
       654.43
      ],
      [
       398.23,
       653.12
      ],
      [
       399.34,
       651.95
      ],
      [
       399.51,
       651.8
      ],
      [
       401.02,
       650.49
      ],
      [
       401.52,
       650.11
      ],
      [
       402.91,
       649.18
      ],
      [
       403.69,
       648.69
      ],
      [
       405.35,
       647.86
      ],
      [
       405.86,
       647.61
      ],
      [
       408.04,
       646.84
      ],
      [
       409.43,
       646.54
      ],
      [
       410.21,
       646.38
      ]
     ]
    ]
   }
  },
  {
   "type": "Feature",
   "properties": {
    "code": "451",
    "h1": 4,
    "h2": 5,
    "h3": 1,
    "macro": "Engineering",
    "meso": "Robotics & Mechatronics",
    "micro": "Embodied Robotics",
    "label_x": 412.62,
    "label_y": 708.84
   },
   "geometry": {
    "type": "Polygon",
    "coordinates": [
     [
      [
       428.27,
       677.78
      ],
      [
       430.36,
       677.57
      ],
      [
       432.45,
       677.59
      ],
      [
       434.54,
       677.94
      ],
      [
       434.98,
       678.09
      ],
      [
       436.63,
       678.75
      ],
      [
       437.81,
       679.57
      ],
      [
       438.72,
       680.38
      ],
      [
       439.28,
       681.07
      ],
      [
       440.18,
       682.55
      ],
      [
       440.78,
       684.04
      ],
      [
       440.8,
       684.12
      ],
      [
       441.16,
       685.53
      ],
      [
       441.38,
       687.01
      ],
      [
       441.46,
       688.5
      ],
      [
       441.43,
       689.99
      ],
      [
       441.3,
       691.48
      ],
      [
       441.09,
       692.96
      ],
      [
       440.8,
       694.34
      ],
      [
       440.78,
       694.45
      ],
      [
       440.44,
       695.95
      ],
      [
       440.03,
       697.43
      ],
      [
       439.55,
       698.92
      ],
      [
       438.99,
       700.41
      ],
      [
       438.72,
       701.04
      ],
      [
       438.39,
       701.9
      ],
      [
       437.76,
       703.38
      ],
      [
       437.04,
       704.87
      ],
      [
       436.63,
       705.63
      ],
      [
       436.27,
       706.36
      ],
      [
       435.48,
       707.84
      ],
      [
       434.59,
       709.33
      ],
      [
       434.54,
       709.4
      ],
      [
       433.7,
       710.82
      ],
      [
       432.72,
       712.31
      ],
      [
       432.45,
       712.69
      ],
      [
       431.72,
       713.8
      ],
      [
       430.62,
       715.29
      ],
      [
       430.36,
       715.61
      ],
      [
       429.5,
       716.78
      ],
      [
       428.27,
       718.26
      ],
      [
       427.05,
       719.75
      ],
      [
       426.18,
       720.7
      ],
      [
       425.7,
       721.24
      ],
      [
       424.29,
       722.73
      ],
      [
       424.1,
       722.92
      ],
      [
       422.82,
       724.21
      ],
      [
       422.01,
       724.99
      ],
      [
       421.25,
       725.7
      ],
      [
       419.92,
       726.88
      ],
      [
       419.55,
       727.19
      ],
      [
       417.82,
       728.62
      ],
      [
       417.75,
       728.68
      ],
      [
       415.82,
       730.16
      ],
      [
       415.74,
       730.23
      ],
      [
       413.71,
       731.66
      ],
      [
       413.65,
       731.69
      ],
      [
       411.56,
       733.03
      ],
      [
       411.37,
       733.14
      ],
      [
       409.47,
       734.24
      ],
      [
       408.7,
       734.63
      ],
      [
       407.39,
       735.31
      ],
      [
       405.54,
       736.12
      ],
      [
       405.3,
       736.23
      ],
      [
       403.2,
       737.02
      ],
      [
       401.25,
       737.61
      ],
      [
       401.11,
       737.64
      ],
      [
       399.03,
       738.13
      ],
      [
       396.94,
       738.42
      ],
      [
       394.85,
       738.5
      ],
      [
       392.76,
       738.34
      ],
      [
       390.68,
       737.88
      ],
      [
       389.95,
       737.61
      ],
      [
       388.58,
       737.02
      ],
      [
       387.21,
       736.12
      ],
      [
       386.49,
       735.54
      ],
      [
       385.62,
       734.63
      ],
      [
       384.53,
       733.14
      ],
      [
       384.41,
       732.92
      ],
      [
       383.77,
       731.66
      ],
      [
       383.23,
       730.16
      ],
      [
       382.88,
       728.68
      ],
      [
       382.66,
       727.19
      ],
      [
       382.56,
       725.7
      ],
      [
       382.56,
       724.21
      ],
      [
       382.64,
       722.73
      ],
      [
       382.81,
       721.24
      ],
      [
       383.05,
       719.75
      ],
      [
       383.37,
       718.26
      ],
      [
       383.76,
       716.78
      ],
      [
       384.23,
       715.29
      ],
      [
       384.41,
       714.82
      ],
      [
       384.75,
       713.8
      ],
      [
       385.3,
       712.31
      ],
      [
       385.97,
       710.82
      ],
      [
       386.49,
       709.75
      ],
      [
       386.69,
       709.33
      ],
      [
       387.43,
       707.84
      ],
      [
       388.29,
       706.36
      ],
      [
       388.58,
       705.9
      ],
      [
       389.2,
       704.87
      ],
      [
       390.18,
       703.38
      ],
      [
       390.68,
       702.71
      ],
      [
       391.24,
       701.9
      ],
      [
       392.39,
       700.41
      ],
      [
       392.76,
       699.96
      ],
      [
       393.6,
       698.92
      ],
      [
       394.85,
       697.54
      ],
      [
       394.95,
       697.43
      ],
      [
       396.34,
       695.95
      ],
      [
       396.94,
       695.36
      ],
      [
       397.86,
       694.45
      ],
      [
       399.03,
       693.39
      ],
      [
       399.49,
       692.96
      ],
      [
       401.11,
       691.6
      ],
      [
       401.25,
       691.48
      ],
      [
       403.13,
       689.99
      ],
      [
       403.2,
       689.94
      ],
      [
       405.15,
       688.5
      ],
      [
       405.3,
       688.4
      ],
      [
       407.32,
       687.01
      ],
      [
       407.39,
       686.97
      ],
      [
       409.47,
       685.64
      ],
      [
       409.65,
       685.53
      ],
      [
       411.56,
       684.38
      ],
      [
       412.18,
       684.04
      ],
      [
       413.65,
       683.21
      ],
      [
       414.96,
       682.55
      ],
      [
       415.74,
       682.14
      ],
      [
       417.82,
       681.17
      ],
      [
       418.07,
       681.07
      ],
      [
       419.92,
       680.25
      ],
      [
       421.72,
       679.57
      ],
      [
       422.01,
       679.46
      ],
      [
       424.1,
       678.75
      ],
      [
       426.18,
       678.2
      ],
      [
       426.8,
       678.09
      ],
      [
       428.27,
       677.78
      ]
     ]
    ]
   }
  },
  {
   "type": "Feature",
   "properties": {
    "code": "452",
    "h1": 4,
    "h2": 5,
    "h3": 2,
    "macro": "Engineering",
    "meso": "Robotics & Mechatronics",
    "micro": "Task Scheduling & Decision Making",
    "label_x": 541.23,
    "label_y": 558.66
   },
   "geometry": {
    "type": "Polygon",
    "coordinates": [
     [
      [
       566.74,
       502.28
      ],
      [
       568.78,
       502.16
      ],
      [
       570.83,
       502.84
      ],
      [
       571.08,
       503.03
      ],
      [
       572.88,
       504.13
      ],
      [
       573.04,
       504.29
      ],
      [
       574.58,
       505.55
      ],
      [
       574.92,
       505.81
      ],
      [
       575.95,
       506.82
      ],
      [
       576.97,
       507.76
      ],
      [
       577.25,
       508.08
      ],
      [
       578.43,
       509.35
      ],
      [
       579.02,
       509.97
      ],
      [
       579.55,
       510.61
      ],
      [
       580.6,
       511.88
      ],
      [
       581.06,
       512.46
      ],
      [
       581.57,
       513.14
      ],
      [
       582.46,
       514.41
      ],
      [
       583.11,
       515.42
      ],
      [
       583.26,
       515.66
      ],
      [
       584.01,
       516.93
      ],
      [
       584.65,
       518.2
      ],
      [
       585.15,
       519.44
      ],
      [
       585.17,
       519.46
      ],
      [
       585.65,
       520.72
      ],
      [
       586.02,
       521.99
      ],
      [
       586.29,
       523.25
      ],
      [
       586.48,
       524.52
      ],
      [
       586.57,
       525.78
      ],
      [
       586.59,
       527.04
      ],
      [
       586.55,
       528.31
      ],
      [
       586.43,
       529.57
      ],
      [
       586.25,
       530.84
      ],
      [
       586.01,
       532.1
      ],
      [
       585.7,
       533.37
      ],
      [
       585.33,
       534.63
      ],
      [
       585.15,
       535.13
      ],
      [
       584.93,
       535.9
      ],
      [
       584.5,
       537.16
      ],
      [
       584.0,
       538.42
      ],
      [
       583.44,
       539.68
      ],
      [
       583.11,
       540.33
      ],
      [
       582.84,
       540.95
      ],
      [
       582.23,
       542.21
      ],
      [
       581.53,
       543.48
      ],
      [
       581.06,
       544.23
      ],
      [
       580.78,
       544.75
      ],
      [
       580.03,
       546.01
      ],
      [
       579.17,
       547.27
      ],
      [
       579.02,
       547.48
      ],
      [
       578.32,
       548.54
      ],
      [
       577.38,
       549.8
      ],
      [
       576.97,
       550.31
      ],
      [
       576.41,
       551.06
      ],
      [
       575.38,
       552.33
      ],
      [
       574.92,
       552.84
      ],
      [
       574.3,
       553.59
      ],
      [
       573.14,
       554.86
      ],
      [
       572.88,
       555.12
      ],
      [
       571.95,
       556.12
      ],
      [
       570.83,
       557.2
      ],
      [
       570.64,
       557.38
      ],
      [
       569.31,
       558.64
      ],
      [
       568.78,
       559.11
      ],
      [
       567.88,
       559.91
      ],
      [
       566.74,
       560.86
      ],
      [
       566.36,
       561.18
      ],
      [
       564.72,
       562.44
      ],
      [
       564.69,
       562.46
      ],
      [
       563.0,
       563.71
      ],
      [
       562.64,
       563.96
      ],
      [
       561.15,
       564.97
      ],
      [
       560.6,
       565.34
      ],
      [
       559.15,
       566.24
      ],
      [
       558.55,
       566.61
      ],
      [
       557.0,
       567.5
      ],
      [
       556.51,
       567.78
      ],
      [
       554.68,
       568.76
      ],
      [
       554.46,
       568.88
      ],
      [
       552.41,
       569.91
      ],
      [
       552.18,
       570.02
      ],
      [
       550.38,
       570.92
      ],
      [
       549.54,
       571.29
      ],
      [
       548.32,
       571.89
      ],
      [
       546.84,
       572.55
      ],
      [
       546.27,
       572.84
      ],
      [
       544.23,
       573.8
      ],
      [
       544.19,
       573.82
      ],
      [
       542.18,
       574.84
      ],
      [
       541.7,
       575.09
      ],
      [
       540.14,
       575.98
      ],
      [
       539.48,
       576.35
      ],
      [
       538.09,
       577.25
      ],
      [
       537.54,
       577.61
      ],
      [
       536.05,
       578.73
      ],
      [
       535.86,
       578.87
      ],
      [
       534.39,
       580.14
      ],
      [
       534.0,
       580.51
      ],
      [
       533.08,
       581.4
      ],
      [
       531.96,
       582.64
      ],
      [
       531.93,
       582.67
      ],
      [
       530.87,
       583.93
      ],
      [
       529.93,
       585.2
      ],
      [
       529.91,
       585.22
      ],
      [
       529.03,
       586.46
      ],
      [
       528.21,
       587.72
      ],
      [
       527.87,
       588.31
      ],
      [
       527.44,
       588.98
      ],
      [
       526.71,
       590.25
      ],
      [
       526.04,
       591.52
      ],
      [
       525.82,
       591.96
      ],
      [
       525.39,
       592.78
      ],
      [
       524.76,
       594.05
      ],
      [
       523.76,
       596.16
      ],
      [
       523.58,
       596.57
      ],
      [
       523.0,
       597.83
      ],
      [
       521.87,
       600.36
      ],
      [
       521.73,
       600.68
      ],
      [
       521.28,
       601.63
      ],
      [
       520.7,
       602.89
      ],
      [
       520.11,
       604.16
      ],
      [
       519.68,
       605.04
      ],
      [
       519.49,
       605.43
      ],
      [
       518.85,
       606.69
      ],
      [
       518.18,
       607.95
      ],
      [
       517.64,
       608.93
      ],
      [
       517.47,
       609.21
      ],
      [
       516.73,
       610.48
      ],
      [
       515.95,
       611.74
      ],
      [
       515.59,
       612.3
      ],
      [
       515.12,
       613.01
      ],
      [
       514.24,
       614.27
      ],
      [
       513.54,
       615.2
      ],
      [
       513.29,
       615.54
      ],
      [
       512.26,
       616.8
      ],
      [
       511.5,
       617.7
      ],
      [
       511.17,
       618.06
      ],
      [
       509.98,
       619.32
      ],
      [
       509.45,
       619.87
      ],
      [
       508.68,
       620.59
      ],
      [
       507.4,
       621.74
      ],
      [
       507.26,
       621.86
      ],
      [
       505.64,
       623.12
      ],
      [
       505.36,
       623.34
      ],
      [
       503.76,
       624.39
      ],
      [
       503.31,
       624.67
      ],
      [
       501.48,
       625.65
      ],
      [
       501.26,
       625.77
      ],
      [
       499.22,
       626.6
      ],
      [
       498.04,
       626.91
      ],
      [
       497.17,
       627.15
      ],
      [
       495.13,
       627.39
      ],
      [
       493.08,
       627.26
      ],
      [
       491.9,
       626.91
      ],
      [
       491.03,
       626.61
      ],
      [
       489.6,
       625.65
      ],
      [
       488.99,
       625.1
      ],
      [
       488.41,
       624.39
      ],
      [
       487.68,
       623.12
      ],
      [
       487.18,
       621.86
      ],
      [
       486.94,
       620.85
      ],
      [
       486.89,
       620.59
      ],
      [
       486.75,
       619.32
      ],
      [
       486.73,
       618.06
      ],
      [
       486.82,
       616.8
      ],
      [
       486.94,
       615.92
      ],
      [
       486.99,
       615.54
      ],
      [
       487.26,
       614.27
      ],
      [
       487.61,
       613.01
      ],
      [
       488.02,
       611.74
      ],
      [
       488.5,
       610.48
      ],
      [
       488.99,
       609.37
      ],
      [
       489.05,
       609.21
      ],
      [
       489.66,
       607.95
      ],
      [
       490.33,
       606.69
      ],
      [
       491.03,
       605.46
      ],
      [
       491.06,
       605.43
      ],
      [
       491.84,
       604.16
      ],
      [
       492.66,
       602.89
      ],
      [
       493.08,
       602.28
      ],
      [
       493.53,
       601.63
      ],
      [
       494.44,
       600.36
      ],
      [
       495.13,
       599.44
      ],
      [
       495.38,
       599.1
      ],
      [
       496.36,
       597.83
      ],
      [
       497.17,
       596.81
      ],
      [
       497.36,
       596.57
      ],
      [
       498.39,
       595.31
      ],
      [
       499.22,
       594.27
      ],
      [
       499.41,
       594.05
      ],
      [
       500.45,
       592.78
      ],
      [
       501.26,
       591.77
      ],
      [
       501.48,
       591.52
      ],
      [
       502.51,
       590.25
      ],
      [
       503.31,
       589.24
      ],
      [
       503.52,
       588.98
      ],
      [
       504.52,
       587.72
      ],
      [
       505.36,
       586.62
      ],
      [
       505.49,
       586.46
      ],
      [
       506.45,
       585.2
      ],
      [
       507.36,
       583.93
      ],
      [
       507.4,
       583.87
      ],
      [
       508.28,
       582.67
      ],
      [
       509.15,
       581.4
      ],
      [
       509.45,
       580.95
      ],
      [
       510.01,
       580.14
      ],
      [
       510.84,
       578.87
      ],
      [
       511.5,
       577.82
      ],
      [
       511.64,
       577.61
      ],
      [
       512.43,
       576.35
      ],
      [
       513.18,
       575.09
      ],
      [
       513.54,
       574.46
      ],
      [
       513.92,
       573.82
      ],
      [
       514.63,
       572.55
      ],
      [
       515.32,
       571.29
      ],
      [
       515.59,
       570.77
      ],
      [
       515.98,
       570.02
      ],
      [
       516.61,
       568.76
      ],
      [
       517.2,
       567.5
      ],
      [
       517.64,
       566.54
      ],
      [
       517.77,
       566.24
      ],
      [
       518.3,
       564.97
      ],
      [
       518.8,
       563.71
      ],
      [
       519.27,
       562.44
      ],
      [
       519.68,
       561.34
      ],
      [
       519.73,
       561.18
      ],
      [
       520.14,
       559.91
      ],
      [
       520.54,
       558.64
      ],
      [
       520.93,
       557.38
      ],
      [
       521.31,
       556.12
      ],
      [
       521.69,
       554.86
      ],
      [
       521.73,
       554.73
      ],
      [
       522.03,
       553.59
      ],
      [
       522.36,
       552.33
      ],
      [
       522.71,
       551.06
      ],
      [
       523.08,
       549.8
      ],
      [
       523.46,
       548.54
      ],
      [
       523.76,
       547.56
      ],
      [
       523.85,
       547.27
      ],
      [
       524.22,
       546.01
      ],
      [
       524.61,
       544.75
      ],
      [
       525.04,
       543.48
      ],
      [
       525.51,
       542.21
      ],
      [
       525.82,
       541.45
      ],
      [
       526.0,
       540.95
      ],
      [
       526.47,
       539.68
      ],
      [
       527.0,
       538.42
      ],
      [
       527.59,
       537.16
      ],
      [
       527.87,
       536.63
      ],
      [
       528.19,
       535.9
      ],
      [
       528.82,
       534.63
      ],
      [
       529.53,
       533.37
      ],
      [
       529.91,
       532.73
      ],
      [
       530.26,
       532.1
      ],
      [
       531.01,
       530.84
      ],
      [
       531.89,
       529.57
      ],
      [
       531.96,
       529.49
      ],
      [
       532.75,
       528.31
      ],
      [
       533.72,
       527.04
      ],
      [
       534.0,
       526.69
      ],
      [
       534.71,
       525.78
      ],
      [
       535.8,
       524.52
      ],
      [
       536.05,
       524.25
      ],
      [
       536.94,
       523.25
      ],
      [
       538.09,
       522.08
      ],
      [
       538.19,
       521.99
      ],
      [
       539.47,
       520.72
      ],
      [
       540.14,
       520.1
      ],
      [
       540.85,
       519.46
      ],
      [
       542.18,
       518.32
      ],
      [
       542.33,
       518.2
      ],
      [
       543.87,
       516.93
      ],
      [
       544.23,
       516.64
      ],
      [
       545.49,
       515.66
      ],
      [
       546.27,
       515.07
      ],
      [
       547.21,
       514.41
      ],
      [
       548.32,
       513.58
      ],
      [
       548.98,
       513.14
      ],
      [
       550.38,
       512.17
      ],
      [
       550.83,
       511.88
      ],
      [
       552.41,
       510.8
      ],
      [
       552.73,
       510.61
      ],
      [
       554.46,
       509.45
      ],
      [
       554.65,
       509.35
      ],
      [
       556.51,
       508.13
      ],
      [
       556.59,
       508.08
      ],
      [
       558.55,
       506.82
      ],
      [
       558.55,
       506.82
      ],
      [
       560.53,
       505.55
      ],
      [
       560.6,
       505.5
      ],
      [
       562.58,
       504.29
      ],
      [
       562.64,
       504.24
      ],
      [
       564.69,
       503.11
      ],
      [
       564.95,
       503.03
      ],
      [
       566.74,
       502.28
      ]
     ]
    ]
   }
  },
  {
   "type": "Feature",
   "properties": {
    "code": "453",
    "h1": 4,
    "h2": 5,
    "h3": 3,
    "macro": "Engineering",
    "meso": "Robotics & Mechatronics",
    "micro": "Control Systems & Fuzzy Logic",
    "label_x": 342.7,
    "label_y": 662.47
   },
   "geometry": {
    "type": "Polygon",
    "coordinates": [
     [
      [
       330.14,
       640.64
      ],
      [
       331.88,
       640.11
      ],
      [
       333.62,
       639.74
      ],
      [
       335.36,
       639.5
      ],
      [
       337.1,
       639.41
      ],
      [
       338.84,
       639.44
      ],
      [
       340.58,
       639.6
      ],
      [
       342.31,
       639.87
      ],
      [
       344.05,
       640.27
      ],
      [
       345.66,
       640.75
      ],
      [
       345.78,
       640.79
      ],
      [
       347.52,
       641.38
      ],
      [
       349.26,
       642.12
      ],
      [
       350.04,
       642.51
      ],
      [
       351.0,
       642.96
      ],
      [
       352.74,
       643.94
      ],
      [
       353.26,
       644.26
      ],
      [
       354.48,
       645.02
      ],
      [
       355.88,
       646.02
      ],
      [
       356.22,
       646.27
      ],
      [
       357.95,
       647.68
      ],
      [
       358.05,
       647.78
      ],
      [
       359.68,
       649.32
      ],
      [
       359.89,
       649.53
      ],
      [
       361.42,
       651.29
      ],
      [
       362.72,
       653.05
      ],
      [
       363.16,
       653.79
      ],
      [
       363.77,
       654.8
      ],
      [
       364.61,
       656.55
      ],
      [
       364.9,
       657.38
      ],
      [
       365.25,
       658.31
      ],
      [
       365.73,
       660.06
      ],
      [
       366.03,
       661.82
      ],
      [
       366.16,
       663.58
      ],
      [
       366.12,
       665.33
      ],
      [
       365.93,
       667.09
      ],
      [
       365.56,
       668.85
      ],
      [
       364.98,
       670.61
      ],
      [
       364.9,
       670.8
      ],
      [
       364.25,
       672.36
      ],
      [
       363.24,
       674.11
      ],
      [
       363.16,
       674.23
      ],
      [
       361.99,
       675.87
      ],
      [
       361.42,
       676.52
      ],
      [
       360.38,
       677.63
      ],
      [
       359.68,
       678.27
      ],
      [
       358.31,
       679.38
      ],
      [
       357.95,
       679.64
      ],
      [
       356.22,
       680.77
      ],
      [
       355.54,
       681.14
      ],
      [
       354.48,
       681.7
      ],
      [
       352.74,
       682.43
      ],
      [
       351.35,
       682.89
      ],
      [
       351.0,
       683.02
      ],
      [
       349.26,
       683.48
      ],
      [
       347.52,
       683.81
      ],
      [
       345.78,
       684.02
      ],
      [
       344.05,
       684.1
      ],
      [
       342.31,
       684.07
      ],
      [
       340.58,
       683.92
      ],
      [
       338.84,
       683.65
      ],
      [
       337.1,
       683.23
      ],
      [
       336.05,
       682.89
      ],
      [
       335.36,
       682.68
      ],
      [
       333.62,
       682.0
      ],
      [
       331.94,
       681.14
      ],
      [
       331.88,
       681.11
      ],
      [
       330.14,
       680.07
      ],
      [
       329.2,
       679.38
      ],
      [
       328.41,
       678.78
      ],
      [
       327.11,
       677.63
      ],
      [
       326.67,
       677.2
      ],
      [
       325.43,
       675.87
      ],
      [
       324.94,
       675.27
      ],
      [
       324.03,
       674.11
      ],
      [
       323.2,
       672.85
      ],
      [
       322.88,
       672.36
      ],
      [
       321.89,
       670.61
      ],
      [
       321.46,
       669.65
      ],
      [
       321.07,
       668.85
      ],
      [
       320.37,
       667.09
      ],
      [
       319.81,
       665.33
      ],
      [
       319.72,
       665.01
      ],
      [
       319.3,
       663.58
      ],
      [
       318.91,
       661.82
      ],
      [
       318.62,
       660.06
      ],
      [
       318.43,
       658.31
      ],
      [
       318.35,
       656.55
      ],
      [
       318.39,
       654.8
      ],
      [
       318.58,
       653.05
      ],
      [
       318.98,
       651.29
      ],
      [
       319.64,
       649.53
      ],
      [
       319.72,
       649.37
      ],
      [
       320.55,
       647.78
      ],
      [
       321.46,
       646.54
      ],
      [
       321.87,
       646.02
      ],
      [
       323.2,
       644.69
      ],
      [
       323.66,
       644.26
      ],
      [
       324.94,
       643.29
      ],
      [
       326.13,
       642.51
      ],
      [
       326.67,
       642.19
      ],
      [
       328.41,
       641.31
      ],
      [
       329.85,
       640.75
      ],
      [
       330.14,
       640.64
      ]
     ]
    ]
   }
  }
 ]
}
